ERROR - 2025-09-04 14:18:38 --> mysqli_sql_exception: Unknown column 'booking_id' in 'field list' in C:\xampp\htdocs\Bus-Reservation-System\vendor\codeigniter4\framework\system\Database\MySQLi\Connection.php:327
Stack trace:
#0 C:\xampp\htdocs\Bus-Reservation-System\vendor\codeigniter4\framework\system\Database\MySQLi\Connection.php(327): mysqli->query('INSERT INTO `pa...', 0)
#1 C:\xampp\htdocs\Bus-Reservation-System\vendor\codeigniter4\framework\system\Database\BaseConnection.php(738): CodeIgniter\Database\MySQLi\Connection->execute('INSERT INTO `pa...')
#2 C:\xampp\htdocs\Bus-Reservation-System\vendor\codeigniter4\framework\system\Database\BaseConnection.php(652): CodeIgniter\Database\BaseConnection->simpleQuery('INSERT INTO `pa...')
#3 C:\xampp\htdocs\Bus-Reservation-System\vendor\codeigniter4\framework\system\Database\BaseBuilder.php(2345): CodeIgniter\Database\BaseConnection->query('INSERT INTO `pa...', Array, false)
#4 C:\xampp\htdocs\Bus-Reservation-System\vendor\codeigniter4\framework\system\Model.php(394): CodeIgniter\Database\BaseBuilder->insert()
#5 C:\xampp\htdocs\Bus-Reservation-System\vendor\codeigniter4\framework\system\BaseModel.php(839): CodeIgniter\Model->doInsert(Array)
#6 C:\xampp\htdocs\Bus-Reservation-System\vendor\codeigniter4\framework\system\Model.php(800): CodeIgniter\BaseModel->insert(Array, true)
#7 C:\xampp\htdocs\Bus-Reservation-System\app\Controllers\Booking.php(121): CodeIgniter\Model->insert(Array)
#8 C:\xampp\htdocs\Bus-Reservation-System\vendor\codeigniter4\framework\system\CodeIgniter.php(933): App\Controllers\Booking->submitBooking()
#9 C:\xampp\htdocs\Bus-Reservation-System\vendor\codeigniter4\framework\system\CodeIgniter.php(507): CodeIgniter\CodeIgniter->runController(Object(App\Controllers\Booking))
#10 C:\xampp\htdocs\Bus-Reservation-System\vendor\codeigniter4\framework\system\CodeIgniter.php(354): CodeIgniter\CodeIgniter->handleRequest(NULL, Object(Config\Cache), false)
#11 C:\xampp\htdocs\Bus-Reservation-System\system\Boot.php(334): CodeIgniter\CodeIgniter->run()
#12 C:\xampp\htdocs\Bus-Reservation-System\system\Boot.php(67): CodeIgniter\Boot::runCodeIgniter(Object(CodeIgniter\CodeIgniter))
#13 C:\xampp\htdocs\Bus-Reservation-System\index.php(56): CodeIgniter\Boot::bootWeb(Object(Config\Paths))
#14 {main}
CRITICAL - 2025-09-04 14:18:38 --> CodeIgniter\Database\Exceptions\DatabaseException: Unknown column 'booking_id' in 'field list'
[Method: POST, Route: booking/submitBooking]
in FCPATH\vendor\codeigniter4\framework\system\Database\BaseConnection.php on line 692.
 1 FCPATH\vendor\codeigniter4\framework\system\Database\BaseBuilder.php(2345): CodeIgniter\Database\BaseConnection->query('INSERT INTO `passengers_tb` (`booking_id`, `passengers_name`, `age`, `gender`, `created_at`, `bookings_tb_id`) VALUES (:booking_id:, :passengers_name:, :age:, :gender:, :created_at:, :bookings_tb_id:)', [...], false)
 2 FCPATH\vendor\codeigniter4\framework\system\Model.php(394): CodeIgniter\Database\BaseBuilder->insert()
 3 FCPATH\vendor\codeigniter4\framework\system\BaseModel.php(839): CodeIgniter\Model->doInsert([...])
 4 FCPATH\vendor\codeigniter4\framework\system\Model.php(800): CodeIgniter\BaseModel->insert([...], true)
 5 APPPATH\Controllers\Booking.php(121): CodeIgniter\Model->insert([...])
 6 FCPATH\vendor\codeigniter4\framework\system\CodeIgniter.php(933): App\Controllers\Booking->submitBooking()
 7 FCPATH\vendor\codeigniter4\framework\system\CodeIgniter.php(507): CodeIgniter\CodeIgniter->runController(Object(App\Controllers\Booking))
 8 FCPATH\vendor\codeigniter4\framework\system\CodeIgniter.php(354): CodeIgniter\CodeIgniter->handleRequest(null, Object(Config\Cache), false)
 9 SYSTEMPATH\Boot.php(334): CodeIgniter\CodeIgniter->run()
10 SYSTEMPATH\Boot.php(67): CodeIgniter\Boot::runCodeIgniter(Object(CodeIgniter\CodeIgniter))
11 FCPATH\index.php(56): CodeIgniter\Boot::bootWeb(Object(Config\Paths))
CRITICAL - 2025-09-04 14:18:38 --> [Caused by] CodeIgniter\Database\Exceptions\DatabaseException: Unknown column 'booking_id' in 'field list'
in FCPATH\vendor\codeigniter4\framework\system\Database\MySQLi\Connection.php on line 332.
 1 FCPATH\vendor\codeigniter4\framework\system\Database\BaseConnection.php(738): CodeIgniter\Database\MySQLi\Connection->execute('INSERT INTO `passengers_tb` (`booking_id`, `passengers_name`, `age`, `gender`, `created_at`, `bookings_tb_id`) VALUES (\'EGT-20250904-7145\', \'Nimer\', \'34\', \'Female\', \'2025-09-04 14:18:38\', 1)')
 2 FCPATH\vendor\codeigniter4\framework\system\Database\BaseConnection.php(652): CodeIgniter\Database\BaseConnection->simpleQuery('INSERT INTO `passengers_tb` (`booking_id`, `passengers_name`, `age`, `gender`, `created_at`, `bookings_tb_id`) VALUES (\'EGT-20250904-7145\', \'Nimer\', \'34\', \'Female\', \'2025-09-04 14:18:38\', 1)')
 3 FCPATH\vendor\codeigniter4\framework\system\Database\BaseBuilder.php(2345): CodeIgniter\Database\BaseConnection->query('INSERT INTO `passengers_tb` (`booking_id`, `passengers_name`, `age`, `gender`, `created_at`, `bookings_tb_id`) VALUES (:booking_id:, :passengers_name:, :age:, :gender:, :created_at:, :bookings_tb_id:)', [...], false)
 4 FCPATH\vendor\codeigniter4\framework\system\Model.php(394): CodeIgniter\Database\BaseBuilder->insert()
 5 FCPATH\vendor\codeigniter4\framework\system\BaseModel.php(839): CodeIgniter\Model->doInsert([...])
 6 FCPATH\vendor\codeigniter4\framework\system\Model.php(800): CodeIgniter\BaseModel->insert([...], true)
 7 APPPATH\Controllers\Booking.php(121): CodeIgniter\Model->insert([...])
 8 FCPATH\vendor\codeigniter4\framework\system\CodeIgniter.php(933): App\Controllers\Booking->submitBooking()
 9 FCPATH\vendor\codeigniter4\framework\system\CodeIgniter.php(507): CodeIgniter\CodeIgniter->runController(Object(App\Controllers\Booking))
10 FCPATH\vendor\codeigniter4\framework\system\CodeIgniter.php(354): CodeIgniter\CodeIgniter->handleRequest(null, Object(Config\Cache), false)
11 SYSTEMPATH\Boot.php(334): CodeIgniter\CodeIgniter->run()
12 SYSTEMPATH\Boot.php(67): CodeIgniter\Boot::runCodeIgniter(Object(CodeIgniter\CodeIgniter))
13 FCPATH\index.php(56): CodeIgniter\Boot::bootWeb(Object(Config\Paths))
CRITICAL - 2025-09-04 14:18:38 --> [Caused by] mysqli_sql_exception: Unknown column 'booking_id' in 'field list'
in FCPATH\vendor\codeigniter4\framework\system\Database\MySQLi\Connection.php on line 327.
 1 FCPATH\vendor\codeigniter4\framework\system\Database\MySQLi\Connection.php(327): mysqli->query('INSERT INTO `passengers_tb` (`booking_id`, `passengers_name`, `age`, `gender`, `created_at`, `bookings_tb_id`) VALUES (\'EGT-20250904-7145\', \'Nimer\', \'34\', \'Female\', \'2025-09-04 14:18:38\', 1)', 0)
 2 FCPATH\vendor\codeigniter4\framework\system\Database\BaseConnection.php(738): CodeIgniter\Database\MySQLi\Connection->execute('INSERT INTO `passengers_tb` (`booking_id`, `passengers_name`, `age`, `gender`, `created_at`, `bookings_tb_id`) VALUES (\'EGT-20250904-7145\', \'Nimer\', \'34\', \'Female\', \'2025-09-04 14:18:38\', 1)')
 3 FCPATH\vendor\codeigniter4\framework\system\Database\BaseConnection.php(652): CodeIgniter\Database\BaseConnection->simpleQuery('INSERT INTO `passengers_tb` (`booking_id`, `passengers_name`, `age`, `gender`, `created_at`, `bookings_tb_id`) VALUES (\'EGT-20250904-7145\', \'Nimer\', \'34\', \'Female\', \'2025-09-04 14:18:38\', 1)')
 4 FCPATH\vendor\codeigniter4\framework\system\Database\BaseBuilder.php(2345): CodeIgniter\Database\BaseConnection->query('INSERT INTO `passengers_tb` (`booking_id`, `passengers_name`, `age`, `gender`, `created_at`, `bookings_tb_id`) VALUES (:booking_id:, :passengers_name:, :age:, :gender:, :created_at:, :bookings_tb_id:)', [...], false)
 5 FCPATH\vendor\codeigniter4\framework\system\Model.php(394): CodeIgniter\Database\BaseBuilder->insert()
 6 FCPATH\vendor\codeigniter4\framework\system\BaseModel.php(839): CodeIgniter\Model->doInsert([...])
 7 FCPATH\vendor\codeigniter4\framework\system\Model.php(800): CodeIgniter\BaseModel->insert([...], true)
 8 APPPATH\Controllers\Booking.php(121): CodeIgniter\Model->insert([...])
 9 FCPATH\vendor\codeigniter4\framework\system\CodeIgniter.php(933): App\Controllers\Booking->submitBooking()
10 FCPATH\vendor\codeigniter4\framework\system\CodeIgniter.php(507): CodeIgniter\CodeIgniter->runController(Object(App\Controllers\Booking))
11 FCPATH\vendor\codeigniter4\framework\system\CodeIgniter.php(354): CodeIgniter\CodeIgniter->handleRequest(null, Object(Config\Cache), false)
12 SYSTEMPATH\Boot.php(334): CodeIgniter\CodeIgniter->run()
13 SYSTEMPATH\Boot.php(67): CodeIgniter\Boot::runCodeIgniter(Object(CodeIgniter\CodeIgniter))
14 FCPATH\index.php(56): CodeIgniter\Boot::bootWeb(Object(Config\Paths))
CRITICAL - 2025-09-04 16:18:06 --> Error: Call to undefined function getTotalBookingsToday()
[Method: GET, Route: admin/dashboard]
in APPPATH\Views\admin\dashboard.php on line 30.
 1 FCPATH\vendor\codeigniter4\framework\system\View\View.php(224): include()
 2 FCPATH\vendor\codeigniter4\framework\system\View\View.php(227): CodeIgniter\View\View->CodeIgniter\View\{closure}()
 3 SYSTEMPATH\Common.php(1173): CodeIgniter\View\View->render('admin/dashboard', [], true)
 4 APPPATH\Controllers\Admin.php(24): view('admin/dashboard')
 5 FCPATH\vendor\codeigniter4\framework\system\CodeIgniter.php(933): App\Controllers\Admin->index()
 6 FCPATH\vendor\codeigniter4\framework\system\CodeIgniter.php(507): CodeIgniter\CodeIgniter->runController(Object(App\Controllers\Admin))
 7 FCPATH\vendor\codeigniter4\framework\system\CodeIgniter.php(354): CodeIgniter\CodeIgniter->handleRequest(null, Object(Config\Cache), false)
 8 SYSTEMPATH\Boot.php(334): CodeIgniter\CodeIgniter->run()
 9 SYSTEMPATH\Boot.php(67): CodeIgniter\Boot::runCodeIgniter(Object(CodeIgniter\CodeIgniter))
10 FCPATH\index.php(56): CodeIgniter\Boot::bootWeb(Object(Config\Paths))
CRITICAL - 2025-09-04 16:18:50 --> CodeIgniter\Exceptions\BadMethodCallException: Call to undefined method App\Models\Bookings_Model::count
[Method: GET, Route: admin/dashboard]
in FCPATH\vendor\codeigniter4\framework\system\Model.php on line 930.
 1 SYSTEMPATH\Helpers\dashboard_helper.php(17): CodeIgniter\Model->__call('count', [])
 2 APPPATH\Views\admin\dashboard.php(30): getTotalBookingsToday()
 3 FCPATH\vendor\codeigniter4\framework\system\View\View.php(224): include('C:\\xampp\\htdocs\\Bus-Reservation-System\\app\\Views\\admin\\dashboard.php')
 4 FCPATH\vendor\codeigniter4\framework\system\View\View.php(227): CodeIgniter\View\View->CodeIgniter\View\{closure}()
 5 SYSTEMPATH\Common.php(1173): CodeIgniter\View\View->render('admin/dashboard', [], true)
 6 APPPATH\Controllers\Admin.php(24): view('admin/dashboard')
 7 FCPATH\vendor\codeigniter4\framework\system\CodeIgniter.php(933): App\Controllers\Admin->index()
 8 FCPATH\vendor\codeigniter4\framework\system\CodeIgniter.php(507): CodeIgniter\CodeIgniter->runController(Object(App\Controllers\Admin))
 9 FCPATH\vendor\codeigniter4\framework\system\CodeIgniter.php(354): CodeIgniter\CodeIgniter->handleRequest(null, Object(Config\Cache), false)
10 SYSTEMPATH\Boot.php(334): CodeIgniter\CodeIgniter->run()
11 SYSTEMPATH\Boot.php(67): CodeIgniter\Boot::runCodeIgniter(Object(CodeIgniter\CodeIgniter))
12 FCPATH\index.php(56): CodeIgniter\Boot::bootWeb(Object(Config\Paths))
CRITICAL - 2025-09-04 16:18:54 --> CodeIgniter\Exceptions\BadMethodCallException: Call to undefined method App\Models\Bookings_Model::count
[Method: GET, Route: admin/dashboard]
in FCPATH\vendor\codeigniter4\framework\system\Model.php on line 930.
 1 SYSTEMPATH\Helpers\dashboard_helper.php(17): CodeIgniter\Model->__call('count', [])
 2 APPPATH\Views\admin\dashboard.php(30): getTotalBookingsToday()
 3 FCPATH\vendor\codeigniter4\framework\system\View\View.php(224): include('C:\\xampp\\htdocs\\Bus-Reservation-System\\app\\Views\\admin\\dashboard.php')
 4 FCPATH\vendor\codeigniter4\framework\system\View\View.php(227): CodeIgniter\View\View->CodeIgniter\View\{closure}()
 5 SYSTEMPATH\Common.php(1173): CodeIgniter\View\View->render('admin/dashboard', [], true)
 6 APPPATH\Controllers\Admin.php(24): view('admin/dashboard')
 7 FCPATH\vendor\codeigniter4\framework\system\CodeIgniter.php(933): App\Controllers\Admin->index()
 8 FCPATH\vendor\codeigniter4\framework\system\CodeIgniter.php(507): CodeIgniter\CodeIgniter->runController(Object(App\Controllers\Admin))
 9 FCPATH\vendor\codeigniter4\framework\system\CodeIgniter.php(354): CodeIgniter\CodeIgniter->handleRequest(null, Object(Config\Cache), false)
10 SYSTEMPATH\Boot.php(334): CodeIgniter\CodeIgniter->run()
11 SYSTEMPATH\Boot.php(67): CodeIgniter\Boot::runCodeIgniter(Object(CodeIgniter\CodeIgniter))
12 FCPATH\index.php(56): CodeIgniter\Boot::bootWeb(Object(Config\Paths))
ERROR - 2025-09-04 16:25:04 --> mysqli_sql_exception: Unknown column 'bookings_tb.date' in 'where clause' in C:\xampp\htdocs\Bus-Reservation-System\vendor\codeigniter4\framework\system\Database\MySQLi\Connection.php:327
Stack trace:
#0 C:\xampp\htdocs\Bus-Reservation-System\vendor\codeigniter4\framework\system\Database\MySQLi\Connection.php(327): mysqli->query('SELECT COUNT(*)...', 0)
#1 C:\xampp\htdocs\Bus-Reservation-System\vendor\codeigniter4\framework\system\Database\BaseConnection.php(738): CodeIgniter\Database\MySQLi\Connection->execute('SELECT COUNT(*)...')
#2 C:\xampp\htdocs\Bus-Reservation-System\vendor\codeigniter4\framework\system\Database\BaseConnection.php(652): CodeIgniter\Database\BaseConnection->simpleQuery('SELECT COUNT(*)...')
#3 C:\xampp\htdocs\Bus-Reservation-System\vendor\codeigniter4\framework\system\Database\BaseBuilder.php(1733): CodeIgniter\Database\BaseConnection->query('SELECT COUNT(*)...', Array, false)
#4 C:\xampp\htdocs\Bus-Reservation-System\vendor\codeigniter4\framework\system\Model.php(676): CodeIgniter\Database\BaseBuilder->countAllResults(true)
#5 C:\xampp\htdocs\Bus-Reservation-System\system\Helpers\dashboard_helper.php(18): CodeIgniter\Model->countAllResults()
#6 C:\xampp\htdocs\Bus-Reservation-System\app\Views\admin\dashboard.php(30): getTotalBookingsToday()
#7 C:\xampp\htdocs\Bus-Reservation-System\vendor\codeigniter4\framework\system\View\View.php(224): include('C:\\xampp\\htdocs...')
#8 C:\xampp\htdocs\Bus-Reservation-System\vendor\codeigniter4\framework\system\View\View.php(227): CodeIgniter\View\View->CodeIgniter\View\{closure}()
#9 C:\xampp\htdocs\Bus-Reservation-System\system\Common.php(1173): CodeIgniter\View\View->render('admin/dashboard', Array, true)
#10 C:\xampp\htdocs\Bus-Reservation-System\app\Controllers\Admin.php(24): view('admin/dashboard')
#11 C:\xampp\htdocs\Bus-Reservation-System\vendor\codeigniter4\framework\system\CodeIgniter.php(933): App\Controllers\Admin->index()
#12 C:\xampp\htdocs\Bus-Reservation-System\vendor\codeigniter4\framework\system\CodeIgniter.php(507): CodeIgniter\CodeIgniter->runController(Object(App\Controllers\Admin))
#13 C:\xampp\htdocs\Bus-Reservation-System\vendor\codeigniter4\framework\system\CodeIgniter.php(354): CodeIgniter\CodeIgniter->handleRequest(NULL, Object(Config\Cache), false)
#14 C:\xampp\htdocs\Bus-Reservation-System\system\Boot.php(334): CodeIgniter\CodeIgniter->run()
#15 C:\xampp\htdocs\Bus-Reservation-System\system\Boot.php(67): CodeIgniter\Boot::runCodeIgniter(Object(CodeIgniter\CodeIgniter))
#16 C:\xampp\htdocs\Bus-Reservation-System\index.php(56): CodeIgniter\Boot::bootWeb(Object(Config\Paths))
#17 {main}
CRITICAL - 2025-09-04 16:25:04 --> CodeIgniter\Database\Exceptions\DatabaseException: Unknown column 'bookings_tb.date' in 'where clause'
[Method: GET, Route: admin/dashboard]
in FCPATH\vendor\codeigniter4\framework\system\Database\BaseConnection.php on line 692.
 1 FCPATH\vendor\codeigniter4\framework\system\Database\BaseBuilder.php(1733): CodeIgniter\Database\BaseConnection->query('SELECT COUNT(*) AS `numrows`
FROM `bookings_tb`
JOIN `bus_routes_tb` ON `bus_routes_tb`.`bus_routes_tb_id` = `bookings_tb`.`bus_routes_tb_id`
JOIN `bus_trav_sched_tb` ON `bus_trav_sched_tb`.`bus_trav_sched_tb_id` = `bus_routes_tb`.`bus_trav_sched_tb_id`
JOIN `routes_tb` ON `routes_tb`.`routes_tb_id` = `bus_routes_tb`.`routes_tb_id`
JOIN `buses_tb` ON `buses_tb`.`buses_tb_id` = `bus_trav_sched_tb`.`buses_tb_id`
JOIN `users` ON `users`.`users_id` = `bookings_tb`.`users_id`
WHERE DATE(bookings_tb.date) = :DATE(bookings_tb.date):', [...], false)
 2 FCPATH\vendor\codeigniter4\framework\system\Model.php(676): CodeIgniter\Database\BaseBuilder->countAllResults(true)
 3 SYSTEMPATH\Helpers\dashboard_helper.php(18): CodeIgniter\Model->countAllResults()
 4 APPPATH\Views\admin\dashboard.php(30): getTotalBookingsToday()
 5 FCPATH\vendor\codeigniter4\framework\system\View\View.php(224): include('C:\\xampp\\htdocs\\Bus-Reservation-System\\app\\Views\\admin\\dashboard.php')
 6 FCPATH\vendor\codeigniter4\framework\system\View\View.php(227): CodeIgniter\View\View->CodeIgniter\View\{closure}()
 7 SYSTEMPATH\Common.php(1173): CodeIgniter\View\View->render('admin/dashboard', [], true)
 8 APPPATH\Controllers\Admin.php(24): view('admin/dashboard')
 9 FCPATH\vendor\codeigniter4\framework\system\CodeIgniter.php(933): App\Controllers\Admin->index()
10 FCPATH\vendor\codeigniter4\framework\system\CodeIgniter.php(507): CodeIgniter\CodeIgniter->runController(Object(App\Controllers\Admin))
11 FCPATH\vendor\codeigniter4\framework\system\CodeIgniter.php(354): CodeIgniter\CodeIgniter->handleRequest(null, Object(Config\Cache), false)
12 SYSTEMPATH\Boot.php(334): CodeIgniter\CodeIgniter->run()
13 SYSTEMPATH\Boot.php(67): CodeIgniter\Boot::runCodeIgniter(Object(CodeIgniter\CodeIgniter))
14 FCPATH\index.php(56): CodeIgniter\Boot::bootWeb(Object(Config\Paths))
CRITICAL - 2025-09-04 16:25:04 --> [Caused by] CodeIgniter\Database\Exceptions\DatabaseException: Unknown column 'bookings_tb.date' in 'where clause'
in FCPATH\vendor\codeigniter4\framework\system\Database\MySQLi\Connection.php on line 332.
 1 FCPATH\vendor\codeigniter4\framework\system\Database\BaseConnection.php(738): CodeIgniter\Database\MySQLi\Connection->execute('SELECT COUNT(*) AS `numrows`
FROM `bookings_tb`
JOIN `bus_routes_tb` ON `bus_routes_tb`.`bus_routes_tb_id` = `bookings_tb`.`bus_routes_tb_id`
JOIN `bus_trav_sched_tb` ON `bus_trav_sched_tb`.`bus_trav_sched_tb_id` = `bus_routes_tb`.`bus_trav_sched_tb_id`
JOIN `routes_tb` ON `routes_tb`.`routes_tb_id` = `bus_routes_tb`.`routes_tb_id`
JOIN `buses_tb` ON `buses_tb`.`buses_tb_id` = `bus_trav_sched_tb`.`buses_tb_id`
JOIN `users` ON `users`.`users_id` = `bookings_tb`.`users_id`
WHERE DATE(bookings_tb.date) = \'2025-09-04\'')
 2 FCPATH\vendor\codeigniter4\framework\system\Database\BaseConnection.php(652): CodeIgniter\Database\BaseConnection->simpleQuery('SELECT COUNT(*) AS `numrows`
FROM `bookings_tb`
JOIN `bus_routes_tb` ON `bus_routes_tb`.`bus_routes_tb_id` = `bookings_tb`.`bus_routes_tb_id`
JOIN `bus_trav_sched_tb` ON `bus_trav_sched_tb`.`bus_trav_sched_tb_id` = `bus_routes_tb`.`bus_trav_sched_tb_id`
JOIN `routes_tb` ON `routes_tb`.`routes_tb_id` = `bus_routes_tb`.`routes_tb_id`
JOIN `buses_tb` ON `buses_tb`.`buses_tb_id` = `bus_trav_sched_tb`.`buses_tb_id`
JOIN `users` ON `users`.`users_id` = `bookings_tb`.`users_id`
WHERE DATE(bookings_tb.date) = \'2025-09-04\'')
 3 FCPATH\vendor\codeigniter4\framework\system\Database\BaseBuilder.php(1733): CodeIgniter\Database\BaseConnection->query('SELECT COUNT(*) AS `numrows`
FROM `bookings_tb`
JOIN `bus_routes_tb` ON `bus_routes_tb`.`bus_routes_tb_id` = `bookings_tb`.`bus_routes_tb_id`
JOIN `bus_trav_sched_tb` ON `bus_trav_sched_tb`.`bus_trav_sched_tb_id` = `bus_routes_tb`.`bus_trav_sched_tb_id`
JOIN `routes_tb` ON `routes_tb`.`routes_tb_id` = `bus_routes_tb`.`routes_tb_id`
JOIN `buses_tb` ON `buses_tb`.`buses_tb_id` = `bus_trav_sched_tb`.`buses_tb_id`
JOIN `users` ON `users`.`users_id` = `bookings_tb`.`users_id`
WHERE DATE(bookings_tb.date) = :DATE(bookings_tb.date):', [...], false)
 4 FCPATH\vendor\codeigniter4\framework\system\Model.php(676): CodeIgniter\Database\BaseBuilder->countAllResults(true)
 5 SYSTEMPATH\Helpers\dashboard_helper.php(18): CodeIgniter\Model->countAllResults()
 6 APPPATH\Views\admin\dashboard.php(30): getTotalBookingsToday()
 7 FCPATH\vendor\codeigniter4\framework\system\View\View.php(224): include('C:\\xampp\\htdocs\\Bus-Reservation-System\\app\\Views\\admin\\dashboard.php')
 8 FCPATH\vendor\codeigniter4\framework\system\View\View.php(227): CodeIgniter\View\View->CodeIgniter\View\{closure}()
 9 SYSTEMPATH\Common.php(1173): CodeIgniter\View\View->render('admin/dashboard', [], true)
10 APPPATH\Controllers\Admin.php(24): view('admin/dashboard')
11 FCPATH\vendor\codeigniter4\framework\system\CodeIgniter.php(933): App\Controllers\Admin->index()
12 FCPATH\vendor\codeigniter4\framework\system\CodeIgniter.php(507): CodeIgniter\CodeIgniter->runController(Object(App\Controllers\Admin))
13 FCPATH\vendor\codeigniter4\framework\system\CodeIgniter.php(354): CodeIgniter\CodeIgniter->handleRequest(null, Object(Config\Cache), false)
14 SYSTEMPATH\Boot.php(334): CodeIgniter\CodeIgniter->run()
15 SYSTEMPATH\Boot.php(67): CodeIgniter\Boot::runCodeIgniter(Object(CodeIgniter\CodeIgniter))
16 FCPATH\index.php(56): CodeIgniter\Boot::bootWeb(Object(Config\Paths))
CRITICAL - 2025-09-04 16:25:04 --> [Caused by] mysqli_sql_exception: Unknown column 'bookings_tb.date' in 'where clause'
in FCPATH\vendor\codeigniter4\framework\system\Database\MySQLi\Connection.php on line 327.
 1 FCPATH\vendor\codeigniter4\framework\system\Database\MySQLi\Connection.php(327): mysqli->query('SELECT COUNT(*) AS `numrows`
FROM `bookings_tb`
JOIN `bus_routes_tb` ON `bus_routes_tb`.`bus_routes_tb_id` = `bookings_tb`.`bus_routes_tb_id`
JOIN `bus_trav_sched_tb` ON `bus_trav_sched_tb`.`bus_trav_sched_tb_id` = `bus_routes_tb`.`bus_trav_sched_tb_id`
JOIN `routes_tb` ON `routes_tb`.`routes_tb_id` = `bus_routes_tb`.`routes_tb_id`
JOIN `buses_tb` ON `buses_tb`.`buses_tb_id` = `bus_trav_sched_tb`.`buses_tb_id`
JOIN `users` ON `users`.`users_id` = `bookings_tb`.`users_id`
WHERE DATE(bookings_tb.date) = \'2025-09-04\'', 0)
 2 FCPATH\vendor\codeigniter4\framework\system\Database\BaseConnection.php(738): CodeIgniter\Database\MySQLi\Connection->execute('SELECT COUNT(*) AS `numrows`
FROM `bookings_tb`
JOIN `bus_routes_tb` ON `bus_routes_tb`.`bus_routes_tb_id` = `bookings_tb`.`bus_routes_tb_id`
JOIN `bus_trav_sched_tb` ON `bus_trav_sched_tb`.`bus_trav_sched_tb_id` = `bus_routes_tb`.`bus_trav_sched_tb_id`
JOIN `routes_tb` ON `routes_tb`.`routes_tb_id` = `bus_routes_tb`.`routes_tb_id`
JOIN `buses_tb` ON `buses_tb`.`buses_tb_id` = `bus_trav_sched_tb`.`buses_tb_id`
JOIN `users` ON `users`.`users_id` = `bookings_tb`.`users_id`
WHERE DATE(bookings_tb.date) = \'2025-09-04\'')
 3 FCPATH\vendor\codeigniter4\framework\system\Database\BaseConnection.php(652): CodeIgniter\Database\BaseConnection->simpleQuery('SELECT COUNT(*) AS `numrows`
FROM `bookings_tb`
JOIN `bus_routes_tb` ON `bus_routes_tb`.`bus_routes_tb_id` = `bookings_tb`.`bus_routes_tb_id`
JOIN `bus_trav_sched_tb` ON `bus_trav_sched_tb`.`bus_trav_sched_tb_id` = `bus_routes_tb`.`bus_trav_sched_tb_id`
JOIN `routes_tb` ON `routes_tb`.`routes_tb_id` = `bus_routes_tb`.`routes_tb_id`
JOIN `buses_tb` ON `buses_tb`.`buses_tb_id` = `bus_trav_sched_tb`.`buses_tb_id`
JOIN `users` ON `users`.`users_id` = `bookings_tb`.`users_id`
WHERE DATE(bookings_tb.date) = \'2025-09-04\'')
 4 FCPATH\vendor\codeigniter4\framework\system\Database\BaseBuilder.php(1733): CodeIgniter\Database\BaseConnection->query('SELECT COUNT(*) AS `numrows`
FROM `bookings_tb`
JOIN `bus_routes_tb` ON `bus_routes_tb`.`bus_routes_tb_id` = `bookings_tb`.`bus_routes_tb_id`
JOIN `bus_trav_sched_tb` ON `bus_trav_sched_tb`.`bus_trav_sched_tb_id` = `bus_routes_tb`.`bus_trav_sched_tb_id`
JOIN `routes_tb` ON `routes_tb`.`routes_tb_id` = `bus_routes_tb`.`routes_tb_id`
JOIN `buses_tb` ON `buses_tb`.`buses_tb_id` = `bus_trav_sched_tb`.`buses_tb_id`
JOIN `users` ON `users`.`users_id` = `bookings_tb`.`users_id`
WHERE DATE(bookings_tb.date) = :DATE(bookings_tb.date):', [...], false)
 5 FCPATH\vendor\codeigniter4\framework\system\Model.php(676): CodeIgniter\Database\BaseBuilder->countAllResults(true)
 6 SYSTEMPATH\Helpers\dashboard_helper.php(18): CodeIgniter\Model->countAllResults()
 7 APPPATH\Views\admin\dashboard.php(30): getTotalBookingsToday()
 8 FCPATH\vendor\codeigniter4\framework\system\View\View.php(224): include('C:\\xampp\\htdocs\\Bus-Reservation-System\\app\\Views\\admin\\dashboard.php')
 9 FCPATH\vendor\codeigniter4\framework\system\View\View.php(227): CodeIgniter\View\View->CodeIgniter\View\{closure}()
10 SYSTEMPATH\Common.php(1173): CodeIgniter\View\View->render('admin/dashboard', [], true)
11 APPPATH\Controllers\Admin.php(24): view('admin/dashboard')
12 FCPATH\vendor\codeigniter4\framework\system\CodeIgniter.php(933): App\Controllers\Admin->index()
13 FCPATH\vendor\codeigniter4\framework\system\CodeIgniter.php(507): CodeIgniter\CodeIgniter->runController(Object(App\Controllers\Admin))
14 FCPATH\vendor\codeigniter4\framework\system\CodeIgniter.php(354): CodeIgniter\CodeIgniter->handleRequest(null, Object(Config\Cache), false)
15 SYSTEMPATH\Boot.php(334): CodeIgniter\CodeIgniter->run()
16 SYSTEMPATH\Boot.php(67): CodeIgniter\Boot::runCodeIgniter(Object(CodeIgniter\CodeIgniter))
17 FCPATH\index.php(56): CodeIgniter\Boot::bootWeb(Object(Config\Paths))
ERROR - 2025-09-04 16:30:45 --> mysqli_sql_exception: Unknown column 'routes_tb.route_name' in 'field list' in C:\xampp\htdocs\Bus-Reservation-System\vendor\codeigniter4\framework\system\Database\MySQLi\Connection.php:327
Stack trace:
#0 C:\xampp\htdocs\Bus-Reservation-System\vendor\codeigniter4\framework\system\Database\MySQLi\Connection.php(327): mysqli->query('SELECT `routes_...', 0)
#1 C:\xampp\htdocs\Bus-Reservation-System\vendor\codeigniter4\framework\system\Database\BaseConnection.php(738): CodeIgniter\Database\MySQLi\Connection->execute('SELECT `routes_...')
#2 C:\xampp\htdocs\Bus-Reservation-System\vendor\codeigniter4\framework\system\Database\BaseConnection.php(652): CodeIgniter\Database\BaseConnection->simpleQuery('SELECT `routes_...')
#3 C:\xampp\htdocs\Bus-Reservation-System\vendor\codeigniter4\framework\system\Database\BaseBuilder.php(1649): CodeIgniter\Database\BaseConnection->query('SELECT `routes_...', Array, false)
#4 C:\xampp\htdocs\Bus-Reservation-System\vendor\codeigniter4\framework\system\Model.php(330): CodeIgniter\Database\BaseBuilder->get()
#5 C:\xampp\htdocs\Bus-Reservation-System\vendor\codeigniter4\framework\system\BaseModel.php(713): CodeIgniter\Model->doFirst()
#6 C:\xampp\htdocs\Bus-Reservation-System\system\Helpers\dashboard_helper.php(30): CodeIgniter\BaseModel->first()
#7 C:\xampp\htdocs\Bus-Reservation-System\app\Views\admin\dashboard.php(41): getMostBookedRoute()
#8 C:\xampp\htdocs\Bus-Reservation-System\vendor\codeigniter4\framework\system\View\View.php(224): include('C:\\xampp\\htdocs...')
#9 C:\xampp\htdocs\Bus-Reservation-System\vendor\codeigniter4\framework\system\View\View.php(227): CodeIgniter\View\View->CodeIgniter\View\{closure}()
#10 C:\xampp\htdocs\Bus-Reservation-System\system\Common.php(1173): CodeIgniter\View\View->render('admin/dashboard', Array, true)
#11 C:\xampp\htdocs\Bus-Reservation-System\app\Controllers\Admin.php(24): view('admin/dashboard')
#12 C:\xampp\htdocs\Bus-Reservation-System\vendor\codeigniter4\framework\system\CodeIgniter.php(933): App\Controllers\Admin->index()
#13 C:\xampp\htdocs\Bus-Reservation-System\vendor\codeigniter4\framework\system\CodeIgniter.php(507): CodeIgniter\CodeIgniter->runController(Object(App\Controllers\Admin))
#14 C:\xampp\htdocs\Bus-Reservation-System\vendor\codeigniter4\framework\system\CodeIgniter.php(354): CodeIgniter\CodeIgniter->handleRequest(NULL, Object(Config\Cache), false)
#15 C:\xampp\htdocs\Bus-Reservation-System\system\Boot.php(334): CodeIgniter\CodeIgniter->run()
#16 C:\xampp\htdocs\Bus-Reservation-System\system\Boot.php(67): CodeIgniter\Boot::runCodeIgniter(Object(CodeIgniter\CodeIgniter))
#17 C:\xampp\htdocs\Bus-Reservation-System\index.php(56): CodeIgniter\Boot::bootWeb(Object(Config\Paths))
#18 {main}
CRITICAL - 2025-09-04 16:30:45 --> CodeIgniter\Database\Exceptions\DatabaseException: Unknown column 'routes_tb.route_name' in 'field list'
[Method: GET, Route: admin/dashboard]
in FCPATH\vendor\codeigniter4\framework\system\Database\BaseConnection.php on line 692.
 1 FCPATH\vendor\codeigniter4\framework\system\Database\BaseBuilder.php(1649): CodeIgniter\Database\BaseConnection->query('SELECT `routes_tb`.`route_name`, COUNT(bookings_tb.bookings_tb_id) as total_bookings
FROM `bookings_tb`
JOIN `bus_routes_tb` ON `bus_routes_tb`.`bus_routes_tb_id` = `bookings_tb`.`bus_routes_tb_id`
JOIN `routes_tb` ON `routes_tb`.`routes_tb_id` = `bus_routes_tb`.`routes_tb_id`
GROUP BY `routes_tb`.`routes_tb_id`
ORDER BY `total_bookings` DESC
 LIMIT 1', [], false)
 2 FCPATH\vendor\codeigniter4\framework\system\Model.php(330): CodeIgniter\Database\BaseBuilder->get()
 3 FCPATH\vendor\codeigniter4\framework\system\BaseModel.php(713): CodeIgniter\Model->doFirst()
 4 SYSTEMPATH\Helpers\dashboard_helper.php(30): CodeIgniter\BaseModel->first()
 5 APPPATH\Views\admin\dashboard.php(41): getMostBookedRoute()
 6 FCPATH\vendor\codeigniter4\framework\system\View\View.php(224): include('C:\\xampp\\htdocs\\Bus-Reservation-System\\app\\Views\\admin\\dashboard.php')
 7 FCPATH\vendor\codeigniter4\framework\system\View\View.php(227): CodeIgniter\View\View->CodeIgniter\View\{closure}()
 8 SYSTEMPATH\Common.php(1173): CodeIgniter\View\View->render('admin/dashboard', [], true)
 9 APPPATH\Controllers\Admin.php(24): view('admin/dashboard')
10 FCPATH\vendor\codeigniter4\framework\system\CodeIgniter.php(933): App\Controllers\Admin->index()
11 FCPATH\vendor\codeigniter4\framework\system\CodeIgniter.php(507): CodeIgniter\CodeIgniter->runController(Object(App\Controllers\Admin))
12 FCPATH\vendor\codeigniter4\framework\system\CodeIgniter.php(354): CodeIgniter\CodeIgniter->handleRequest(null, Object(Config\Cache), false)
13 SYSTEMPATH\Boot.php(334): CodeIgniter\CodeIgniter->run()
14 SYSTEMPATH\Boot.php(67): CodeIgniter\Boot::runCodeIgniter(Object(CodeIgniter\CodeIgniter))
15 FCPATH\index.php(56): CodeIgniter\Boot::bootWeb(Object(Config\Paths))
CRITICAL - 2025-09-04 16:30:45 --> [Caused by] CodeIgniter\Database\Exceptions\DatabaseException: Unknown column 'routes_tb.route_name' in 'field list'
in FCPATH\vendor\codeigniter4\framework\system\Database\MySQLi\Connection.php on line 332.
 1 FCPATH\vendor\codeigniter4\framework\system\Database\BaseConnection.php(738): CodeIgniter\Database\MySQLi\Connection->execute('SELECT `routes_tb`.`route_name`, COUNT(bookings_tb.bookings_tb_id) as total_bookings
FROM `bookings_tb`
JOIN `bus_routes_tb` ON `bus_routes_tb`.`bus_routes_tb_id` = `bookings_tb`.`bus_routes_tb_id`
JOIN `routes_tb` ON `routes_tb`.`routes_tb_id` = `bus_routes_tb`.`routes_tb_id`
GROUP BY `routes_tb`.`routes_tb_id`
ORDER BY `total_bookings` DESC
 LIMIT 1')
 2 FCPATH\vendor\codeigniter4\framework\system\Database\BaseConnection.php(652): CodeIgniter\Database\BaseConnection->simpleQuery('SELECT `routes_tb`.`route_name`, COUNT(bookings_tb.bookings_tb_id) as total_bookings
FROM `bookings_tb`
JOIN `bus_routes_tb` ON `bus_routes_tb`.`bus_routes_tb_id` = `bookings_tb`.`bus_routes_tb_id`
JOIN `routes_tb` ON `routes_tb`.`routes_tb_id` = `bus_routes_tb`.`routes_tb_id`
GROUP BY `routes_tb`.`routes_tb_id`
ORDER BY `total_bookings` DESC
 LIMIT 1')
 3 FCPATH\vendor\codeigniter4\framework\system\Database\BaseBuilder.php(1649): CodeIgniter\Database\BaseConnection->query('SELECT `routes_tb`.`route_name`, COUNT(bookings_tb.bookings_tb_id) as total_bookings
FROM `bookings_tb`
JOIN `bus_routes_tb` ON `bus_routes_tb`.`bus_routes_tb_id` = `bookings_tb`.`bus_routes_tb_id`
JOIN `routes_tb` ON `routes_tb`.`routes_tb_id` = `bus_routes_tb`.`routes_tb_id`
GROUP BY `routes_tb`.`routes_tb_id`
ORDER BY `total_bookings` DESC
 LIMIT 1', [], false)
 4 FCPATH\vendor\codeigniter4\framework\system\Model.php(330): CodeIgniter\Database\BaseBuilder->get()
 5 FCPATH\vendor\codeigniter4\framework\system\BaseModel.php(713): CodeIgniter\Model->doFirst()
 6 SYSTEMPATH\Helpers\dashboard_helper.php(30): CodeIgniter\BaseModel->first()
 7 APPPATH\Views\admin\dashboard.php(41): getMostBookedRoute()
 8 FCPATH\vendor\codeigniter4\framework\system\View\View.php(224): include('C:\\xampp\\htdocs\\Bus-Reservation-System\\app\\Views\\admin\\dashboard.php')
 9 FCPATH\vendor\codeigniter4\framework\system\View\View.php(227): CodeIgniter\View\View->CodeIgniter\View\{closure}()
10 SYSTEMPATH\Common.php(1173): CodeIgniter\View\View->render('admin/dashboard', [], true)
11 APPPATH\Controllers\Admin.php(24): view('admin/dashboard')
12 FCPATH\vendor\codeigniter4\framework\system\CodeIgniter.php(933): App\Controllers\Admin->index()
13 FCPATH\vendor\codeigniter4\framework\system\CodeIgniter.php(507): CodeIgniter\CodeIgniter->runController(Object(App\Controllers\Admin))
14 FCPATH\vendor\codeigniter4\framework\system\CodeIgniter.php(354): CodeIgniter\CodeIgniter->handleRequest(null, Object(Config\Cache), false)
15 SYSTEMPATH\Boot.php(334): CodeIgniter\CodeIgniter->run()
16 SYSTEMPATH\Boot.php(67): CodeIgniter\Boot::runCodeIgniter(Object(CodeIgniter\CodeIgniter))
17 FCPATH\index.php(56): CodeIgniter\Boot::bootWeb(Object(Config\Paths))
CRITICAL - 2025-09-04 16:30:45 --> [Caused by] mysqli_sql_exception: Unknown column 'routes_tb.route_name' in 'field list'
in FCPATH\vendor\codeigniter4\framework\system\Database\MySQLi\Connection.php on line 327.
 1 FCPATH\vendor\codeigniter4\framework\system\Database\MySQLi\Connection.php(327): mysqli->query('SELECT `routes_tb`.`route_name`, COUNT(bookings_tb.bookings_tb_id) as total_bookings
FROM `bookings_tb`
JOIN `bus_routes_tb` ON `bus_routes_tb`.`bus_routes_tb_id` = `bookings_tb`.`bus_routes_tb_id`
JOIN `routes_tb` ON `routes_tb`.`routes_tb_id` = `bus_routes_tb`.`routes_tb_id`
GROUP BY `routes_tb`.`routes_tb_id`
ORDER BY `total_bookings` DESC
 LIMIT 1', 0)
 2 FCPATH\vendor\codeigniter4\framework\system\Database\BaseConnection.php(738): CodeIgniter\Database\MySQLi\Connection->execute('SELECT `routes_tb`.`route_name`, COUNT(bookings_tb.bookings_tb_id) as total_bookings
FROM `bookings_tb`
JOIN `bus_routes_tb` ON `bus_routes_tb`.`bus_routes_tb_id` = `bookings_tb`.`bus_routes_tb_id`
JOIN `routes_tb` ON `routes_tb`.`routes_tb_id` = `bus_routes_tb`.`routes_tb_id`
GROUP BY `routes_tb`.`routes_tb_id`
ORDER BY `total_bookings` DESC
 LIMIT 1')
 3 FCPATH\vendor\codeigniter4\framework\system\Database\BaseConnection.php(652): CodeIgniter\Database\BaseConnection->simpleQuery('SELECT `routes_tb`.`route_name`, COUNT(bookings_tb.bookings_tb_id) as total_bookings
FROM `bookings_tb`
JOIN `bus_routes_tb` ON `bus_routes_tb`.`bus_routes_tb_id` = `bookings_tb`.`bus_routes_tb_id`
JOIN `routes_tb` ON `routes_tb`.`routes_tb_id` = `bus_routes_tb`.`routes_tb_id`
GROUP BY `routes_tb`.`routes_tb_id`
ORDER BY `total_bookings` DESC
 LIMIT 1')
 4 FCPATH\vendor\codeigniter4\framework\system\Database\BaseBuilder.php(1649): CodeIgniter\Database\BaseConnection->query('SELECT `routes_tb`.`route_name`, COUNT(bookings_tb.bookings_tb_id) as total_bookings
FROM `bookings_tb`
JOIN `bus_routes_tb` ON `bus_routes_tb`.`bus_routes_tb_id` = `bookings_tb`.`bus_routes_tb_id`
JOIN `routes_tb` ON `routes_tb`.`routes_tb_id` = `bus_routes_tb`.`routes_tb_id`
GROUP BY `routes_tb`.`routes_tb_id`
ORDER BY `total_bookings` DESC
 LIMIT 1', [], false)
 5 FCPATH\vendor\codeigniter4\framework\system\Model.php(330): CodeIgniter\Database\BaseBuilder->get()
 6 FCPATH\vendor\codeigniter4\framework\system\BaseModel.php(713): CodeIgniter\Model->doFirst()
 7 SYSTEMPATH\Helpers\dashboard_helper.php(30): CodeIgniter\BaseModel->first()
 8 APPPATH\Views\admin\dashboard.php(41): getMostBookedRoute()
 9 FCPATH\vendor\codeigniter4\framework\system\View\View.php(224): include('C:\\xampp\\htdocs\\Bus-Reservation-System\\app\\Views\\admin\\dashboard.php')
10 FCPATH\vendor\codeigniter4\framework\system\View\View.php(227): CodeIgniter\View\View->CodeIgniter\View\{closure}()
11 SYSTEMPATH\Common.php(1173): CodeIgniter\View\View->render('admin/dashboard', [], true)
12 APPPATH\Controllers\Admin.php(24): view('admin/dashboard')
13 FCPATH\vendor\codeigniter4\framework\system\CodeIgniter.php(933): App\Controllers\Admin->index()
14 FCPATH\vendor\codeigniter4\framework\system\CodeIgniter.php(507): CodeIgniter\CodeIgniter->runController(Object(App\Controllers\Admin))
15 FCPATH\vendor\codeigniter4\framework\system\CodeIgniter.php(354): CodeIgniter\CodeIgniter->handleRequest(null, Object(Config\Cache), false)
16 SYSTEMPATH\Boot.php(334): CodeIgniter\CodeIgniter->run()
17 SYSTEMPATH\Boot.php(67): CodeIgniter\Boot::runCodeIgniter(Object(CodeIgniter\CodeIgniter))
18 FCPATH\index.php(56): CodeIgniter\Boot::bootWeb(Object(Config\Paths))
ERROR - 2025-09-04 16:31:01 --> mysqli_sql_exception: Unknown column 'routes_tb.route_name' in 'field list' in C:\xampp\htdocs\Bus-Reservation-System\vendor\codeigniter4\framework\system\Database\MySQLi\Connection.php:327
Stack trace:
#0 C:\xampp\htdocs\Bus-Reservation-System\vendor\codeigniter4\framework\system\Database\MySQLi\Connection.php(327): mysqli->query('SELECT `routes_...', 0)
#1 C:\xampp\htdocs\Bus-Reservation-System\vendor\codeigniter4\framework\system\Database\BaseConnection.php(738): CodeIgniter\Database\MySQLi\Connection->execute('SELECT `routes_...')
#2 C:\xampp\htdocs\Bus-Reservation-System\vendor\codeigniter4\framework\system\Database\BaseConnection.php(652): CodeIgniter\Database\BaseConnection->simpleQuery('SELECT `routes_...')
#3 C:\xampp\htdocs\Bus-Reservation-System\vendor\codeigniter4\framework\system\Database\BaseBuilder.php(1649): CodeIgniter\Database\BaseConnection->query('SELECT `routes_...', Array, false)
#4 C:\xampp\htdocs\Bus-Reservation-System\vendor\codeigniter4\framework\system\Model.php(330): CodeIgniter\Database\BaseBuilder->get()
#5 C:\xampp\htdocs\Bus-Reservation-System\vendor\codeigniter4\framework\system\BaseModel.php(713): CodeIgniter\Model->doFirst()
#6 C:\xampp\htdocs\Bus-Reservation-System\system\Helpers\dashboard_helper.php(30): CodeIgniter\BaseModel->first()
#7 C:\xampp\htdocs\Bus-Reservation-System\app\Views\admin\dashboard.php(41): getMostBookedRoute()
#8 C:\xampp\htdocs\Bus-Reservation-System\vendor\codeigniter4\framework\system\View\View.php(224): include('C:\\xampp\\htdocs...')
#9 C:\xampp\htdocs\Bus-Reservation-System\vendor\codeigniter4\framework\system\View\View.php(227): CodeIgniter\View\View->CodeIgniter\View\{closure}()
#10 C:\xampp\htdocs\Bus-Reservation-System\system\Common.php(1173): CodeIgniter\View\View->render('admin/dashboard', Array, true)
#11 C:\xampp\htdocs\Bus-Reservation-System\app\Controllers\Admin.php(24): view('admin/dashboard')
#12 C:\xampp\htdocs\Bus-Reservation-System\vendor\codeigniter4\framework\system\CodeIgniter.php(933): App\Controllers\Admin->index()
#13 C:\xampp\htdocs\Bus-Reservation-System\vendor\codeigniter4\framework\system\CodeIgniter.php(507): CodeIgniter\CodeIgniter->runController(Object(App\Controllers\Admin))
#14 C:\xampp\htdocs\Bus-Reservation-System\vendor\codeigniter4\framework\system\CodeIgniter.php(354): CodeIgniter\CodeIgniter->handleRequest(NULL, Object(Config\Cache), false)
#15 C:\xampp\htdocs\Bus-Reservation-System\system\Boot.php(334): CodeIgniter\CodeIgniter->run()
#16 C:\xampp\htdocs\Bus-Reservation-System\system\Boot.php(67): CodeIgniter\Boot::runCodeIgniter(Object(CodeIgniter\CodeIgniter))
#17 C:\xampp\htdocs\Bus-Reservation-System\index.php(56): CodeIgniter\Boot::bootWeb(Object(Config\Paths))
#18 {main}
CRITICAL - 2025-09-04 16:31:02 --> CodeIgniter\Database\Exceptions\DatabaseException: Unknown column 'routes_tb.route_name' in 'field list'
[Method: GET, Route: admin/dashboard]
in FCPATH\vendor\codeigniter4\framework\system\Database\BaseConnection.php on line 692.
 1 FCPATH\vendor\codeigniter4\framework\system\Database\BaseBuilder.php(1649): CodeIgniter\Database\BaseConnection->query('SELECT `routes_tb`.`route_name`, COUNT(bookings_tb.bookings_tb_id) as total_bookings
FROM `bookings_tb`
JOIN `bus_routes_tb` ON `bus_routes_tb`.`bus_routes_tb_id` = `bookings_tb`.`bus_routes_tb_id`
JOIN `routes_tb` ON `routes_tb`.`routes_tb_id` = `bus_routes_tb`.`routes_tb_id`
GROUP BY `routes_tb`.`routes_tb_id`
ORDER BY `origin` DESC
 LIMIT 1', [], false)
 2 FCPATH\vendor\codeigniter4\framework\system\Model.php(330): CodeIgniter\Database\BaseBuilder->get()
 3 FCPATH\vendor\codeigniter4\framework\system\BaseModel.php(713): CodeIgniter\Model->doFirst()
 4 SYSTEMPATH\Helpers\dashboard_helper.php(30): CodeIgniter\BaseModel->first()
 5 APPPATH\Views\admin\dashboard.php(41): getMostBookedRoute()
 6 FCPATH\vendor\codeigniter4\framework\system\View\View.php(224): include('C:\\xampp\\htdocs\\Bus-Reservation-System\\app\\Views\\admin\\dashboard.php')
 7 FCPATH\vendor\codeigniter4\framework\system\View\View.php(227): CodeIgniter\View\View->CodeIgniter\View\{closure}()
 8 SYSTEMPATH\Common.php(1173): CodeIgniter\View\View->render('admin/dashboard', [], true)
 9 APPPATH\Controllers\Admin.php(24): view('admin/dashboard')
10 FCPATH\vendor\codeigniter4\framework\system\CodeIgniter.php(933): App\Controllers\Admin->index()
11 FCPATH\vendor\codeigniter4\framework\system\CodeIgniter.php(507): CodeIgniter\CodeIgniter->runController(Object(App\Controllers\Admin))
12 FCPATH\vendor\codeigniter4\framework\system\CodeIgniter.php(354): CodeIgniter\CodeIgniter->handleRequest(null, Object(Config\Cache), false)
13 SYSTEMPATH\Boot.php(334): CodeIgniter\CodeIgniter->run()
14 SYSTEMPATH\Boot.php(67): CodeIgniter\Boot::runCodeIgniter(Object(CodeIgniter\CodeIgniter))
15 FCPATH\index.php(56): CodeIgniter\Boot::bootWeb(Object(Config\Paths))
CRITICAL - 2025-09-04 16:31:02 --> [Caused by] CodeIgniter\Database\Exceptions\DatabaseException: Unknown column 'routes_tb.route_name' in 'field list'
in FCPATH\vendor\codeigniter4\framework\system\Database\MySQLi\Connection.php on line 332.
 1 FCPATH\vendor\codeigniter4\framework\system\Database\BaseConnection.php(738): CodeIgniter\Database\MySQLi\Connection->execute('SELECT `routes_tb`.`route_name`, COUNT(bookings_tb.bookings_tb_id) as total_bookings
FROM `bookings_tb`
JOIN `bus_routes_tb` ON `bus_routes_tb`.`bus_routes_tb_id` = `bookings_tb`.`bus_routes_tb_id`
JOIN `routes_tb` ON `routes_tb`.`routes_tb_id` = `bus_routes_tb`.`routes_tb_id`
GROUP BY `routes_tb`.`routes_tb_id`
ORDER BY `origin` DESC
 LIMIT 1')
 2 FCPATH\vendor\codeigniter4\framework\system\Database\BaseConnection.php(652): CodeIgniter\Database\BaseConnection->simpleQuery('SELECT `routes_tb`.`route_name`, COUNT(bookings_tb.bookings_tb_id) as total_bookings
FROM `bookings_tb`
JOIN `bus_routes_tb` ON `bus_routes_tb`.`bus_routes_tb_id` = `bookings_tb`.`bus_routes_tb_id`
JOIN `routes_tb` ON `routes_tb`.`routes_tb_id` = `bus_routes_tb`.`routes_tb_id`
GROUP BY `routes_tb`.`routes_tb_id`
ORDER BY `origin` DESC
 LIMIT 1')
 3 FCPATH\vendor\codeigniter4\framework\system\Database\BaseBuilder.php(1649): CodeIgniter\Database\BaseConnection->query('SELECT `routes_tb`.`route_name`, COUNT(bookings_tb.bookings_tb_id) as total_bookings
FROM `bookings_tb`
JOIN `bus_routes_tb` ON `bus_routes_tb`.`bus_routes_tb_id` = `bookings_tb`.`bus_routes_tb_id`
JOIN `routes_tb` ON `routes_tb`.`routes_tb_id` = `bus_routes_tb`.`routes_tb_id`
GROUP BY `routes_tb`.`routes_tb_id`
ORDER BY `origin` DESC
 LIMIT 1', [], false)
 4 FCPATH\vendor\codeigniter4\framework\system\Model.php(330): CodeIgniter\Database\BaseBuilder->get()
 5 FCPATH\vendor\codeigniter4\framework\system\BaseModel.php(713): CodeIgniter\Model->doFirst()
 6 SYSTEMPATH\Helpers\dashboard_helper.php(30): CodeIgniter\BaseModel->first()
 7 APPPATH\Views\admin\dashboard.php(41): getMostBookedRoute()
 8 FCPATH\vendor\codeigniter4\framework\system\View\View.php(224): include('C:\\xampp\\htdocs\\Bus-Reservation-System\\app\\Views\\admin\\dashboard.php')
 9 FCPATH\vendor\codeigniter4\framework\system\View\View.php(227): CodeIgniter\View\View->CodeIgniter\View\{closure}()
10 SYSTEMPATH\Common.php(1173): CodeIgniter\View\View->render('admin/dashboard', [], true)
11 APPPATH\Controllers\Admin.php(24): view('admin/dashboard')
12 FCPATH\vendor\codeigniter4\framework\system\CodeIgniter.php(933): App\Controllers\Admin->index()
13 FCPATH\vendor\codeigniter4\framework\system\CodeIgniter.php(507): CodeIgniter\CodeIgniter->runController(Object(App\Controllers\Admin))
14 FCPATH\vendor\codeigniter4\framework\system\CodeIgniter.php(354): CodeIgniter\CodeIgniter->handleRequest(null, Object(Config\Cache), false)
15 SYSTEMPATH\Boot.php(334): CodeIgniter\CodeIgniter->run()
16 SYSTEMPATH\Boot.php(67): CodeIgniter\Boot::runCodeIgniter(Object(CodeIgniter\CodeIgniter))
17 FCPATH\index.php(56): CodeIgniter\Boot::bootWeb(Object(Config\Paths))
CRITICAL - 2025-09-04 16:31:02 --> [Caused by] mysqli_sql_exception: Unknown column 'routes_tb.route_name' in 'field list'
in FCPATH\vendor\codeigniter4\framework\system\Database\MySQLi\Connection.php on line 327.
 1 FCPATH\vendor\codeigniter4\framework\system\Database\MySQLi\Connection.php(327): mysqli->query('SELECT `routes_tb`.`route_name`, COUNT(bookings_tb.bookings_tb_id) as total_bookings
FROM `bookings_tb`
JOIN `bus_routes_tb` ON `bus_routes_tb`.`bus_routes_tb_id` = `bookings_tb`.`bus_routes_tb_id`
JOIN `routes_tb` ON `routes_tb`.`routes_tb_id` = `bus_routes_tb`.`routes_tb_id`
GROUP BY `routes_tb`.`routes_tb_id`
ORDER BY `origin` DESC
 LIMIT 1', 0)
 2 FCPATH\vendor\codeigniter4\framework\system\Database\BaseConnection.php(738): CodeIgniter\Database\MySQLi\Connection->execute('SELECT `routes_tb`.`route_name`, COUNT(bookings_tb.bookings_tb_id) as total_bookings
FROM `bookings_tb`
JOIN `bus_routes_tb` ON `bus_routes_tb`.`bus_routes_tb_id` = `bookings_tb`.`bus_routes_tb_id`
JOIN `routes_tb` ON `routes_tb`.`routes_tb_id` = `bus_routes_tb`.`routes_tb_id`
GROUP BY `routes_tb`.`routes_tb_id`
ORDER BY `origin` DESC
 LIMIT 1')
 3 FCPATH\vendor\codeigniter4\framework\system\Database\BaseConnection.php(652): CodeIgniter\Database\BaseConnection->simpleQuery('SELECT `routes_tb`.`route_name`, COUNT(bookings_tb.bookings_tb_id) as total_bookings
FROM `bookings_tb`
JOIN `bus_routes_tb` ON `bus_routes_tb`.`bus_routes_tb_id` = `bookings_tb`.`bus_routes_tb_id`
JOIN `routes_tb` ON `routes_tb`.`routes_tb_id` = `bus_routes_tb`.`routes_tb_id`
GROUP BY `routes_tb`.`routes_tb_id`
ORDER BY `origin` DESC
 LIMIT 1')
 4 FCPATH\vendor\codeigniter4\framework\system\Database\BaseBuilder.php(1649): CodeIgniter\Database\BaseConnection->query('SELECT `routes_tb`.`route_name`, COUNT(bookings_tb.bookings_tb_id) as total_bookings
FROM `bookings_tb`
JOIN `bus_routes_tb` ON `bus_routes_tb`.`bus_routes_tb_id` = `bookings_tb`.`bus_routes_tb_id`
JOIN `routes_tb` ON `routes_tb`.`routes_tb_id` = `bus_routes_tb`.`routes_tb_id`
GROUP BY `routes_tb`.`routes_tb_id`
ORDER BY `origin` DESC
 LIMIT 1', [], false)
 5 FCPATH\vendor\codeigniter4\framework\system\Model.php(330): CodeIgniter\Database\BaseBuilder->get()
 6 FCPATH\vendor\codeigniter4\framework\system\BaseModel.php(713): CodeIgniter\Model->doFirst()
 7 SYSTEMPATH\Helpers\dashboard_helper.php(30): CodeIgniter\BaseModel->first()
 8 APPPATH\Views\admin\dashboard.php(41): getMostBookedRoute()
 9 FCPATH\vendor\codeigniter4\framework\system\View\View.php(224): include('C:\\xampp\\htdocs\\Bus-Reservation-System\\app\\Views\\admin\\dashboard.php')
10 FCPATH\vendor\codeigniter4\framework\system\View\View.php(227): CodeIgniter\View\View->CodeIgniter\View\{closure}()
11 SYSTEMPATH\Common.php(1173): CodeIgniter\View\View->render('admin/dashboard', [], true)
12 APPPATH\Controllers\Admin.php(24): view('admin/dashboard')
13 FCPATH\vendor\codeigniter4\framework\system\CodeIgniter.php(933): App\Controllers\Admin->index()
14 FCPATH\vendor\codeigniter4\framework\system\CodeIgniter.php(507): CodeIgniter\CodeIgniter->runController(Object(App\Controllers\Admin))
15 FCPATH\vendor\codeigniter4\framework\system\CodeIgniter.php(354): CodeIgniter\CodeIgniter->handleRequest(null, Object(Config\Cache), false)
16 SYSTEMPATH\Boot.php(334): CodeIgniter\CodeIgniter->run()
17 SYSTEMPATH\Boot.php(67): CodeIgniter\Boot::runCodeIgniter(Object(CodeIgniter\CodeIgniter))
18 FCPATH\index.php(56): CodeIgniter\Boot::bootWeb(Object(Config\Paths))
CRITICAL - 2025-09-04 16:35:32 --> ErrorException: Array to string conversion
[Method: GET, Route: admin/dashboard]
in APPPATH\Views\admin\dashboard.php on line 41.
 1 APPPATH\Views\admin\dashboard.php(41): CodeIgniter\Debug\Exceptions->errorHandler(2, 'Array to string conversion', 'C:\\xampp\\htdocs\\Bus-Reservation-System\\app\\Views\\admin\\dashboard.php', 41)
 2 FCPATH\vendor\codeigniter4\framework\system\View\View.php(224): include('C:\\xampp\\htdocs\\Bus-Reservation-System\\app\\Views\\admin\\dashboard.php')
 3 FCPATH\vendor\codeigniter4\framework\system\View\View.php(227): CodeIgniter\View\View->CodeIgniter\View\{closure}()
 4 SYSTEMPATH\Common.php(1173): CodeIgniter\View\View->render('admin/dashboard', [], true)
 5 APPPATH\Controllers\Admin.php(24): view('admin/dashboard')
 6 FCPATH\vendor\codeigniter4\framework\system\CodeIgniter.php(933): App\Controllers\Admin->index()
 7 FCPATH\vendor\codeigniter4\framework\system\CodeIgniter.php(507): CodeIgniter\CodeIgniter->runController(Object(App\Controllers\Admin))
 8 FCPATH\vendor\codeigniter4\framework\system\CodeIgniter.php(354): CodeIgniter\CodeIgniter->handleRequest(null, Object(Config\Cache), false)
 9 SYSTEMPATH\Boot.php(334): CodeIgniter\CodeIgniter->run()
10 SYSTEMPATH\Boot.php(67): CodeIgniter\Boot::runCodeIgniter(Object(CodeIgniter\CodeIgniter))
11 FCPATH\index.php(56): CodeIgniter\Boot::bootWeb(Object(Config\Paths))
CRITICAL - 2025-09-04 16:35:41 --> ErrorException: Array to string conversion
[Method: GET, Route: admin/dashboard]
in APPPATH\Views\admin\dashboard.php on line 41.
 1 APPPATH\Views\admin\dashboard.php(41): CodeIgniter\Debug\Exceptions->errorHandler(2, 'Array to string conversion', 'C:\\xampp\\htdocs\\Bus-Reservation-System\\app\\Views\\admin\\dashboard.php', 41)
 2 FCPATH\vendor\codeigniter4\framework\system\View\View.php(224): include('C:\\xampp\\htdocs\\Bus-Reservation-System\\app\\Views\\admin\\dashboard.php')
 3 FCPATH\vendor\codeigniter4\framework\system\View\View.php(227): CodeIgniter\View\View->CodeIgniter\View\{closure}()
 4 SYSTEMPATH\Common.php(1173): CodeIgniter\View\View->render('admin/dashboard', [], true)
 5 APPPATH\Controllers\Admin.php(24): view('admin/dashboard')
 6 FCPATH\vendor\codeigniter4\framework\system\CodeIgniter.php(933): App\Controllers\Admin->index()
 7 FCPATH\vendor\codeigniter4\framework\system\CodeIgniter.php(507): CodeIgniter\CodeIgniter->runController(Object(App\Controllers\Admin))
 8 FCPATH\vendor\codeigniter4\framework\system\CodeIgniter.php(354): CodeIgniter\CodeIgniter->handleRequest(null, Object(Config\Cache), false)
 9 SYSTEMPATH\Boot.php(334): CodeIgniter\CodeIgniter->run()
10 SYSTEMPATH\Boot.php(67): CodeIgniter\Boot::runCodeIgniter(Object(CodeIgniter\CodeIgniter))
11 FCPATH\index.php(56): CodeIgniter\Boot::bootWeb(Object(Config\Paths))
ERROR - 2025-09-04 16:40:30 --> mysqli_sql_exception: Duplicate column name 'bookings_tb_id' in C:\xampp\htdocs\Bus-Reservation-System\vendor\codeigniter4\framework\system\Database\MySQLi\Connection.php:327
Stack trace:
#0 C:\xampp\htdocs\Bus-Reservation-System\vendor\codeigniter4\framework\system\Database\MySQLi\Connection.php(327): mysqli->query('SELECT COUNT(*)...', 0)
#1 C:\xampp\htdocs\Bus-Reservation-System\vendor\codeigniter4\framework\system\Database\BaseConnection.php(738): CodeIgniter\Database\MySQLi\Connection->execute('SELECT COUNT(*)...')
#2 C:\xampp\htdocs\Bus-Reservation-System\vendor\codeigniter4\framework\system\Database\BaseConnection.php(652): CodeIgniter\Database\BaseConnection->simpleQuery('SELECT COUNT(*)...')
#3 C:\xampp\htdocs\Bus-Reservation-System\vendor\codeigniter4\framework\system\Database\BaseBuilder.php(1733): CodeIgniter\Database\BaseConnection->query('SELECT COUNT(*)...', Array, false)
#4 C:\xampp\htdocs\Bus-Reservation-System\vendor\codeigniter4\framework\system\Model.php(676): CodeIgniter\Database\BaseBuilder->countAllResults(true)
#5 C:\xampp\htdocs\Bus-Reservation-System\system\Helpers\dashboard_helper.php(44): CodeIgniter\Model->countAllResults()
#6 C:\xampp\htdocs\Bus-Reservation-System\app\Views\admin\dashboard.php(61): getBusesInTransit()
#7 C:\xampp\htdocs\Bus-Reservation-System\vendor\codeigniter4\framework\system\View\View.php(224): include('C:\\xampp\\htdocs...')
#8 C:\xampp\htdocs\Bus-Reservation-System\vendor\codeigniter4\framework\system\View\View.php(227): CodeIgniter\View\View->CodeIgniter\View\{closure}()
#9 C:\xampp\htdocs\Bus-Reservation-System\system\Common.php(1173): CodeIgniter\View\View->render('admin/dashboard', Array, true)
#10 C:\xampp\htdocs\Bus-Reservation-System\app\Controllers\Admin.php(24): view('admin/dashboard')
#11 C:\xampp\htdocs\Bus-Reservation-System\vendor\codeigniter4\framework\system\CodeIgniter.php(933): App\Controllers\Admin->index()
#12 C:\xampp\htdocs\Bus-Reservation-System\vendor\codeigniter4\framework\system\CodeIgniter.php(507): CodeIgniter\CodeIgniter->runController(Object(App\Controllers\Admin))
#13 C:\xampp\htdocs\Bus-Reservation-System\vendor\codeigniter4\framework\system\CodeIgniter.php(354): CodeIgniter\CodeIgniter->handleRequest(NULL, Object(Config\Cache), false)
#14 C:\xampp\htdocs\Bus-Reservation-System\system\Boot.php(334): CodeIgniter\CodeIgniter->run()
#15 C:\xampp\htdocs\Bus-Reservation-System\system\Boot.php(67): CodeIgniter\Boot::runCodeIgniter(Object(CodeIgniter\CodeIgniter))
#16 C:\xampp\htdocs\Bus-Reservation-System\index.php(56): CodeIgniter\Boot::bootWeb(Object(Config\Paths))
#17 {main}
CRITICAL - 2025-09-04 16:40:30 --> CodeIgniter\Database\Exceptions\DatabaseException: Duplicate column name 'bookings_tb_id'
[Method: GET, Route: admin/dashboard]
in FCPATH\vendor\codeigniter4\framework\system\Database\BaseConnection.php on line 692.
 1 FCPATH\vendor\codeigniter4\framework\system\Database\BaseBuilder.php(1733): CodeIgniter\Database\BaseConnection->query('SELECT COUNT(*) AS `numrows`
FROM (
SELECT *
FROM `passengers_tb`
JOIN `bookings_tb` ON `bookings_tb`.`bookings_tb_id` = `passengers_tb`.`bookings_tb_id`
JOIN `bus_routes_tb` ON `bus_routes_tb`.`bus_routes_tb_id` = `bookings_tb`.`bus_routes_tb_id`
JOIN `bus_trav_sched_tb` ON `bus_trav_sched_tb`.`bus_trav_sched_tb_id` = `bus_routes_tb`.`bus_trav_sched_tb_id`
JOIN `buses_tb` ON `buses_tb`.`buses_tb_id` = `bus_trav_sched_tb`.`buses_tb_id`
WHERE `passengers_tb`.`travel_status` = :passengers_tb.travel_status:
GROUP BY `buses_tb`.`buses_tb_id`
) CI_count_all_results', [...], false)
 2 FCPATH\vendor\codeigniter4\framework\system\Model.php(676): CodeIgniter\Database\BaseBuilder->countAllResults(true)
 3 SYSTEMPATH\Helpers\dashboard_helper.php(44): CodeIgniter\Model->countAllResults()
 4 APPPATH\Views\admin\dashboard.php(61): getBusesInTransit()
 5 FCPATH\vendor\codeigniter4\framework\system\View\View.php(224): include('C:\\xampp\\htdocs\\Bus-Reservation-System\\app\\Views\\admin\\dashboard.php')
 6 FCPATH\vendor\codeigniter4\framework\system\View\View.php(227): CodeIgniter\View\View->CodeIgniter\View\{closure}()
 7 SYSTEMPATH\Common.php(1173): CodeIgniter\View\View->render('admin/dashboard', [], true)
 8 APPPATH\Controllers\Admin.php(24): view('admin/dashboard')
 9 FCPATH\vendor\codeigniter4\framework\system\CodeIgniter.php(933): App\Controllers\Admin->index()
10 FCPATH\vendor\codeigniter4\framework\system\CodeIgniter.php(507): CodeIgniter\CodeIgniter->runController(Object(App\Controllers\Admin))
11 FCPATH\vendor\codeigniter4\framework\system\CodeIgniter.php(354): CodeIgniter\CodeIgniter->handleRequest(null, Object(Config\Cache), false)
12 SYSTEMPATH\Boot.php(334): CodeIgniter\CodeIgniter->run()
13 SYSTEMPATH\Boot.php(67): CodeIgniter\Boot::runCodeIgniter(Object(CodeIgniter\CodeIgniter))
14 FCPATH\index.php(56): CodeIgniter\Boot::bootWeb(Object(Config\Paths))
CRITICAL - 2025-09-04 16:40:30 --> [Caused by] CodeIgniter\Database\Exceptions\DatabaseException: Duplicate column name 'bookings_tb_id'
in FCPATH\vendor\codeigniter4\framework\system\Database\MySQLi\Connection.php on line 332.
 1 FCPATH\vendor\codeigniter4\framework\system\Database\BaseConnection.php(738): CodeIgniter\Database\MySQLi\Connection->execute('SELECT COUNT(*) AS `numrows`
FROM (
SELECT *
FROM `passengers_tb`
JOIN `bookings_tb` ON `bookings_tb`.`bookings_tb_id` = `passengers_tb`.`bookings_tb_id`
JOIN `bus_routes_tb` ON `bus_routes_tb`.`bus_routes_tb_id` = `bookings_tb`.`bus_routes_tb_id`
JOIN `bus_trav_sched_tb` ON `bus_trav_sched_tb`.`bus_trav_sched_tb_id` = `bus_routes_tb`.`bus_trav_sched_tb_id`
JOIN `buses_tb` ON `buses_tb`.`buses_tb_id` = `bus_trav_sched_tb`.`buses_tb_id`
WHERE `passengers_tb`.`travel_status` = \'In Transit\'
GROUP BY `buses_tb`.`buses_tb_id`
) CI_count_all_results')
 2 FCPATH\vendor\codeigniter4\framework\system\Database\BaseConnection.php(652): CodeIgniter\Database\BaseConnection->simpleQuery('SELECT COUNT(*) AS `numrows`
FROM (
SELECT *
FROM `passengers_tb`
JOIN `bookings_tb` ON `bookings_tb`.`bookings_tb_id` = `passengers_tb`.`bookings_tb_id`
JOIN `bus_routes_tb` ON `bus_routes_tb`.`bus_routes_tb_id` = `bookings_tb`.`bus_routes_tb_id`
JOIN `bus_trav_sched_tb` ON `bus_trav_sched_tb`.`bus_trav_sched_tb_id` = `bus_routes_tb`.`bus_trav_sched_tb_id`
JOIN `buses_tb` ON `buses_tb`.`buses_tb_id` = `bus_trav_sched_tb`.`buses_tb_id`
WHERE `passengers_tb`.`travel_status` = \'In Transit\'
GROUP BY `buses_tb`.`buses_tb_id`
) CI_count_all_results')
 3 FCPATH\vendor\codeigniter4\framework\system\Database\BaseBuilder.php(1733): CodeIgniter\Database\BaseConnection->query('SELECT COUNT(*) AS `numrows`
FROM (
SELECT *
FROM `passengers_tb`
JOIN `bookings_tb` ON `bookings_tb`.`bookings_tb_id` = `passengers_tb`.`bookings_tb_id`
JOIN `bus_routes_tb` ON `bus_routes_tb`.`bus_routes_tb_id` = `bookings_tb`.`bus_routes_tb_id`
JOIN `bus_trav_sched_tb` ON `bus_trav_sched_tb`.`bus_trav_sched_tb_id` = `bus_routes_tb`.`bus_trav_sched_tb_id`
JOIN `buses_tb` ON `buses_tb`.`buses_tb_id` = `bus_trav_sched_tb`.`buses_tb_id`
WHERE `passengers_tb`.`travel_status` = :passengers_tb.travel_status:
GROUP BY `buses_tb`.`buses_tb_id`
) CI_count_all_results', [...], false)
 4 FCPATH\vendor\codeigniter4\framework\system\Model.php(676): CodeIgniter\Database\BaseBuilder->countAllResults(true)
 5 SYSTEMPATH\Helpers\dashboard_helper.php(44): CodeIgniter\Model->countAllResults()
 6 APPPATH\Views\admin\dashboard.php(61): getBusesInTransit()
 7 FCPATH\vendor\codeigniter4\framework\system\View\View.php(224): include('C:\\xampp\\htdocs\\Bus-Reservation-System\\app\\Views\\admin\\dashboard.php')
 8 FCPATH\vendor\codeigniter4\framework\system\View\View.php(227): CodeIgniter\View\View->CodeIgniter\View\{closure}()
 9 SYSTEMPATH\Common.php(1173): CodeIgniter\View\View->render('admin/dashboard', [], true)
10 APPPATH\Controllers\Admin.php(24): view('admin/dashboard')
11 FCPATH\vendor\codeigniter4\framework\system\CodeIgniter.php(933): App\Controllers\Admin->index()
12 FCPATH\vendor\codeigniter4\framework\system\CodeIgniter.php(507): CodeIgniter\CodeIgniter->runController(Object(App\Controllers\Admin))
13 FCPATH\vendor\codeigniter4\framework\system\CodeIgniter.php(354): CodeIgniter\CodeIgniter->handleRequest(null, Object(Config\Cache), false)
14 SYSTEMPATH\Boot.php(334): CodeIgniter\CodeIgniter->run()
15 SYSTEMPATH\Boot.php(67): CodeIgniter\Boot::runCodeIgniter(Object(CodeIgniter\CodeIgniter))
16 FCPATH\index.php(56): CodeIgniter\Boot::bootWeb(Object(Config\Paths))
CRITICAL - 2025-09-04 16:40:30 --> [Caused by] mysqli_sql_exception: Duplicate column name 'bookings_tb_id'
in FCPATH\vendor\codeigniter4\framework\system\Database\MySQLi\Connection.php on line 327.
 1 FCPATH\vendor\codeigniter4\framework\system\Database\MySQLi\Connection.php(327): mysqli->query('SELECT COUNT(*) AS `numrows`
FROM (
SELECT *
FROM `passengers_tb`
JOIN `bookings_tb` ON `bookings_tb`.`bookings_tb_id` = `passengers_tb`.`bookings_tb_id`
JOIN `bus_routes_tb` ON `bus_routes_tb`.`bus_routes_tb_id` = `bookings_tb`.`bus_routes_tb_id`
JOIN `bus_trav_sched_tb` ON `bus_trav_sched_tb`.`bus_trav_sched_tb_id` = `bus_routes_tb`.`bus_trav_sched_tb_id`
JOIN `buses_tb` ON `buses_tb`.`buses_tb_id` = `bus_trav_sched_tb`.`buses_tb_id`
WHERE `passengers_tb`.`travel_status` = \'In Transit\'
GROUP BY `buses_tb`.`buses_tb_id`
) CI_count_all_results', 0)
 2 FCPATH\vendor\codeigniter4\framework\system\Database\BaseConnection.php(738): CodeIgniter\Database\MySQLi\Connection->execute('SELECT COUNT(*) AS `numrows`
FROM (
SELECT *
FROM `passengers_tb`
JOIN `bookings_tb` ON `bookings_tb`.`bookings_tb_id` = `passengers_tb`.`bookings_tb_id`
JOIN `bus_routes_tb` ON `bus_routes_tb`.`bus_routes_tb_id` = `bookings_tb`.`bus_routes_tb_id`
JOIN `bus_trav_sched_tb` ON `bus_trav_sched_tb`.`bus_trav_sched_tb_id` = `bus_routes_tb`.`bus_trav_sched_tb_id`
JOIN `buses_tb` ON `buses_tb`.`buses_tb_id` = `bus_trav_sched_tb`.`buses_tb_id`
WHERE `passengers_tb`.`travel_status` = \'In Transit\'
GROUP BY `buses_tb`.`buses_tb_id`
) CI_count_all_results')
 3 FCPATH\vendor\codeigniter4\framework\system\Database\BaseConnection.php(652): CodeIgniter\Database\BaseConnection->simpleQuery('SELECT COUNT(*) AS `numrows`
FROM (
SELECT *
FROM `passengers_tb`
JOIN `bookings_tb` ON `bookings_tb`.`bookings_tb_id` = `passengers_tb`.`bookings_tb_id`
JOIN `bus_routes_tb` ON `bus_routes_tb`.`bus_routes_tb_id` = `bookings_tb`.`bus_routes_tb_id`
JOIN `bus_trav_sched_tb` ON `bus_trav_sched_tb`.`bus_trav_sched_tb_id` = `bus_routes_tb`.`bus_trav_sched_tb_id`
JOIN `buses_tb` ON `buses_tb`.`buses_tb_id` = `bus_trav_sched_tb`.`buses_tb_id`
WHERE `passengers_tb`.`travel_status` = \'In Transit\'
GROUP BY `buses_tb`.`buses_tb_id`
) CI_count_all_results')
 4 FCPATH\vendor\codeigniter4\framework\system\Database\BaseBuilder.php(1733): CodeIgniter\Database\BaseConnection->query('SELECT COUNT(*) AS `numrows`
FROM (
SELECT *
FROM `passengers_tb`
JOIN `bookings_tb` ON `bookings_tb`.`bookings_tb_id` = `passengers_tb`.`bookings_tb_id`
JOIN `bus_routes_tb` ON `bus_routes_tb`.`bus_routes_tb_id` = `bookings_tb`.`bus_routes_tb_id`
JOIN `bus_trav_sched_tb` ON `bus_trav_sched_tb`.`bus_trav_sched_tb_id` = `bus_routes_tb`.`bus_trav_sched_tb_id`
JOIN `buses_tb` ON `buses_tb`.`buses_tb_id` = `bus_trav_sched_tb`.`buses_tb_id`
WHERE `passengers_tb`.`travel_status` = :passengers_tb.travel_status:
GROUP BY `buses_tb`.`buses_tb_id`
) CI_count_all_results', [...], false)
 5 FCPATH\vendor\codeigniter4\framework\system\Model.php(676): CodeIgniter\Database\BaseBuilder->countAllResults(true)
 6 SYSTEMPATH\Helpers\dashboard_helper.php(44): CodeIgniter\Model->countAllResults()
 7 APPPATH\Views\admin\dashboard.php(61): getBusesInTransit()
 8 FCPATH\vendor\codeigniter4\framework\system\View\View.php(224): include('C:\\xampp\\htdocs\\Bus-Reservation-System\\app\\Views\\admin\\dashboard.php')
 9 FCPATH\vendor\codeigniter4\framework\system\View\View.php(227): CodeIgniter\View\View->CodeIgniter\View\{closure}()
10 SYSTEMPATH\Common.php(1173): CodeIgniter\View\View->render('admin/dashboard', [], true)
11 APPPATH\Controllers\Admin.php(24): view('admin/dashboard')
12 FCPATH\vendor\codeigniter4\framework\system\CodeIgniter.php(933): App\Controllers\Admin->index()
13 FCPATH\vendor\codeigniter4\framework\system\CodeIgniter.php(507): CodeIgniter\CodeIgniter->runController(Object(App\Controllers\Admin))
14 FCPATH\vendor\codeigniter4\framework\system\CodeIgniter.php(354): CodeIgniter\CodeIgniter->handleRequest(null, Object(Config\Cache), false)
15 SYSTEMPATH\Boot.php(334): CodeIgniter\CodeIgniter->run()
16 SYSTEMPATH\Boot.php(67): CodeIgniter\Boot::runCodeIgniter(Object(CodeIgniter\CodeIgniter))
17 FCPATH\index.php(56): CodeIgniter\Boot::bootWeb(Object(Config\Paths))
ERROR - 2025-09-04 16:40:54 --> mysqli_sql_exception: Duplicate column name 'bookings_tb_id' in C:\xampp\htdocs\Bus-Reservation-System\vendor\codeigniter4\framework\system\Database\MySQLi\Connection.php:327
Stack trace:
#0 C:\xampp\htdocs\Bus-Reservation-System\vendor\codeigniter4\framework\system\Database\MySQLi\Connection.php(327): mysqli->query('SELECT COUNT(*)...', 0)
#1 C:\xampp\htdocs\Bus-Reservation-System\vendor\codeigniter4\framework\system\Database\BaseConnection.php(738): CodeIgniter\Database\MySQLi\Connection->execute('SELECT COUNT(*)...')
#2 C:\xampp\htdocs\Bus-Reservation-System\vendor\codeigniter4\framework\system\Database\BaseConnection.php(652): CodeIgniter\Database\BaseConnection->simpleQuery('SELECT COUNT(*)...')
#3 C:\xampp\htdocs\Bus-Reservation-System\vendor\codeigniter4\framework\system\Database\BaseBuilder.php(1733): CodeIgniter\Database\BaseConnection->query('SELECT COUNT(*)...', Array, false)
#4 C:\xampp\htdocs\Bus-Reservation-System\vendor\codeigniter4\framework\system\Model.php(676): CodeIgniter\Database\BaseBuilder->countAllResults(true)
#5 C:\xampp\htdocs\Bus-Reservation-System\system\Helpers\dashboard_helper.php(44): CodeIgniter\Model->countAllResults()
#6 C:\xampp\htdocs\Bus-Reservation-System\app\Views\admin\dashboard.php(61): getBusesInTransit()
#7 C:\xampp\htdocs\Bus-Reservation-System\vendor\codeigniter4\framework\system\View\View.php(224): include('C:\\xampp\\htdocs...')
#8 C:\xampp\htdocs\Bus-Reservation-System\vendor\codeigniter4\framework\system\View\View.php(227): CodeIgniter\View\View->CodeIgniter\View\{closure}()
#9 C:\xampp\htdocs\Bus-Reservation-System\system\Common.php(1173): CodeIgniter\View\View->render('admin/dashboard', Array, true)
#10 C:\xampp\htdocs\Bus-Reservation-System\app\Controllers\Admin.php(24): view('admin/dashboard')
#11 C:\xampp\htdocs\Bus-Reservation-System\vendor\codeigniter4\framework\system\CodeIgniter.php(933): App\Controllers\Admin->index()
#12 C:\xampp\htdocs\Bus-Reservation-System\vendor\codeigniter4\framework\system\CodeIgniter.php(507): CodeIgniter\CodeIgniter->runController(Object(App\Controllers\Admin))
#13 C:\xampp\htdocs\Bus-Reservation-System\vendor\codeigniter4\framework\system\CodeIgniter.php(354): CodeIgniter\CodeIgniter->handleRequest(NULL, Object(Config\Cache), false)
#14 C:\xampp\htdocs\Bus-Reservation-System\system\Boot.php(334): CodeIgniter\CodeIgniter->run()
#15 C:\xampp\htdocs\Bus-Reservation-System\system\Boot.php(67): CodeIgniter\Boot::runCodeIgniter(Object(CodeIgniter\CodeIgniter))
#16 C:\xampp\htdocs\Bus-Reservation-System\index.php(56): CodeIgniter\Boot::bootWeb(Object(Config\Paths))
#17 {main}
CRITICAL - 2025-09-04 16:40:54 --> CodeIgniter\Database\Exceptions\DatabaseException: Duplicate column name 'bookings_tb_id'
[Method: GET, Route: admin/dashboard]
in FCPATH\vendor\codeigniter4\framework\system\Database\BaseConnection.php on line 692.
 1 FCPATH\vendor\codeigniter4\framework\system\Database\BaseBuilder.php(1733): CodeIgniter\Database\BaseConnection->query('SELECT COUNT(*) AS `numrows`
FROM (
SELECT *
FROM `passengers_tb`
JOIN `bookings_tb` ON `bookings_tb`.`bookings_tb_id` = `passengers_tb`.`bookings_tb_id`
JOIN `bus_routes_tb` ON `bus_routes_tb`.`bus_routes_tb_id` = `bookings_tb`.`bus_routes_tb_id`
JOIN `bus_trav_sched_tb` ON `bus_trav_sched_tb`.`bus_trav_sched_tb_id` = `bus_routes_tb`.`bus_trav_sched_tb_id`
JOIN `buses_tb` ON `buses_tb`.`buses_tb_id` = `bus_trav_sched_tb`.`buses_tb_id`
WHERE `passengers_tb`.`travel_status` = :passengers_tb.travel_status:
GROUP BY `buses_tb`.`buses_tb_id`
) CI_count_all_results', [...], false)
 2 FCPATH\vendor\codeigniter4\framework\system\Model.php(676): CodeIgniter\Database\BaseBuilder->countAllResults(true)
 3 SYSTEMPATH\Helpers\dashboard_helper.php(44): CodeIgniter\Model->countAllResults()
 4 APPPATH\Views\admin\dashboard.php(61): getBusesInTransit()
 5 FCPATH\vendor\codeigniter4\framework\system\View\View.php(224): include('C:\\xampp\\htdocs\\Bus-Reservation-System\\app\\Views\\admin\\dashboard.php')
 6 FCPATH\vendor\codeigniter4\framework\system\View\View.php(227): CodeIgniter\View\View->CodeIgniter\View\{closure}()
 7 SYSTEMPATH\Common.php(1173): CodeIgniter\View\View->render('admin/dashboard', [], true)
 8 APPPATH\Controllers\Admin.php(24): view('admin/dashboard')
 9 FCPATH\vendor\codeigniter4\framework\system\CodeIgniter.php(933): App\Controllers\Admin->index()
10 FCPATH\vendor\codeigniter4\framework\system\CodeIgniter.php(507): CodeIgniter\CodeIgniter->runController(Object(App\Controllers\Admin))
11 FCPATH\vendor\codeigniter4\framework\system\CodeIgniter.php(354): CodeIgniter\CodeIgniter->handleRequest(null, Object(Config\Cache), false)
12 SYSTEMPATH\Boot.php(334): CodeIgniter\CodeIgniter->run()
13 SYSTEMPATH\Boot.php(67): CodeIgniter\Boot::runCodeIgniter(Object(CodeIgniter\CodeIgniter))
14 FCPATH\index.php(56): CodeIgniter\Boot::bootWeb(Object(Config\Paths))
CRITICAL - 2025-09-04 16:40:54 --> [Caused by] CodeIgniter\Database\Exceptions\DatabaseException: Duplicate column name 'bookings_tb_id'
in FCPATH\vendor\codeigniter4\framework\system\Database\MySQLi\Connection.php on line 332.
 1 FCPATH\vendor\codeigniter4\framework\system\Database\BaseConnection.php(738): CodeIgniter\Database\MySQLi\Connection->execute('SELECT COUNT(*) AS `numrows`
FROM (
SELECT *
FROM `passengers_tb`
JOIN `bookings_tb` ON `bookings_tb`.`bookings_tb_id` = `passengers_tb`.`bookings_tb_id`
JOIN `bus_routes_tb` ON `bus_routes_tb`.`bus_routes_tb_id` = `bookings_tb`.`bus_routes_tb_id`
JOIN `bus_trav_sched_tb` ON `bus_trav_sched_tb`.`bus_trav_sched_tb_id` = `bus_routes_tb`.`bus_trav_sched_tb_id`
JOIN `buses_tb` ON `buses_tb`.`buses_tb_id` = `bus_trav_sched_tb`.`buses_tb_id`
WHERE `passengers_tb`.`travel_status` = \'In Transit\'
GROUP BY `buses_tb`.`buses_tb_id`
) CI_count_all_results')
 2 FCPATH\vendor\codeigniter4\framework\system\Database\BaseConnection.php(652): CodeIgniter\Database\BaseConnection->simpleQuery('SELECT COUNT(*) AS `numrows`
FROM (
SELECT *
FROM `passengers_tb`
JOIN `bookings_tb` ON `bookings_tb`.`bookings_tb_id` = `passengers_tb`.`bookings_tb_id`
JOIN `bus_routes_tb` ON `bus_routes_tb`.`bus_routes_tb_id` = `bookings_tb`.`bus_routes_tb_id`
JOIN `bus_trav_sched_tb` ON `bus_trav_sched_tb`.`bus_trav_sched_tb_id` = `bus_routes_tb`.`bus_trav_sched_tb_id`
JOIN `buses_tb` ON `buses_tb`.`buses_tb_id` = `bus_trav_sched_tb`.`buses_tb_id`
WHERE `passengers_tb`.`travel_status` = \'In Transit\'
GROUP BY `buses_tb`.`buses_tb_id`
) CI_count_all_results')
 3 FCPATH\vendor\codeigniter4\framework\system\Database\BaseBuilder.php(1733): CodeIgniter\Database\BaseConnection->query('SELECT COUNT(*) AS `numrows`
FROM (
SELECT *
FROM `passengers_tb`
JOIN `bookings_tb` ON `bookings_tb`.`bookings_tb_id` = `passengers_tb`.`bookings_tb_id`
JOIN `bus_routes_tb` ON `bus_routes_tb`.`bus_routes_tb_id` = `bookings_tb`.`bus_routes_tb_id`
JOIN `bus_trav_sched_tb` ON `bus_trav_sched_tb`.`bus_trav_sched_tb_id` = `bus_routes_tb`.`bus_trav_sched_tb_id`
JOIN `buses_tb` ON `buses_tb`.`buses_tb_id` = `bus_trav_sched_tb`.`buses_tb_id`
WHERE `passengers_tb`.`travel_status` = :passengers_tb.travel_status:
GROUP BY `buses_tb`.`buses_tb_id`
) CI_count_all_results', [...], false)
 4 FCPATH\vendor\codeigniter4\framework\system\Model.php(676): CodeIgniter\Database\BaseBuilder->countAllResults(true)
 5 SYSTEMPATH\Helpers\dashboard_helper.php(44): CodeIgniter\Model->countAllResults()
 6 APPPATH\Views\admin\dashboard.php(61): getBusesInTransit()
 7 FCPATH\vendor\codeigniter4\framework\system\View\View.php(224): include('C:\\xampp\\htdocs\\Bus-Reservation-System\\app\\Views\\admin\\dashboard.php')
 8 FCPATH\vendor\codeigniter4\framework\system\View\View.php(227): CodeIgniter\View\View->CodeIgniter\View\{closure}()
 9 SYSTEMPATH\Common.php(1173): CodeIgniter\View\View->render('admin/dashboard', [], true)
10 APPPATH\Controllers\Admin.php(24): view('admin/dashboard')
11 FCPATH\vendor\codeigniter4\framework\system\CodeIgniter.php(933): App\Controllers\Admin->index()
12 FCPATH\vendor\codeigniter4\framework\system\CodeIgniter.php(507): CodeIgniter\CodeIgniter->runController(Object(App\Controllers\Admin))
13 FCPATH\vendor\codeigniter4\framework\system\CodeIgniter.php(354): CodeIgniter\CodeIgniter->handleRequest(null, Object(Config\Cache), false)
14 SYSTEMPATH\Boot.php(334): CodeIgniter\CodeIgniter->run()
15 SYSTEMPATH\Boot.php(67): CodeIgniter\Boot::runCodeIgniter(Object(CodeIgniter\CodeIgniter))
16 FCPATH\index.php(56): CodeIgniter\Boot::bootWeb(Object(Config\Paths))
CRITICAL - 2025-09-04 16:40:54 --> [Caused by] mysqli_sql_exception: Duplicate column name 'bookings_tb_id'
in FCPATH\vendor\codeigniter4\framework\system\Database\MySQLi\Connection.php on line 327.
 1 FCPATH\vendor\codeigniter4\framework\system\Database\MySQLi\Connection.php(327): mysqli->query('SELECT COUNT(*) AS `numrows`
FROM (
SELECT *
FROM `passengers_tb`
JOIN `bookings_tb` ON `bookings_tb`.`bookings_tb_id` = `passengers_tb`.`bookings_tb_id`
JOIN `bus_routes_tb` ON `bus_routes_tb`.`bus_routes_tb_id` = `bookings_tb`.`bus_routes_tb_id`
JOIN `bus_trav_sched_tb` ON `bus_trav_sched_tb`.`bus_trav_sched_tb_id` = `bus_routes_tb`.`bus_trav_sched_tb_id`
JOIN `buses_tb` ON `buses_tb`.`buses_tb_id` = `bus_trav_sched_tb`.`buses_tb_id`
WHERE `passengers_tb`.`travel_status` = \'In Transit\'
GROUP BY `buses_tb`.`buses_tb_id`
) CI_count_all_results', 0)
 2 FCPATH\vendor\codeigniter4\framework\system\Database\BaseConnection.php(738): CodeIgniter\Database\MySQLi\Connection->execute('SELECT COUNT(*) AS `numrows`
FROM (
SELECT *
FROM `passengers_tb`
JOIN `bookings_tb` ON `bookings_tb`.`bookings_tb_id` = `passengers_tb`.`bookings_tb_id`
JOIN `bus_routes_tb` ON `bus_routes_tb`.`bus_routes_tb_id` = `bookings_tb`.`bus_routes_tb_id`
JOIN `bus_trav_sched_tb` ON `bus_trav_sched_tb`.`bus_trav_sched_tb_id` = `bus_routes_tb`.`bus_trav_sched_tb_id`
JOIN `buses_tb` ON `buses_tb`.`buses_tb_id` = `bus_trav_sched_tb`.`buses_tb_id`
WHERE `passengers_tb`.`travel_status` = \'In Transit\'
GROUP BY `buses_tb`.`buses_tb_id`
) CI_count_all_results')
 3 FCPATH\vendor\codeigniter4\framework\system\Database\BaseConnection.php(652): CodeIgniter\Database\BaseConnection->simpleQuery('SELECT COUNT(*) AS `numrows`
FROM (
SELECT *
FROM `passengers_tb`
JOIN `bookings_tb` ON `bookings_tb`.`bookings_tb_id` = `passengers_tb`.`bookings_tb_id`
JOIN `bus_routes_tb` ON `bus_routes_tb`.`bus_routes_tb_id` = `bookings_tb`.`bus_routes_tb_id`
JOIN `bus_trav_sched_tb` ON `bus_trav_sched_tb`.`bus_trav_sched_tb_id` = `bus_routes_tb`.`bus_trav_sched_tb_id`
JOIN `buses_tb` ON `buses_tb`.`buses_tb_id` = `bus_trav_sched_tb`.`buses_tb_id`
WHERE `passengers_tb`.`travel_status` = \'In Transit\'
GROUP BY `buses_tb`.`buses_tb_id`
) CI_count_all_results')
 4 FCPATH\vendor\codeigniter4\framework\system\Database\BaseBuilder.php(1733): CodeIgniter\Database\BaseConnection->query('SELECT COUNT(*) AS `numrows`
FROM (
SELECT *
FROM `passengers_tb`
JOIN `bookings_tb` ON `bookings_tb`.`bookings_tb_id` = `passengers_tb`.`bookings_tb_id`
JOIN `bus_routes_tb` ON `bus_routes_tb`.`bus_routes_tb_id` = `bookings_tb`.`bus_routes_tb_id`
JOIN `bus_trav_sched_tb` ON `bus_trav_sched_tb`.`bus_trav_sched_tb_id` = `bus_routes_tb`.`bus_trav_sched_tb_id`
JOIN `buses_tb` ON `buses_tb`.`buses_tb_id` = `bus_trav_sched_tb`.`buses_tb_id`
WHERE `passengers_tb`.`travel_status` = :passengers_tb.travel_status:
GROUP BY `buses_tb`.`buses_tb_id`
) CI_count_all_results', [...], false)
 5 FCPATH\vendor\codeigniter4\framework\system\Model.php(676): CodeIgniter\Database\BaseBuilder->countAllResults(true)
 6 SYSTEMPATH\Helpers\dashboard_helper.php(44): CodeIgniter\Model->countAllResults()
 7 APPPATH\Views\admin\dashboard.php(61): getBusesInTransit()
 8 FCPATH\vendor\codeigniter4\framework\system\View\View.php(224): include('C:\\xampp\\htdocs\\Bus-Reservation-System\\app\\Views\\admin\\dashboard.php')
 9 FCPATH\vendor\codeigniter4\framework\system\View\View.php(227): CodeIgniter\View\View->CodeIgniter\View\{closure}()
10 SYSTEMPATH\Common.php(1173): CodeIgniter\View\View->render('admin/dashboard', [], true)
11 APPPATH\Controllers\Admin.php(24): view('admin/dashboard')
12 FCPATH\vendor\codeigniter4\framework\system\CodeIgniter.php(933): App\Controllers\Admin->index()
13 FCPATH\vendor\codeigniter4\framework\system\CodeIgniter.php(507): CodeIgniter\CodeIgniter->runController(Object(App\Controllers\Admin))
14 FCPATH\vendor\codeigniter4\framework\system\CodeIgniter.php(354): CodeIgniter\CodeIgniter->handleRequest(null, Object(Config\Cache), false)
15 SYSTEMPATH\Boot.php(334): CodeIgniter\CodeIgniter->run()
16 SYSTEMPATH\Boot.php(67): CodeIgniter\Boot::runCodeIgniter(Object(CodeIgniter\CodeIgniter))
17 FCPATH\index.php(56): CodeIgniter\Boot::bootWeb(Object(Config\Paths))
ERROR - 2025-09-04 16:40:56 --> mysqli_sql_exception: Duplicate column name 'bookings_tb_id' in C:\xampp\htdocs\Bus-Reservation-System\vendor\codeigniter4\framework\system\Database\MySQLi\Connection.php:327
Stack trace:
#0 C:\xampp\htdocs\Bus-Reservation-System\vendor\codeigniter4\framework\system\Database\MySQLi\Connection.php(327): mysqli->query('SELECT COUNT(*)...', 0)
#1 C:\xampp\htdocs\Bus-Reservation-System\vendor\codeigniter4\framework\system\Database\BaseConnection.php(738): CodeIgniter\Database\MySQLi\Connection->execute('SELECT COUNT(*)...')
#2 C:\xampp\htdocs\Bus-Reservation-System\vendor\codeigniter4\framework\system\Database\BaseConnection.php(652): CodeIgniter\Database\BaseConnection->simpleQuery('SELECT COUNT(*)...')
#3 C:\xampp\htdocs\Bus-Reservation-System\vendor\codeigniter4\framework\system\Database\BaseBuilder.php(1733): CodeIgniter\Database\BaseConnection->query('SELECT COUNT(*)...', Array, false)
#4 C:\xampp\htdocs\Bus-Reservation-System\vendor\codeigniter4\framework\system\Model.php(676): CodeIgniter\Database\BaseBuilder->countAllResults(true)
#5 C:\xampp\htdocs\Bus-Reservation-System\system\Helpers\dashboard_helper.php(44): CodeIgniter\Model->countAllResults()
#6 C:\xampp\htdocs\Bus-Reservation-System\app\Views\admin\dashboard.php(61): getBusesInTransit()
#7 C:\xampp\htdocs\Bus-Reservation-System\vendor\codeigniter4\framework\system\View\View.php(224): include('C:\\xampp\\htdocs...')
#8 C:\xampp\htdocs\Bus-Reservation-System\vendor\codeigniter4\framework\system\View\View.php(227): CodeIgniter\View\View->CodeIgniter\View\{closure}()
#9 C:\xampp\htdocs\Bus-Reservation-System\system\Common.php(1173): CodeIgniter\View\View->render('admin/dashboard', Array, true)
#10 C:\xampp\htdocs\Bus-Reservation-System\app\Controllers\Admin.php(24): view('admin/dashboard')
#11 C:\xampp\htdocs\Bus-Reservation-System\vendor\codeigniter4\framework\system\CodeIgniter.php(933): App\Controllers\Admin->index()
#12 C:\xampp\htdocs\Bus-Reservation-System\vendor\codeigniter4\framework\system\CodeIgniter.php(507): CodeIgniter\CodeIgniter->runController(Object(App\Controllers\Admin))
#13 C:\xampp\htdocs\Bus-Reservation-System\vendor\codeigniter4\framework\system\CodeIgniter.php(354): CodeIgniter\CodeIgniter->handleRequest(NULL, Object(Config\Cache), false)
#14 C:\xampp\htdocs\Bus-Reservation-System\system\Boot.php(334): CodeIgniter\CodeIgniter->run()
#15 C:\xampp\htdocs\Bus-Reservation-System\system\Boot.php(67): CodeIgniter\Boot::runCodeIgniter(Object(CodeIgniter\CodeIgniter))
#16 C:\xampp\htdocs\Bus-Reservation-System\index.php(56): CodeIgniter\Boot::bootWeb(Object(Config\Paths))
#17 {main}
CRITICAL - 2025-09-04 16:40:56 --> CodeIgniter\Database\Exceptions\DatabaseException: Duplicate column name 'bookings_tb_id'
[Method: GET, Route: admin/dashboard]
in FCPATH\vendor\codeigniter4\framework\system\Database\BaseConnection.php on line 692.
 1 FCPATH\vendor\codeigniter4\framework\system\Database\BaseBuilder.php(1733): CodeIgniter\Database\BaseConnection->query('SELECT COUNT(*) AS `numrows`
FROM (
SELECT *
FROM `passengers_tb`
JOIN `bookings_tb` ON `bookings_tb`.`bookings_tb_id` = `passengers_tb`.`bookings_tb_id`
JOIN `bus_routes_tb` ON `bus_routes_tb`.`bus_routes_tb_id` = `bookings_tb`.`bus_routes_tb_id`
JOIN `bus_trav_sched_tb` ON `bus_trav_sched_tb`.`bus_trav_sched_tb_id` = `bus_routes_tb`.`bus_trav_sched_tb_id`
JOIN `buses_tb` ON `buses_tb`.`buses_tb_id` = `bus_trav_sched_tb`.`buses_tb_id`
WHERE `passengers_tb`.`travel_status` = :passengers_tb.travel_status:
GROUP BY `buses_tb`.`buses_tb_id`
) CI_count_all_results', [...], false)
 2 FCPATH\vendor\codeigniter4\framework\system\Model.php(676): CodeIgniter\Database\BaseBuilder->countAllResults(true)
 3 SYSTEMPATH\Helpers\dashboard_helper.php(44): CodeIgniter\Model->countAllResults()
 4 APPPATH\Views\admin\dashboard.php(61): getBusesInTransit()
 5 FCPATH\vendor\codeigniter4\framework\system\View\View.php(224): include('C:\\xampp\\htdocs\\Bus-Reservation-System\\app\\Views\\admin\\dashboard.php')
 6 FCPATH\vendor\codeigniter4\framework\system\View\View.php(227): CodeIgniter\View\View->CodeIgniter\View\{closure}()
 7 SYSTEMPATH\Common.php(1173): CodeIgniter\View\View->render('admin/dashboard', [], true)
 8 APPPATH\Controllers\Admin.php(24): view('admin/dashboard')
 9 FCPATH\vendor\codeigniter4\framework\system\CodeIgniter.php(933): App\Controllers\Admin->index()
10 FCPATH\vendor\codeigniter4\framework\system\CodeIgniter.php(507): CodeIgniter\CodeIgniter->runController(Object(App\Controllers\Admin))
11 FCPATH\vendor\codeigniter4\framework\system\CodeIgniter.php(354): CodeIgniter\CodeIgniter->handleRequest(null, Object(Config\Cache), false)
12 SYSTEMPATH\Boot.php(334): CodeIgniter\CodeIgniter->run()
13 SYSTEMPATH\Boot.php(67): CodeIgniter\Boot::runCodeIgniter(Object(CodeIgniter\CodeIgniter))
14 FCPATH\index.php(56): CodeIgniter\Boot::bootWeb(Object(Config\Paths))
CRITICAL - 2025-09-04 16:40:56 --> [Caused by] CodeIgniter\Database\Exceptions\DatabaseException: Duplicate column name 'bookings_tb_id'
in FCPATH\vendor\codeigniter4\framework\system\Database\MySQLi\Connection.php on line 332.
 1 FCPATH\vendor\codeigniter4\framework\system\Database\BaseConnection.php(738): CodeIgniter\Database\MySQLi\Connection->execute('SELECT COUNT(*) AS `numrows`
FROM (
SELECT *
FROM `passengers_tb`
JOIN `bookings_tb` ON `bookings_tb`.`bookings_tb_id` = `passengers_tb`.`bookings_tb_id`
JOIN `bus_routes_tb` ON `bus_routes_tb`.`bus_routes_tb_id` = `bookings_tb`.`bus_routes_tb_id`
JOIN `bus_trav_sched_tb` ON `bus_trav_sched_tb`.`bus_trav_sched_tb_id` = `bus_routes_tb`.`bus_trav_sched_tb_id`
JOIN `buses_tb` ON `buses_tb`.`buses_tb_id` = `bus_trav_sched_tb`.`buses_tb_id`
WHERE `passengers_tb`.`travel_status` = \'In Transit\'
GROUP BY `buses_tb`.`buses_tb_id`
) CI_count_all_results')
 2 FCPATH\vendor\codeigniter4\framework\system\Database\BaseConnection.php(652): CodeIgniter\Database\BaseConnection->simpleQuery('SELECT COUNT(*) AS `numrows`
FROM (
SELECT *
FROM `passengers_tb`
JOIN `bookings_tb` ON `bookings_tb`.`bookings_tb_id` = `passengers_tb`.`bookings_tb_id`
JOIN `bus_routes_tb` ON `bus_routes_tb`.`bus_routes_tb_id` = `bookings_tb`.`bus_routes_tb_id`
JOIN `bus_trav_sched_tb` ON `bus_trav_sched_tb`.`bus_trav_sched_tb_id` = `bus_routes_tb`.`bus_trav_sched_tb_id`
JOIN `buses_tb` ON `buses_tb`.`buses_tb_id` = `bus_trav_sched_tb`.`buses_tb_id`
WHERE `passengers_tb`.`travel_status` = \'In Transit\'
GROUP BY `buses_tb`.`buses_tb_id`
) CI_count_all_results')
 3 FCPATH\vendor\codeigniter4\framework\system\Database\BaseBuilder.php(1733): CodeIgniter\Database\BaseConnection->query('SELECT COUNT(*) AS `numrows`
FROM (
SELECT *
FROM `passengers_tb`
JOIN `bookings_tb` ON `bookings_tb`.`bookings_tb_id` = `passengers_tb`.`bookings_tb_id`
JOIN `bus_routes_tb` ON `bus_routes_tb`.`bus_routes_tb_id` = `bookings_tb`.`bus_routes_tb_id`
JOIN `bus_trav_sched_tb` ON `bus_trav_sched_tb`.`bus_trav_sched_tb_id` = `bus_routes_tb`.`bus_trav_sched_tb_id`
JOIN `buses_tb` ON `buses_tb`.`buses_tb_id` = `bus_trav_sched_tb`.`buses_tb_id`
WHERE `passengers_tb`.`travel_status` = :passengers_tb.travel_status:
GROUP BY `buses_tb`.`buses_tb_id`
) CI_count_all_results', [...], false)
 4 FCPATH\vendor\codeigniter4\framework\system\Model.php(676): CodeIgniter\Database\BaseBuilder->countAllResults(true)
 5 SYSTEMPATH\Helpers\dashboard_helper.php(44): CodeIgniter\Model->countAllResults()
 6 APPPATH\Views\admin\dashboard.php(61): getBusesInTransit()
 7 FCPATH\vendor\codeigniter4\framework\system\View\View.php(224): include('C:\\xampp\\htdocs\\Bus-Reservation-System\\app\\Views\\admin\\dashboard.php')
 8 FCPATH\vendor\codeigniter4\framework\system\View\View.php(227): CodeIgniter\View\View->CodeIgniter\View\{closure}()
 9 SYSTEMPATH\Common.php(1173): CodeIgniter\View\View->render('admin/dashboard', [], true)
10 APPPATH\Controllers\Admin.php(24): view('admin/dashboard')
11 FCPATH\vendor\codeigniter4\framework\system\CodeIgniter.php(933): App\Controllers\Admin->index()
12 FCPATH\vendor\codeigniter4\framework\system\CodeIgniter.php(507): CodeIgniter\CodeIgniter->runController(Object(App\Controllers\Admin))
13 FCPATH\vendor\codeigniter4\framework\system\CodeIgniter.php(354): CodeIgniter\CodeIgniter->handleRequest(null, Object(Config\Cache), false)
14 SYSTEMPATH\Boot.php(334): CodeIgniter\CodeIgniter->run()
15 SYSTEMPATH\Boot.php(67): CodeIgniter\Boot::runCodeIgniter(Object(CodeIgniter\CodeIgniter))
16 FCPATH\index.php(56): CodeIgniter\Boot::bootWeb(Object(Config\Paths))
CRITICAL - 2025-09-04 16:40:56 --> [Caused by] mysqli_sql_exception: Duplicate column name 'bookings_tb_id'
in FCPATH\vendor\codeigniter4\framework\system\Database\MySQLi\Connection.php on line 327.
 1 FCPATH\vendor\codeigniter4\framework\system\Database\MySQLi\Connection.php(327): mysqli->query('SELECT COUNT(*) AS `numrows`
FROM (
SELECT *
FROM `passengers_tb`
JOIN `bookings_tb` ON `bookings_tb`.`bookings_tb_id` = `passengers_tb`.`bookings_tb_id`
JOIN `bus_routes_tb` ON `bus_routes_tb`.`bus_routes_tb_id` = `bookings_tb`.`bus_routes_tb_id`
JOIN `bus_trav_sched_tb` ON `bus_trav_sched_tb`.`bus_trav_sched_tb_id` = `bus_routes_tb`.`bus_trav_sched_tb_id`
JOIN `buses_tb` ON `buses_tb`.`buses_tb_id` = `bus_trav_sched_tb`.`buses_tb_id`
WHERE `passengers_tb`.`travel_status` = \'In Transit\'
GROUP BY `buses_tb`.`buses_tb_id`
) CI_count_all_results', 0)
 2 FCPATH\vendor\codeigniter4\framework\system\Database\BaseConnection.php(738): CodeIgniter\Database\MySQLi\Connection->execute('SELECT COUNT(*) AS `numrows`
FROM (
SELECT *
FROM `passengers_tb`
JOIN `bookings_tb` ON `bookings_tb`.`bookings_tb_id` = `passengers_tb`.`bookings_tb_id`
JOIN `bus_routes_tb` ON `bus_routes_tb`.`bus_routes_tb_id` = `bookings_tb`.`bus_routes_tb_id`
JOIN `bus_trav_sched_tb` ON `bus_trav_sched_tb`.`bus_trav_sched_tb_id` = `bus_routes_tb`.`bus_trav_sched_tb_id`
JOIN `buses_tb` ON `buses_tb`.`buses_tb_id` = `bus_trav_sched_tb`.`buses_tb_id`
WHERE `passengers_tb`.`travel_status` = \'In Transit\'
GROUP BY `buses_tb`.`buses_tb_id`
) CI_count_all_results')
 3 FCPATH\vendor\codeigniter4\framework\system\Database\BaseConnection.php(652): CodeIgniter\Database\BaseConnection->simpleQuery('SELECT COUNT(*) AS `numrows`
FROM (
SELECT *
FROM `passengers_tb`
JOIN `bookings_tb` ON `bookings_tb`.`bookings_tb_id` = `passengers_tb`.`bookings_tb_id`
JOIN `bus_routes_tb` ON `bus_routes_tb`.`bus_routes_tb_id` = `bookings_tb`.`bus_routes_tb_id`
JOIN `bus_trav_sched_tb` ON `bus_trav_sched_tb`.`bus_trav_sched_tb_id` = `bus_routes_tb`.`bus_trav_sched_tb_id`
JOIN `buses_tb` ON `buses_tb`.`buses_tb_id` = `bus_trav_sched_tb`.`buses_tb_id`
WHERE `passengers_tb`.`travel_status` = \'In Transit\'
GROUP BY `buses_tb`.`buses_tb_id`
) CI_count_all_results')
 4 FCPATH\vendor\codeigniter4\framework\system\Database\BaseBuilder.php(1733): CodeIgniter\Database\BaseConnection->query('SELECT COUNT(*) AS `numrows`
FROM (
SELECT *
FROM `passengers_tb`
JOIN `bookings_tb` ON `bookings_tb`.`bookings_tb_id` = `passengers_tb`.`bookings_tb_id`
JOIN `bus_routes_tb` ON `bus_routes_tb`.`bus_routes_tb_id` = `bookings_tb`.`bus_routes_tb_id`
JOIN `bus_trav_sched_tb` ON `bus_trav_sched_tb`.`bus_trav_sched_tb_id` = `bus_routes_tb`.`bus_trav_sched_tb_id`
JOIN `buses_tb` ON `buses_tb`.`buses_tb_id` = `bus_trav_sched_tb`.`buses_tb_id`
WHERE `passengers_tb`.`travel_status` = :passengers_tb.travel_status:
GROUP BY `buses_tb`.`buses_tb_id`
) CI_count_all_results', [...], false)
 5 FCPATH\vendor\codeigniter4\framework\system\Model.php(676): CodeIgniter\Database\BaseBuilder->countAllResults(true)
 6 SYSTEMPATH\Helpers\dashboard_helper.php(44): CodeIgniter\Model->countAllResults()
 7 APPPATH\Views\admin\dashboard.php(61): getBusesInTransit()
 8 FCPATH\vendor\codeigniter4\framework\system\View\View.php(224): include('C:\\xampp\\htdocs\\Bus-Reservation-System\\app\\Views\\admin\\dashboard.php')
 9 FCPATH\vendor\codeigniter4\framework\system\View\View.php(227): CodeIgniter\View\View->CodeIgniter\View\{closure}()
10 SYSTEMPATH\Common.php(1173): CodeIgniter\View\View->render('admin/dashboard', [], true)
11 APPPATH\Controllers\Admin.php(24): view('admin/dashboard')
12 FCPATH\vendor\codeigniter4\framework\system\CodeIgniter.php(933): App\Controllers\Admin->index()
13 FCPATH\vendor\codeigniter4\framework\system\CodeIgniter.php(507): CodeIgniter\CodeIgniter->runController(Object(App\Controllers\Admin))
14 FCPATH\vendor\codeigniter4\framework\system\CodeIgniter.php(354): CodeIgniter\CodeIgniter->handleRequest(null, Object(Config\Cache), false)
15 SYSTEMPATH\Boot.php(334): CodeIgniter\CodeIgniter->run()
16 SYSTEMPATH\Boot.php(67): CodeIgniter\Boot::runCodeIgniter(Object(CodeIgniter\CodeIgniter))
17 FCPATH\index.php(56): CodeIgniter\Boot::bootWeb(Object(Config\Paths))
ERROR - 2025-09-04 16:43:26 --> mysqli_sql_exception: Duplicate column name 'bookings_tb_id' in C:\xampp\htdocs\Bus-Reservation-System\vendor\codeigniter4\framework\system\Database\MySQLi\Connection.php:327
Stack trace:
#0 C:\xampp\htdocs\Bus-Reservation-System\vendor\codeigniter4\framework\system\Database\MySQLi\Connection.php(327): mysqli->query('SELECT COUNT(*)...', 0)
#1 C:\xampp\htdocs\Bus-Reservation-System\vendor\codeigniter4\framework\system\Database\BaseConnection.php(738): CodeIgniter\Database\MySQLi\Connection->execute('SELECT COUNT(*)...')
#2 C:\xampp\htdocs\Bus-Reservation-System\vendor\codeigniter4\framework\system\Database\BaseConnection.php(652): CodeIgniter\Database\BaseConnection->simpleQuery('SELECT COUNT(*)...')
#3 C:\xampp\htdocs\Bus-Reservation-System\vendor\codeigniter4\framework\system\Database\BaseBuilder.php(1733): CodeIgniter\Database\BaseConnection->query('SELECT COUNT(*)...', Array, false)
#4 C:\xampp\htdocs\Bus-Reservation-System\vendor\codeigniter4\framework\system\Model.php(676): CodeIgniter\Database\BaseBuilder->countAllResults(true)
#5 C:\xampp\htdocs\Bus-Reservation-System\system\Helpers\dashboard_helper.php(44): CodeIgniter\Model->countAllResults()
#6 C:\xampp\htdocs\Bus-Reservation-System\app\Views\admin\dashboard.php(61): getBusesInTransit()
#7 C:\xampp\htdocs\Bus-Reservation-System\vendor\codeigniter4\framework\system\View\View.php(224): include('C:\\xampp\\htdocs...')
#8 C:\xampp\htdocs\Bus-Reservation-System\vendor\codeigniter4\framework\system\View\View.php(227): CodeIgniter\View\View->CodeIgniter\View\{closure}()
#9 C:\xampp\htdocs\Bus-Reservation-System\system\Common.php(1173): CodeIgniter\View\View->render('admin/dashboard', Array, true)
#10 C:\xampp\htdocs\Bus-Reservation-System\app\Controllers\Admin.php(24): view('admin/dashboard')
#11 C:\xampp\htdocs\Bus-Reservation-System\vendor\codeigniter4\framework\system\CodeIgniter.php(933): App\Controllers\Admin->index()
#12 C:\xampp\htdocs\Bus-Reservation-System\vendor\codeigniter4\framework\system\CodeIgniter.php(507): CodeIgniter\CodeIgniter->runController(Object(App\Controllers\Admin))
#13 C:\xampp\htdocs\Bus-Reservation-System\vendor\codeigniter4\framework\system\CodeIgniter.php(354): CodeIgniter\CodeIgniter->handleRequest(NULL, Object(Config\Cache), false)
#14 C:\xampp\htdocs\Bus-Reservation-System\system\Boot.php(334): CodeIgniter\CodeIgniter->run()
#15 C:\xampp\htdocs\Bus-Reservation-System\system\Boot.php(67): CodeIgniter\Boot::runCodeIgniter(Object(CodeIgniter\CodeIgniter))
#16 C:\xampp\htdocs\Bus-Reservation-System\index.php(56): CodeIgniter\Boot::bootWeb(Object(Config\Paths))
#17 {main}
CRITICAL - 2025-09-04 16:43:26 --> CodeIgniter\Database\Exceptions\DatabaseException: Duplicate column name 'bookings_tb_id'
[Method: GET, Route: admin/dashboard]
in FCPATH\vendor\codeigniter4\framework\system\Database\BaseConnection.php on line 692.
 1 FCPATH\vendor\codeigniter4\framework\system\Database\BaseBuilder.php(1733): CodeIgniter\Database\BaseConnection->query('SELECT COUNT(*) AS `numrows`
FROM (
SELECT *
FROM `passengers_tb`
JOIN `bookings_tb` ON `bookings_tb`.`bookings_tb_id` = `passengers_tb`.`bookings_tb_id`
JOIN `bus_routes_tb` ON `bus_routes_tb`.`bus_routes_tb_id` = `bookings_tb`.`bus_routes_tb_id`
JOIN `bus_trav_sched_tb` ON `bus_trav_sched_tb`.`bus_trav_sched_tb_id` = `bus_routes_tb`.`bus_trav_sched_tb_id`
JOIN `buses_tb` ON `buses_tb`.`buses_tb_id` = `bus_trav_sched_tb`.`buses_tb_id`
WHERE `passengers_tb`.`travel_status` = :passengers_tb.travel_status:
GROUP BY `buses_tb`.`buses_tb_id`
) CI_count_all_results', [...], false)
 2 FCPATH\vendor\codeigniter4\framework\system\Model.php(676): CodeIgniter\Database\BaseBuilder->countAllResults(true)
 3 SYSTEMPATH\Helpers\dashboard_helper.php(44): CodeIgniter\Model->countAllResults()
 4 APPPATH\Views\admin\dashboard.php(61): getBusesInTransit()
 5 FCPATH\vendor\codeigniter4\framework\system\View\View.php(224): include('C:\\xampp\\htdocs\\Bus-Reservation-System\\app\\Views\\admin\\dashboard.php')
 6 FCPATH\vendor\codeigniter4\framework\system\View\View.php(227): CodeIgniter\View\View->CodeIgniter\View\{closure}()
 7 SYSTEMPATH\Common.php(1173): CodeIgniter\View\View->render('admin/dashboard', [], true)
 8 APPPATH\Controllers\Admin.php(24): view('admin/dashboard')
 9 FCPATH\vendor\codeigniter4\framework\system\CodeIgniter.php(933): App\Controllers\Admin->index()
10 FCPATH\vendor\codeigniter4\framework\system\CodeIgniter.php(507): CodeIgniter\CodeIgniter->runController(Object(App\Controllers\Admin))
11 FCPATH\vendor\codeigniter4\framework\system\CodeIgniter.php(354): CodeIgniter\CodeIgniter->handleRequest(null, Object(Config\Cache), false)
12 SYSTEMPATH\Boot.php(334): CodeIgniter\CodeIgniter->run()
13 SYSTEMPATH\Boot.php(67): CodeIgniter\Boot::runCodeIgniter(Object(CodeIgniter\CodeIgniter))
14 FCPATH\index.php(56): CodeIgniter\Boot::bootWeb(Object(Config\Paths))
CRITICAL - 2025-09-04 16:43:26 --> [Caused by] CodeIgniter\Database\Exceptions\DatabaseException: Duplicate column name 'bookings_tb_id'
in FCPATH\vendor\codeigniter4\framework\system\Database\MySQLi\Connection.php on line 332.
 1 FCPATH\vendor\codeigniter4\framework\system\Database\BaseConnection.php(738): CodeIgniter\Database\MySQLi\Connection->execute('SELECT COUNT(*) AS `numrows`
FROM (
SELECT *
FROM `passengers_tb`
JOIN `bookings_tb` ON `bookings_tb`.`bookings_tb_id` = `passengers_tb`.`bookings_tb_id`
JOIN `bus_routes_tb` ON `bus_routes_tb`.`bus_routes_tb_id` = `bookings_tb`.`bus_routes_tb_id`
JOIN `bus_trav_sched_tb` ON `bus_trav_sched_tb`.`bus_trav_sched_tb_id` = `bus_routes_tb`.`bus_trav_sched_tb_id`
JOIN `buses_tb` ON `buses_tb`.`buses_tb_id` = `bus_trav_sched_tb`.`buses_tb_id`
WHERE `passengers_tb`.`travel_status` = \'In Transit\'
GROUP BY `buses_tb`.`buses_tb_id`
) CI_count_all_results')
 2 FCPATH\vendor\codeigniter4\framework\system\Database\BaseConnection.php(652): CodeIgniter\Database\BaseConnection->simpleQuery('SELECT COUNT(*) AS `numrows`
FROM (
SELECT *
FROM `passengers_tb`
JOIN `bookings_tb` ON `bookings_tb`.`bookings_tb_id` = `passengers_tb`.`bookings_tb_id`
JOIN `bus_routes_tb` ON `bus_routes_tb`.`bus_routes_tb_id` = `bookings_tb`.`bus_routes_tb_id`
JOIN `bus_trav_sched_tb` ON `bus_trav_sched_tb`.`bus_trav_sched_tb_id` = `bus_routes_tb`.`bus_trav_sched_tb_id`
JOIN `buses_tb` ON `buses_tb`.`buses_tb_id` = `bus_trav_sched_tb`.`buses_tb_id`
WHERE `passengers_tb`.`travel_status` = \'In Transit\'
GROUP BY `buses_tb`.`buses_tb_id`
) CI_count_all_results')
 3 FCPATH\vendor\codeigniter4\framework\system\Database\BaseBuilder.php(1733): CodeIgniter\Database\BaseConnection->query('SELECT COUNT(*) AS `numrows`
FROM (
SELECT *
FROM `passengers_tb`
JOIN `bookings_tb` ON `bookings_tb`.`bookings_tb_id` = `passengers_tb`.`bookings_tb_id`
JOIN `bus_routes_tb` ON `bus_routes_tb`.`bus_routes_tb_id` = `bookings_tb`.`bus_routes_tb_id`
JOIN `bus_trav_sched_tb` ON `bus_trav_sched_tb`.`bus_trav_sched_tb_id` = `bus_routes_tb`.`bus_trav_sched_tb_id`
JOIN `buses_tb` ON `buses_tb`.`buses_tb_id` = `bus_trav_sched_tb`.`buses_tb_id`
WHERE `passengers_tb`.`travel_status` = :passengers_tb.travel_status:
GROUP BY `buses_tb`.`buses_tb_id`
) CI_count_all_results', [...], false)
 4 FCPATH\vendor\codeigniter4\framework\system\Model.php(676): CodeIgniter\Database\BaseBuilder->countAllResults(true)
 5 SYSTEMPATH\Helpers\dashboard_helper.php(44): CodeIgniter\Model->countAllResults()
 6 APPPATH\Views\admin\dashboard.php(61): getBusesInTransit()
 7 FCPATH\vendor\codeigniter4\framework\system\View\View.php(224): include('C:\\xampp\\htdocs\\Bus-Reservation-System\\app\\Views\\admin\\dashboard.php')
 8 FCPATH\vendor\codeigniter4\framework\system\View\View.php(227): CodeIgniter\View\View->CodeIgniter\View\{closure}()
 9 SYSTEMPATH\Common.php(1173): CodeIgniter\View\View->render('admin/dashboard', [], true)
10 APPPATH\Controllers\Admin.php(24): view('admin/dashboard')
11 FCPATH\vendor\codeigniter4\framework\system\CodeIgniter.php(933): App\Controllers\Admin->index()
12 FCPATH\vendor\codeigniter4\framework\system\CodeIgniter.php(507): CodeIgniter\CodeIgniter->runController(Object(App\Controllers\Admin))
13 FCPATH\vendor\codeigniter4\framework\system\CodeIgniter.php(354): CodeIgniter\CodeIgniter->handleRequest(null, Object(Config\Cache), false)
14 SYSTEMPATH\Boot.php(334): CodeIgniter\CodeIgniter->run()
15 SYSTEMPATH\Boot.php(67): CodeIgniter\Boot::runCodeIgniter(Object(CodeIgniter\CodeIgniter))
16 FCPATH\index.php(56): CodeIgniter\Boot::bootWeb(Object(Config\Paths))
CRITICAL - 2025-09-04 16:43:26 --> [Caused by] mysqli_sql_exception: Duplicate column name 'bookings_tb_id'
in FCPATH\vendor\codeigniter4\framework\system\Database\MySQLi\Connection.php on line 327.
 1 FCPATH\vendor\codeigniter4\framework\system\Database\MySQLi\Connection.php(327): mysqli->query('SELECT COUNT(*) AS `numrows`
FROM (
SELECT *
FROM `passengers_tb`
JOIN `bookings_tb` ON `bookings_tb`.`bookings_tb_id` = `passengers_tb`.`bookings_tb_id`
JOIN `bus_routes_tb` ON `bus_routes_tb`.`bus_routes_tb_id` = `bookings_tb`.`bus_routes_tb_id`
JOIN `bus_trav_sched_tb` ON `bus_trav_sched_tb`.`bus_trav_sched_tb_id` = `bus_routes_tb`.`bus_trav_sched_tb_id`
JOIN `buses_tb` ON `buses_tb`.`buses_tb_id` = `bus_trav_sched_tb`.`buses_tb_id`
WHERE `passengers_tb`.`travel_status` = \'In Transit\'
GROUP BY `buses_tb`.`buses_tb_id`
) CI_count_all_results', 0)
 2 FCPATH\vendor\codeigniter4\framework\system\Database\BaseConnection.php(738): CodeIgniter\Database\MySQLi\Connection->execute('SELECT COUNT(*) AS `numrows`
FROM (
SELECT *
FROM `passengers_tb`
JOIN `bookings_tb` ON `bookings_tb`.`bookings_tb_id` = `passengers_tb`.`bookings_tb_id`
JOIN `bus_routes_tb` ON `bus_routes_tb`.`bus_routes_tb_id` = `bookings_tb`.`bus_routes_tb_id`
JOIN `bus_trav_sched_tb` ON `bus_trav_sched_tb`.`bus_trav_sched_tb_id` = `bus_routes_tb`.`bus_trav_sched_tb_id`
JOIN `buses_tb` ON `buses_tb`.`buses_tb_id` = `bus_trav_sched_tb`.`buses_tb_id`
WHERE `passengers_tb`.`travel_status` = \'In Transit\'
GROUP BY `buses_tb`.`buses_tb_id`
) CI_count_all_results')
 3 FCPATH\vendor\codeigniter4\framework\system\Database\BaseConnection.php(652): CodeIgniter\Database\BaseConnection->simpleQuery('SELECT COUNT(*) AS `numrows`
FROM (
SELECT *
FROM `passengers_tb`
JOIN `bookings_tb` ON `bookings_tb`.`bookings_tb_id` = `passengers_tb`.`bookings_tb_id`
JOIN `bus_routes_tb` ON `bus_routes_tb`.`bus_routes_tb_id` = `bookings_tb`.`bus_routes_tb_id`
JOIN `bus_trav_sched_tb` ON `bus_trav_sched_tb`.`bus_trav_sched_tb_id` = `bus_routes_tb`.`bus_trav_sched_tb_id`
JOIN `buses_tb` ON `buses_tb`.`buses_tb_id` = `bus_trav_sched_tb`.`buses_tb_id`
WHERE `passengers_tb`.`travel_status` = \'In Transit\'
GROUP BY `buses_tb`.`buses_tb_id`
) CI_count_all_results')
 4 FCPATH\vendor\codeigniter4\framework\system\Database\BaseBuilder.php(1733): CodeIgniter\Database\BaseConnection->query('SELECT COUNT(*) AS `numrows`
FROM (
SELECT *
FROM `passengers_tb`
JOIN `bookings_tb` ON `bookings_tb`.`bookings_tb_id` = `passengers_tb`.`bookings_tb_id`
JOIN `bus_routes_tb` ON `bus_routes_tb`.`bus_routes_tb_id` = `bookings_tb`.`bus_routes_tb_id`
JOIN `bus_trav_sched_tb` ON `bus_trav_sched_tb`.`bus_trav_sched_tb_id` = `bus_routes_tb`.`bus_trav_sched_tb_id`
JOIN `buses_tb` ON `buses_tb`.`buses_tb_id` = `bus_trav_sched_tb`.`buses_tb_id`
WHERE `passengers_tb`.`travel_status` = :passengers_tb.travel_status:
GROUP BY `buses_tb`.`buses_tb_id`
) CI_count_all_results', [...], false)
 5 FCPATH\vendor\codeigniter4\framework\system\Model.php(676): CodeIgniter\Database\BaseBuilder->countAllResults(true)
 6 SYSTEMPATH\Helpers\dashboard_helper.php(44): CodeIgniter\Model->countAllResults()
 7 APPPATH\Views\admin\dashboard.php(61): getBusesInTransit()
 8 FCPATH\vendor\codeigniter4\framework\system\View\View.php(224): include('C:\\xampp\\htdocs\\Bus-Reservation-System\\app\\Views\\admin\\dashboard.php')
 9 FCPATH\vendor\codeigniter4\framework\system\View\View.php(227): CodeIgniter\View\View->CodeIgniter\View\{closure}()
10 SYSTEMPATH\Common.php(1173): CodeIgniter\View\View->render('admin/dashboard', [], true)
11 APPPATH\Controllers\Admin.php(24): view('admin/dashboard')
12 FCPATH\vendor\codeigniter4\framework\system\CodeIgniter.php(933): App\Controllers\Admin->index()
13 FCPATH\vendor\codeigniter4\framework\system\CodeIgniter.php(507): CodeIgniter\CodeIgniter->runController(Object(App\Controllers\Admin))
14 FCPATH\vendor\codeigniter4\framework\system\CodeIgniter.php(354): CodeIgniter\CodeIgniter->handleRequest(null, Object(Config\Cache), false)
15 SYSTEMPATH\Boot.php(334): CodeIgniter\CodeIgniter->run()
16 SYSTEMPATH\Boot.php(67): CodeIgniter\Boot::runCodeIgniter(Object(CodeIgniter\CodeIgniter))
17 FCPATH\index.php(56): CodeIgniter\Boot::bootWeb(Object(Config\Paths))
