ERROR - 2025-08-11 12:40:33 --> mysqli_sql_exception: Unknown column 'bus_trav_sched_tb.routes_tb_id' in 'on clause' in C:\xampp\htdocs\Bus-Reservation-System\vendor\codeigniter4\framework\system\Database\MySQLi\Connection.php:327
Stack trace:
#0 C:\xampp\htdocs\Bus-Reservation-System\vendor\codeigniter4\framework\system\Database\MySQLi\Connection.php(327): mysqli->query('SELECT `bus_tra...', 0)
#1 C:\xampp\htdocs\Bus-Reservation-System\vendor\codeigniter4\framework\system\Database\BaseConnection.php(738): CodeIgniter\Database\MySQLi\Connection->execute('SELECT `bus_tra...')
#2 C:\xampp\htdocs\Bus-Reservation-System\vendor\codeigniter4\framework\system\Database\BaseConnection.php(652): CodeIgniter\Database\BaseConnection->simpleQuery('SELECT `bus_tra...')
#3 C:\xampp\htdocs\Bus-Reservation-System\vendor\codeigniter4\framework\system\Database\BaseBuilder.php(1649): CodeIgniter\Database\BaseConnection->query('SELECT `bus_tra...', Array, false)
#4 C:\xampp\htdocs\Bus-Reservation-System\vendor\codeigniter4\framework\system\Model.php(286): CodeIgniter\Database\BaseBuilder->get()
#5 C:\xampp\htdocs\Bus-Reservation-System\vendor\codeigniter4\framework\system\BaseModel.php(675): CodeIgniter\Model->doFindAll(0, 0)
#6 C:\xampp\htdocs\Bus-Reservation-System\system\Helpers\schedules_helper.php(18): CodeIgniter\BaseModel->findAll()
#7 C:\xampp\htdocs\Bus-Reservation-System\app\Views\admin\schedules.php(55): getAllSchedules()
#8 C:\xampp\htdocs\Bus-Reservation-System\vendor\codeigniter4\framework\system\View\View.php(224): include('C:\\xampp\\htdocs...')
#9 C:\xampp\htdocs\Bus-Reservation-System\vendor\codeigniter4\framework\system\View\View.php(227): CodeIgniter\View\View->CodeIgniter\View\{closure}()
#10 C:\xampp\htdocs\Bus-Reservation-System\system\Common.php(1173): CodeIgniter\View\View->render('admin/schedules', Array, true)
#11 C:\xampp\htdocs\Bus-Reservation-System\app\Controllers\Admin.php(125): view('admin/schedules')
#12 C:\xampp\htdocs\Bus-Reservation-System\vendor\codeigniter4\framework\system\CodeIgniter.php(933): App\Controllers\Admin->viewSchedules()
#13 C:\xampp\htdocs\Bus-Reservation-System\vendor\codeigniter4\framework\system\CodeIgniter.php(507): CodeIgniter\CodeIgniter->runController(Object(App\Controllers\Admin))
#14 C:\xampp\htdocs\Bus-Reservation-System\vendor\codeigniter4\framework\system\CodeIgniter.php(354): CodeIgniter\CodeIgniter->handleRequest(NULL, Object(Config\Cache), false)
#15 C:\xampp\htdocs\Bus-Reservation-System\system\Boot.php(334): CodeIgniter\CodeIgniter->run()
#16 C:\xampp\htdocs\Bus-Reservation-System\system\Boot.php(67): CodeIgniter\Boot::runCodeIgniter(Object(CodeIgniter\CodeIgniter))
#17 C:\xampp\htdocs\Bus-Reservation-System\index.php(56): CodeIgniter\Boot::bootWeb(Object(Config\Paths))
#18 {main}
CRITICAL - 2025-08-11 12:40:33 --> CodeIgniter\Database\Exceptions\DatabaseException: Unknown column 'bus_trav_sched_tb.routes_tb_id' in 'on clause'
[Method: GET, Route: admin/schedules]
in FCPATH\vendor\codeigniter4\framework\system\Database\BaseConnection.php on line 692.
 1 FCPATH\vendor\codeigniter4\framework\system\Database\BaseBuilder.php(1649): CodeIgniter\Database\BaseConnection->query('SELECT `bus_trav_sched_tb`.*, `buses_tb`.`bus_name`, `buses_tb`.`bus_no`, `buses_tb`.`bus_type`, `routes_tb`.`origin`, `routes_tb`.`destination`
FROM `bus_trav_sched_tb`
JOIN `buses_tb` ON `buses_tb`.`buses_tb_id` = `bus_trav_sched_tb`.`buses_tb_id`
JOIN `routes_tb` ON `routes_tb`.`routes_tb_id` = `bus_trav_sched_tb`.`routes_tb_id`
ORDER BY `bus_trav_sched_tb`.`date` ASC, `bus_trav_sched_tb`.`dep_time` ASC', [], false)
 2 FCPATH\vendor\codeigniter4\framework\system\Model.php(286): CodeIgniter\Database\BaseBuilder->get()
 3 FCPATH\vendor\codeigniter4\framework\system\BaseModel.php(675): CodeIgniter\Model->doFindAll(0, 0)
 4 SYSTEMPATH\Helpers\schedules_helper.php(18): CodeIgniter\BaseModel->findAll()
 5 APPPATH\Views\admin\schedules.php(55): getAllSchedules()
 6 FCPATH\vendor\codeigniter4\framework\system\View\View.php(224): include('C:\\xampp\\htdocs\\Bus-Reservation-System\\app\\Views\\admin\\schedules.php')
 7 FCPATH\vendor\codeigniter4\framework\system\View\View.php(227): CodeIgniter\View\View->CodeIgniter\View\{closure}()
 8 SYSTEMPATH\Common.php(1173): CodeIgniter\View\View->render('admin/schedules', [], true)
 9 APPPATH\Controllers\Admin.php(125): view('admin/schedules')
10 FCPATH\vendor\codeigniter4\framework\system\CodeIgniter.php(933): App\Controllers\Admin->viewSchedules()
11 FCPATH\vendor\codeigniter4\framework\system\CodeIgniter.php(507): CodeIgniter\CodeIgniter->runController(Object(App\Controllers\Admin))
12 FCPATH\vendor\codeigniter4\framework\system\CodeIgniter.php(354): CodeIgniter\CodeIgniter->handleRequest(null, Object(Config\Cache), false)
13 SYSTEMPATH\Boot.php(334): CodeIgniter\CodeIgniter->run()
14 SYSTEMPATH\Boot.php(67): CodeIgniter\Boot::runCodeIgniter(Object(CodeIgniter\CodeIgniter))
15 FCPATH\index.php(56): CodeIgniter\Boot::bootWeb(Object(Config\Paths))
CRITICAL - 2025-08-11 12:40:33 --> [Caused by] CodeIgniter\Database\Exceptions\DatabaseException: Unknown column 'bus_trav_sched_tb.routes_tb_id' in 'on clause'
in FCPATH\vendor\codeigniter4\framework\system\Database\MySQLi\Connection.php on line 332.
 1 FCPATH\vendor\codeigniter4\framework\system\Database\BaseConnection.php(738): CodeIgniter\Database\MySQLi\Connection->execute('SELECT `bus_trav_sched_tb`.*, `buses_tb`.`bus_name`, `buses_tb`.`bus_no`, `buses_tb`.`bus_type`, `routes_tb`.`origin`, `routes_tb`.`destination`
FROM `bus_trav_sched_tb`
JOIN `buses_tb` ON `buses_tb`.`buses_tb_id` = `bus_trav_sched_tb`.`buses_tb_id`
JOIN `routes_tb` ON `routes_tb`.`routes_tb_id` = `bus_trav_sched_tb`.`routes_tb_id`
ORDER BY `bus_trav_sched_tb`.`date` ASC, `bus_trav_sched_tb`.`dep_time` ASC')
 2 FCPATH\vendor\codeigniter4\framework\system\Database\BaseConnection.php(652): CodeIgniter\Database\BaseConnection->simpleQuery('SELECT `bus_trav_sched_tb`.*, `buses_tb`.`bus_name`, `buses_tb`.`bus_no`, `buses_tb`.`bus_type`, `routes_tb`.`origin`, `routes_tb`.`destination`
FROM `bus_trav_sched_tb`
JOIN `buses_tb` ON `buses_tb`.`buses_tb_id` = `bus_trav_sched_tb`.`buses_tb_id`
JOIN `routes_tb` ON `routes_tb`.`routes_tb_id` = `bus_trav_sched_tb`.`routes_tb_id`
ORDER BY `bus_trav_sched_tb`.`date` ASC, `bus_trav_sched_tb`.`dep_time` ASC')
 3 FCPATH\vendor\codeigniter4\framework\system\Database\BaseBuilder.php(1649): CodeIgniter\Database\BaseConnection->query('SELECT `bus_trav_sched_tb`.*, `buses_tb`.`bus_name`, `buses_tb`.`bus_no`, `buses_tb`.`bus_type`, `routes_tb`.`origin`, `routes_tb`.`destination`
FROM `bus_trav_sched_tb`
JOIN `buses_tb` ON `buses_tb`.`buses_tb_id` = `bus_trav_sched_tb`.`buses_tb_id`
JOIN `routes_tb` ON `routes_tb`.`routes_tb_id` = `bus_trav_sched_tb`.`routes_tb_id`
ORDER BY `bus_trav_sched_tb`.`date` ASC, `bus_trav_sched_tb`.`dep_time` ASC', [], false)
 4 FCPATH\vendor\codeigniter4\framework\system\Model.php(286): CodeIgniter\Database\BaseBuilder->get()
 5 FCPATH\vendor\codeigniter4\framework\system\BaseModel.php(675): CodeIgniter\Model->doFindAll(0, 0)
 6 SYSTEMPATH\Helpers\schedules_helper.php(18): CodeIgniter\BaseModel->findAll()
 7 APPPATH\Views\admin\schedules.php(55): getAllSchedules()
 8 FCPATH\vendor\codeigniter4\framework\system\View\View.php(224): include('C:\\xampp\\htdocs\\Bus-Reservation-System\\app\\Views\\admin\\schedules.php')
 9 FCPATH\vendor\codeigniter4\framework\system\View\View.php(227): CodeIgniter\View\View->CodeIgniter\View\{closure}()
10 SYSTEMPATH\Common.php(1173): CodeIgniter\View\View->render('admin/schedules', [], true)
11 APPPATH\Controllers\Admin.php(125): view('admin/schedules')
12 FCPATH\vendor\codeigniter4\framework\system\CodeIgniter.php(933): App\Controllers\Admin->viewSchedules()
13 FCPATH\vendor\codeigniter4\framework\system\CodeIgniter.php(507): CodeIgniter\CodeIgniter->runController(Object(App\Controllers\Admin))
14 FCPATH\vendor\codeigniter4\framework\system\CodeIgniter.php(354): CodeIgniter\CodeIgniter->handleRequest(null, Object(Config\Cache), false)
15 SYSTEMPATH\Boot.php(334): CodeIgniter\CodeIgniter->run()
16 SYSTEMPATH\Boot.php(67): CodeIgniter\Boot::runCodeIgniter(Object(CodeIgniter\CodeIgniter))
17 FCPATH\index.php(56): CodeIgniter\Boot::bootWeb(Object(Config\Paths))
CRITICAL - 2025-08-11 12:40:33 --> [Caused by] mysqli_sql_exception: Unknown column 'bus_trav_sched_tb.routes_tb_id' in 'on clause'
in FCPATH\vendor\codeigniter4\framework\system\Database\MySQLi\Connection.php on line 327.
 1 FCPATH\vendor\codeigniter4\framework\system\Database\MySQLi\Connection.php(327): mysqli->query('SELECT `bus_trav_sched_tb`.*, `buses_tb`.`bus_name`, `buses_tb`.`bus_no`, `buses_tb`.`bus_type`, `routes_tb`.`origin`, `routes_tb`.`destination`
FROM `bus_trav_sched_tb`
JOIN `buses_tb` ON `buses_tb`.`buses_tb_id` = `bus_trav_sched_tb`.`buses_tb_id`
JOIN `routes_tb` ON `routes_tb`.`routes_tb_id` = `bus_trav_sched_tb`.`routes_tb_id`
ORDER BY `bus_trav_sched_tb`.`date` ASC, `bus_trav_sched_tb`.`dep_time` ASC', 0)
 2 FCPATH\vendor\codeigniter4\framework\system\Database\BaseConnection.php(738): CodeIgniter\Database\MySQLi\Connection->execute('SELECT `bus_trav_sched_tb`.*, `buses_tb`.`bus_name`, `buses_tb`.`bus_no`, `buses_tb`.`bus_type`, `routes_tb`.`origin`, `routes_tb`.`destination`
FROM `bus_trav_sched_tb`
JOIN `buses_tb` ON `buses_tb`.`buses_tb_id` = `bus_trav_sched_tb`.`buses_tb_id`
JOIN `routes_tb` ON `routes_tb`.`routes_tb_id` = `bus_trav_sched_tb`.`routes_tb_id`
ORDER BY `bus_trav_sched_tb`.`date` ASC, `bus_trav_sched_tb`.`dep_time` ASC')
 3 FCPATH\vendor\codeigniter4\framework\system\Database\BaseConnection.php(652): CodeIgniter\Database\BaseConnection->simpleQuery('SELECT `bus_trav_sched_tb`.*, `buses_tb`.`bus_name`, `buses_tb`.`bus_no`, `buses_tb`.`bus_type`, `routes_tb`.`origin`, `routes_tb`.`destination`
FROM `bus_trav_sched_tb`
JOIN `buses_tb` ON `buses_tb`.`buses_tb_id` = `bus_trav_sched_tb`.`buses_tb_id`
JOIN `routes_tb` ON `routes_tb`.`routes_tb_id` = `bus_trav_sched_tb`.`routes_tb_id`
ORDER BY `bus_trav_sched_tb`.`date` ASC, `bus_trav_sched_tb`.`dep_time` ASC')
 4 FCPATH\vendor\codeigniter4\framework\system\Database\BaseBuilder.php(1649): CodeIgniter\Database\BaseConnection->query('SELECT `bus_trav_sched_tb`.*, `buses_tb`.`bus_name`, `buses_tb`.`bus_no`, `buses_tb`.`bus_type`, `routes_tb`.`origin`, `routes_tb`.`destination`
FROM `bus_trav_sched_tb`
JOIN `buses_tb` ON `buses_tb`.`buses_tb_id` = `bus_trav_sched_tb`.`buses_tb_id`
JOIN `routes_tb` ON `routes_tb`.`routes_tb_id` = `bus_trav_sched_tb`.`routes_tb_id`
ORDER BY `bus_trav_sched_tb`.`date` ASC, `bus_trav_sched_tb`.`dep_time` ASC', [], false)
 5 FCPATH\vendor\codeigniter4\framework\system\Model.php(286): CodeIgniter\Database\BaseBuilder->get()
 6 FCPATH\vendor\codeigniter4\framework\system\BaseModel.php(675): CodeIgniter\Model->doFindAll(0, 0)
 7 SYSTEMPATH\Helpers\schedules_helper.php(18): CodeIgniter\BaseModel->findAll()
 8 APPPATH\Views\admin\schedules.php(55): getAllSchedules()
 9 FCPATH\vendor\codeigniter4\framework\system\View\View.php(224): include('C:\\xampp\\htdocs\\Bus-Reservation-System\\app\\Views\\admin\\schedules.php')
10 FCPATH\vendor\codeigniter4\framework\system\View\View.php(227): CodeIgniter\View\View->CodeIgniter\View\{closure}()
11 SYSTEMPATH\Common.php(1173): CodeIgniter\View\View->render('admin/schedules', [], true)
12 APPPATH\Controllers\Admin.php(125): view('admin/schedules')
13 FCPATH\vendor\codeigniter4\framework\system\CodeIgniter.php(933): App\Controllers\Admin->viewSchedules()
14 FCPATH\vendor\codeigniter4\framework\system\CodeIgniter.php(507): CodeIgniter\CodeIgniter->runController(Object(App\Controllers\Admin))
15 FCPATH\vendor\codeigniter4\framework\system\CodeIgniter.php(354): CodeIgniter\CodeIgniter->handleRequest(null, Object(Config\Cache), false)
16 SYSTEMPATH\Boot.php(334): CodeIgniter\CodeIgniter->run()
17 SYSTEMPATH\Boot.php(67): CodeIgniter\Boot::runCodeIgniter(Object(CodeIgniter\CodeIgniter))
18 FCPATH\index.php(56): CodeIgniter\Boot::bootWeb(Object(Config\Paths))
ERROR - 2025-08-11 12:47:33 --> mysqli_sql_exception: Unknown column 'bus_routes_tb.dep_type' in 'field list' in C:\xampp\htdocs\Bus-Reservation-System\vendor\codeigniter4\framework\system\Database\MySQLi\Connection.php:327
Stack trace:
#0 C:\xampp\htdocs\Bus-Reservation-System\vendor\codeigniter4\framework\system\Database\MySQLi\Connection.php(327): mysqli->query('SELECT `bus_tra...', 0)
#1 C:\xampp\htdocs\Bus-Reservation-System\vendor\codeigniter4\framework\system\Database\BaseConnection.php(738): CodeIgniter\Database\MySQLi\Connection->execute('SELECT `bus_tra...')
#2 C:\xampp\htdocs\Bus-Reservation-System\vendor\codeigniter4\framework\system\Database\BaseConnection.php(652): CodeIgniter\Database\BaseConnection->simpleQuery('SELECT `bus_tra...')
#3 C:\xampp\htdocs\Bus-Reservation-System\vendor\codeigniter4\framework\system\Database\BaseBuilder.php(1649): CodeIgniter\Database\BaseConnection->query('SELECT `bus_tra...', Array, false)
#4 C:\xampp\htdocs\Bus-Reservation-System\vendor\codeigniter4\framework\system\Model.php(286): CodeIgniter\Database\BaseBuilder->get()
#5 C:\xampp\htdocs\Bus-Reservation-System\vendor\codeigniter4\framework\system\BaseModel.php(675): CodeIgniter\Model->doFindAll(0, 0)
#6 C:\xampp\htdocs\Bus-Reservation-System\system\Helpers\schedules_helper.php(20): CodeIgniter\BaseModel->findAll()
#7 C:\xampp\htdocs\Bus-Reservation-System\app\Views\admin\schedules.php(55): getAllSchedules()
#8 C:\xampp\htdocs\Bus-Reservation-System\vendor\codeigniter4\framework\system\View\View.php(224): include('C:\\xampp\\htdocs...')
#9 C:\xampp\htdocs\Bus-Reservation-System\vendor\codeigniter4\framework\system\View\View.php(227): CodeIgniter\View\View->CodeIgniter\View\{closure}()
#10 C:\xampp\htdocs\Bus-Reservation-System\system\Common.php(1173): CodeIgniter\View\View->render('admin/schedules', Array, true)
#11 C:\xampp\htdocs\Bus-Reservation-System\app\Controllers\Admin.php(125): view('admin/schedules')
#12 C:\xampp\htdocs\Bus-Reservation-System\vendor\codeigniter4\framework\system\CodeIgniter.php(933): App\Controllers\Admin->viewSchedules()
#13 C:\xampp\htdocs\Bus-Reservation-System\vendor\codeigniter4\framework\system\CodeIgniter.php(507): CodeIgniter\CodeIgniter->runController(Object(App\Controllers\Admin))
#14 C:\xampp\htdocs\Bus-Reservation-System\vendor\codeigniter4\framework\system\CodeIgniter.php(354): CodeIgniter\CodeIgniter->handleRequest(NULL, Object(Config\Cache), false)
#15 C:\xampp\htdocs\Bus-Reservation-System\system\Boot.php(334): CodeIgniter\CodeIgniter->run()
#16 C:\xampp\htdocs\Bus-Reservation-System\system\Boot.php(67): CodeIgniter\Boot::runCodeIgniter(Object(CodeIgniter\CodeIgniter))
#17 C:\xampp\htdocs\Bus-Reservation-System\index.php(56): CodeIgniter\Boot::bootWeb(Object(Config\Paths))
#18 {main}
CRITICAL - 2025-08-11 12:47:33 --> CodeIgniter\Database\Exceptions\DatabaseException: Unknown column 'bus_routes_tb.dep_type' in 'field list'
[Method: GET, Route: admin/schedules]
in FCPATH\vendor\codeigniter4\framework\system\Database\BaseConnection.php on line 692.
 1 FCPATH\vendor\codeigniter4\framework\system\Database\BaseBuilder.php(1649): CodeIgniter\Database\BaseConnection->query('SELECT `bus_trav_sched_tb`.*, `bus_routes_tb`.`dep_type`, `buses_tb`.`bus_name`, `buses_tb`.`bus_no`, `buses_tb`.`bus_type`, `routes_tb`.`origin`, `routes_tb`.`destination`
FROM `bus_trav_sched_tb`
JOIN `buses_tb` ON `buses_tb`.`buses_tb_id` = `bus_trav_sched_tb`.`buses_tb_id`
JOIN `routes_tb` ON `routes_tb`.`routes_tb_id` = `bus_trav_sched_tb`.`routes_tb_id`
JOIN `bus_routes_tb` ON `bus_routes_tb`.`bus_routes_tb_id` = `bus_trav_sched_tb`.`bus_routes_tb_id`
ORDER BY `bus_trav_sched_tb`.`date` ASC, `bus_routes_tb`.`dep_time` ASC', [], false)
 2 FCPATH\vendor\codeigniter4\framework\system\Model.php(286): CodeIgniter\Database\BaseBuilder->get()
 3 FCPATH\vendor\codeigniter4\framework\system\BaseModel.php(675): CodeIgniter\Model->doFindAll(0, 0)
 4 SYSTEMPATH\Helpers\schedules_helper.php(20): CodeIgniter\BaseModel->findAll()
 5 APPPATH\Views\admin\schedules.php(55): getAllSchedules()
 6 FCPATH\vendor\codeigniter4\framework\system\View\View.php(224): include('C:\\xampp\\htdocs\\Bus-Reservation-System\\app\\Views\\admin\\schedules.php')
 7 FCPATH\vendor\codeigniter4\framework\system\View\View.php(227): CodeIgniter\View\View->CodeIgniter\View\{closure}()
 8 SYSTEMPATH\Common.php(1173): CodeIgniter\View\View->render('admin/schedules', [], true)
 9 APPPATH\Controllers\Admin.php(125): view('admin/schedules')
10 FCPATH\vendor\codeigniter4\framework\system\CodeIgniter.php(933): App\Controllers\Admin->viewSchedules()
11 FCPATH\vendor\codeigniter4\framework\system\CodeIgniter.php(507): CodeIgniter\CodeIgniter->runController(Object(App\Controllers\Admin))
12 FCPATH\vendor\codeigniter4\framework\system\CodeIgniter.php(354): CodeIgniter\CodeIgniter->handleRequest(null, Object(Config\Cache), false)
13 SYSTEMPATH\Boot.php(334): CodeIgniter\CodeIgniter->run()
14 SYSTEMPATH\Boot.php(67): CodeIgniter\Boot::runCodeIgniter(Object(CodeIgniter\CodeIgniter))
15 FCPATH\index.php(56): CodeIgniter\Boot::bootWeb(Object(Config\Paths))
CRITICAL - 2025-08-11 12:47:33 --> [Caused by] CodeIgniter\Database\Exceptions\DatabaseException: Unknown column 'bus_routes_tb.dep_type' in 'field list'
in FCPATH\vendor\codeigniter4\framework\system\Database\MySQLi\Connection.php on line 332.
 1 FCPATH\vendor\codeigniter4\framework\system\Database\BaseConnection.php(738): CodeIgniter\Database\MySQLi\Connection->execute('SELECT `bus_trav_sched_tb`.*, `bus_routes_tb`.`dep_type`, `buses_tb`.`bus_name`, `buses_tb`.`bus_no`, `buses_tb`.`bus_type`, `routes_tb`.`origin`, `routes_tb`.`destination`
FROM `bus_trav_sched_tb`
JOIN `buses_tb` ON `buses_tb`.`buses_tb_id` = `bus_trav_sched_tb`.`buses_tb_id`
JOIN `routes_tb` ON `routes_tb`.`routes_tb_id` = `bus_trav_sched_tb`.`routes_tb_id`
JOIN `bus_routes_tb` ON `bus_routes_tb`.`bus_routes_tb_id` = `bus_trav_sched_tb`.`bus_routes_tb_id`
ORDER BY `bus_trav_sched_tb`.`date` ASC, `bus_routes_tb`.`dep_time` ASC')
 2 FCPATH\vendor\codeigniter4\framework\system\Database\BaseConnection.php(652): CodeIgniter\Database\BaseConnection->simpleQuery('SELECT `bus_trav_sched_tb`.*, `bus_routes_tb`.`dep_type`, `buses_tb`.`bus_name`, `buses_tb`.`bus_no`, `buses_tb`.`bus_type`, `routes_tb`.`origin`, `routes_tb`.`destination`
FROM `bus_trav_sched_tb`
JOIN `buses_tb` ON `buses_tb`.`buses_tb_id` = `bus_trav_sched_tb`.`buses_tb_id`
JOIN `routes_tb` ON `routes_tb`.`routes_tb_id` = `bus_trav_sched_tb`.`routes_tb_id`
JOIN `bus_routes_tb` ON `bus_routes_tb`.`bus_routes_tb_id` = `bus_trav_sched_tb`.`bus_routes_tb_id`
ORDER BY `bus_trav_sched_tb`.`date` ASC, `bus_routes_tb`.`dep_time` ASC')
 3 FCPATH\vendor\codeigniter4\framework\system\Database\BaseBuilder.php(1649): CodeIgniter\Database\BaseConnection->query('SELECT `bus_trav_sched_tb`.*, `bus_routes_tb`.`dep_type`, `buses_tb`.`bus_name`, `buses_tb`.`bus_no`, `buses_tb`.`bus_type`, `routes_tb`.`origin`, `routes_tb`.`destination`
FROM `bus_trav_sched_tb`
JOIN `buses_tb` ON `buses_tb`.`buses_tb_id` = `bus_trav_sched_tb`.`buses_tb_id`
JOIN `routes_tb` ON `routes_tb`.`routes_tb_id` = `bus_trav_sched_tb`.`routes_tb_id`
JOIN `bus_routes_tb` ON `bus_routes_tb`.`bus_routes_tb_id` = `bus_trav_sched_tb`.`bus_routes_tb_id`
ORDER BY `bus_trav_sched_tb`.`date` ASC, `bus_routes_tb`.`dep_time` ASC', [], false)
 4 FCPATH\vendor\codeigniter4\framework\system\Model.php(286): CodeIgniter\Database\BaseBuilder->get()
 5 FCPATH\vendor\codeigniter4\framework\system\BaseModel.php(675): CodeIgniter\Model->doFindAll(0, 0)
 6 SYSTEMPATH\Helpers\schedules_helper.php(20): CodeIgniter\BaseModel->findAll()
 7 APPPATH\Views\admin\schedules.php(55): getAllSchedules()
 8 FCPATH\vendor\codeigniter4\framework\system\View\View.php(224): include('C:\\xampp\\htdocs\\Bus-Reservation-System\\app\\Views\\admin\\schedules.php')
 9 FCPATH\vendor\codeigniter4\framework\system\View\View.php(227): CodeIgniter\View\View->CodeIgniter\View\{closure}()
10 SYSTEMPATH\Common.php(1173): CodeIgniter\View\View->render('admin/schedules', [], true)
11 APPPATH\Controllers\Admin.php(125): view('admin/schedules')
12 FCPATH\vendor\codeigniter4\framework\system\CodeIgniter.php(933): App\Controllers\Admin->viewSchedules()
13 FCPATH\vendor\codeigniter4\framework\system\CodeIgniter.php(507): CodeIgniter\CodeIgniter->runController(Object(App\Controllers\Admin))
14 FCPATH\vendor\codeigniter4\framework\system\CodeIgniter.php(354): CodeIgniter\CodeIgniter->handleRequest(null, Object(Config\Cache), false)
15 SYSTEMPATH\Boot.php(334): CodeIgniter\CodeIgniter->run()
16 SYSTEMPATH\Boot.php(67): CodeIgniter\Boot::runCodeIgniter(Object(CodeIgniter\CodeIgniter))
17 FCPATH\index.php(56): CodeIgniter\Boot::bootWeb(Object(Config\Paths))
CRITICAL - 2025-08-11 12:47:33 --> [Caused by] mysqli_sql_exception: Unknown column 'bus_routes_tb.dep_type' in 'field list'
in FCPATH\vendor\codeigniter4\framework\system\Database\MySQLi\Connection.php on line 327.
 1 FCPATH\vendor\codeigniter4\framework\system\Database\MySQLi\Connection.php(327): mysqli->query('SELECT `bus_trav_sched_tb`.*, `bus_routes_tb`.`dep_type`, `buses_tb`.`bus_name`, `buses_tb`.`bus_no`, `buses_tb`.`bus_type`, `routes_tb`.`origin`, `routes_tb`.`destination`
FROM `bus_trav_sched_tb`
JOIN `buses_tb` ON `buses_tb`.`buses_tb_id` = `bus_trav_sched_tb`.`buses_tb_id`
JOIN `routes_tb` ON `routes_tb`.`routes_tb_id` = `bus_trav_sched_tb`.`routes_tb_id`
JOIN `bus_routes_tb` ON `bus_routes_tb`.`bus_routes_tb_id` = `bus_trav_sched_tb`.`bus_routes_tb_id`
ORDER BY `bus_trav_sched_tb`.`date` ASC, `bus_routes_tb`.`dep_time` ASC', 0)
 2 FCPATH\vendor\codeigniter4\framework\system\Database\BaseConnection.php(738): CodeIgniter\Database\MySQLi\Connection->execute('SELECT `bus_trav_sched_tb`.*, `bus_routes_tb`.`dep_type`, `buses_tb`.`bus_name`, `buses_tb`.`bus_no`, `buses_tb`.`bus_type`, `routes_tb`.`origin`, `routes_tb`.`destination`
FROM `bus_trav_sched_tb`
JOIN `buses_tb` ON `buses_tb`.`buses_tb_id` = `bus_trav_sched_tb`.`buses_tb_id`
JOIN `routes_tb` ON `routes_tb`.`routes_tb_id` = `bus_trav_sched_tb`.`routes_tb_id`
JOIN `bus_routes_tb` ON `bus_routes_tb`.`bus_routes_tb_id` = `bus_trav_sched_tb`.`bus_routes_tb_id`
ORDER BY `bus_trav_sched_tb`.`date` ASC, `bus_routes_tb`.`dep_time` ASC')
 3 FCPATH\vendor\codeigniter4\framework\system\Database\BaseConnection.php(652): CodeIgniter\Database\BaseConnection->simpleQuery('SELECT `bus_trav_sched_tb`.*, `bus_routes_tb`.`dep_type`, `buses_tb`.`bus_name`, `buses_tb`.`bus_no`, `buses_tb`.`bus_type`, `routes_tb`.`origin`, `routes_tb`.`destination`
FROM `bus_trav_sched_tb`
JOIN `buses_tb` ON `buses_tb`.`buses_tb_id` = `bus_trav_sched_tb`.`buses_tb_id`
JOIN `routes_tb` ON `routes_tb`.`routes_tb_id` = `bus_trav_sched_tb`.`routes_tb_id`
JOIN `bus_routes_tb` ON `bus_routes_tb`.`bus_routes_tb_id` = `bus_trav_sched_tb`.`bus_routes_tb_id`
ORDER BY `bus_trav_sched_tb`.`date` ASC, `bus_routes_tb`.`dep_time` ASC')
 4 FCPATH\vendor\codeigniter4\framework\system\Database\BaseBuilder.php(1649): CodeIgniter\Database\BaseConnection->query('SELECT `bus_trav_sched_tb`.*, `bus_routes_tb`.`dep_type`, `buses_tb`.`bus_name`, `buses_tb`.`bus_no`, `buses_tb`.`bus_type`, `routes_tb`.`origin`, `routes_tb`.`destination`
FROM `bus_trav_sched_tb`
JOIN `buses_tb` ON `buses_tb`.`buses_tb_id` = `bus_trav_sched_tb`.`buses_tb_id`
JOIN `routes_tb` ON `routes_tb`.`routes_tb_id` = `bus_trav_sched_tb`.`routes_tb_id`
JOIN `bus_routes_tb` ON `bus_routes_tb`.`bus_routes_tb_id` = `bus_trav_sched_tb`.`bus_routes_tb_id`
ORDER BY `bus_trav_sched_tb`.`date` ASC, `bus_routes_tb`.`dep_time` ASC', [], false)
 5 FCPATH\vendor\codeigniter4\framework\system\Model.php(286): CodeIgniter\Database\BaseBuilder->get()
 6 FCPATH\vendor\codeigniter4\framework\system\BaseModel.php(675): CodeIgniter\Model->doFindAll(0, 0)
 7 SYSTEMPATH\Helpers\schedules_helper.php(20): CodeIgniter\BaseModel->findAll()
 8 APPPATH\Views\admin\schedules.php(55): getAllSchedules()
 9 FCPATH\vendor\codeigniter4\framework\system\View\View.php(224): include('C:\\xampp\\htdocs\\Bus-Reservation-System\\app\\Views\\admin\\schedules.php')
10 FCPATH\vendor\codeigniter4\framework\system\View\View.php(227): CodeIgniter\View\View->CodeIgniter\View\{closure}()
11 SYSTEMPATH\Common.php(1173): CodeIgniter\View\View->render('admin/schedules', [], true)
12 APPPATH\Controllers\Admin.php(125): view('admin/schedules')
13 FCPATH\vendor\codeigniter4\framework\system\CodeIgniter.php(933): App\Controllers\Admin->viewSchedules()
14 FCPATH\vendor\codeigniter4\framework\system\CodeIgniter.php(507): CodeIgniter\CodeIgniter->runController(Object(App\Controllers\Admin))
15 FCPATH\vendor\codeigniter4\framework\system\CodeIgniter.php(354): CodeIgniter\CodeIgniter->handleRequest(null, Object(Config\Cache), false)
16 SYSTEMPATH\Boot.php(334): CodeIgniter\CodeIgniter->run()
17 SYSTEMPATH\Boot.php(67): CodeIgniter\Boot::runCodeIgniter(Object(CodeIgniter\CodeIgniter))
18 FCPATH\index.php(56): CodeIgniter\Boot::bootWeb(Object(Config\Paths))
ERROR - 2025-08-11 12:47:36 --> mysqli_sql_exception: Unknown column 'bus_routes_tb.dep_type' in 'field list' in C:\xampp\htdocs\Bus-Reservation-System\vendor\codeigniter4\framework\system\Database\MySQLi\Connection.php:327
Stack trace:
#0 C:\xampp\htdocs\Bus-Reservation-System\vendor\codeigniter4\framework\system\Database\MySQLi\Connection.php(327): mysqli->query('SELECT `bus_tra...', 0)
#1 C:\xampp\htdocs\Bus-Reservation-System\vendor\codeigniter4\framework\system\Database\BaseConnection.php(738): CodeIgniter\Database\MySQLi\Connection->execute('SELECT `bus_tra...')
#2 C:\xampp\htdocs\Bus-Reservation-System\vendor\codeigniter4\framework\system\Database\BaseConnection.php(652): CodeIgniter\Database\BaseConnection->simpleQuery('SELECT `bus_tra...')
#3 C:\xampp\htdocs\Bus-Reservation-System\vendor\codeigniter4\framework\system\Database\BaseBuilder.php(1649): CodeIgniter\Database\BaseConnection->query('SELECT `bus_tra...', Array, false)
#4 C:\xampp\htdocs\Bus-Reservation-System\vendor\codeigniter4\framework\system\Model.php(286): CodeIgniter\Database\BaseBuilder->get()
#5 C:\xampp\htdocs\Bus-Reservation-System\vendor\codeigniter4\framework\system\BaseModel.php(675): CodeIgniter\Model->doFindAll(0, 0)
#6 C:\xampp\htdocs\Bus-Reservation-System\system\Helpers\schedules_helper.php(20): CodeIgniter\BaseModel->findAll()
#7 C:\xampp\htdocs\Bus-Reservation-System\app\Views\admin\schedules.php(55): getAllSchedules()
#8 C:\xampp\htdocs\Bus-Reservation-System\vendor\codeigniter4\framework\system\View\View.php(224): include('C:\\xampp\\htdocs...')
#9 C:\xampp\htdocs\Bus-Reservation-System\vendor\codeigniter4\framework\system\View\View.php(227): CodeIgniter\View\View->CodeIgniter\View\{closure}()
#10 C:\xampp\htdocs\Bus-Reservation-System\system\Common.php(1173): CodeIgniter\View\View->render('admin/schedules', Array, true)
#11 C:\xampp\htdocs\Bus-Reservation-System\app\Controllers\Admin.php(125): view('admin/schedules')
#12 C:\xampp\htdocs\Bus-Reservation-System\vendor\codeigniter4\framework\system\CodeIgniter.php(933): App\Controllers\Admin->viewSchedules()
#13 C:\xampp\htdocs\Bus-Reservation-System\vendor\codeigniter4\framework\system\CodeIgniter.php(507): CodeIgniter\CodeIgniter->runController(Object(App\Controllers\Admin))
#14 C:\xampp\htdocs\Bus-Reservation-System\vendor\codeigniter4\framework\system\CodeIgniter.php(354): CodeIgniter\CodeIgniter->handleRequest(NULL, Object(Config\Cache), false)
#15 C:\xampp\htdocs\Bus-Reservation-System\system\Boot.php(334): CodeIgniter\CodeIgniter->run()
#16 C:\xampp\htdocs\Bus-Reservation-System\system\Boot.php(67): CodeIgniter\Boot::runCodeIgniter(Object(CodeIgniter\CodeIgniter))
#17 C:\xampp\htdocs\Bus-Reservation-System\index.php(56): CodeIgniter\Boot::bootWeb(Object(Config\Paths))
#18 {main}
CRITICAL - 2025-08-11 12:47:36 --> CodeIgniter\Database\Exceptions\DatabaseException: Unknown column 'bus_routes_tb.dep_type' in 'field list'
[Method: GET, Route: admin/schedules]
in FCPATH\vendor\codeigniter4\framework\system\Database\BaseConnection.php on line 692.
 1 FCPATH\vendor\codeigniter4\framework\system\Database\BaseBuilder.php(1649): CodeIgniter\Database\BaseConnection->query('SELECT `bus_trav_sched_tb`.*, `bus_routes_tb`.`dep_type`, `buses_tb`.`bus_name`, `buses_tb`.`bus_no`, `buses_tb`.`bus_type`, `routes_tb`.`origin`, `routes_tb`.`destination`
FROM `bus_trav_sched_tb`
JOIN `buses_tb` ON `buses_tb`.`buses_tb_id` = `bus_trav_sched_tb`.`buses_tb_id`
JOIN `routes_tb` ON `routes_tb`.`routes_tb_id` = `bus_trav_sched_tb`.`routes_tb_id`
JOIN `bus_routes_tb` ON `bus_routes_tb`.`bus_routes_tb_id` = `bus_trav_sched_tb`.`bus_routes_tb_id`
ORDER BY `bus_trav_sched_tb`.`date` ASC, `bus_routes_tb`.`dep_time` ASC', [], false)
 2 FCPATH\vendor\codeigniter4\framework\system\Model.php(286): CodeIgniter\Database\BaseBuilder->get()
 3 FCPATH\vendor\codeigniter4\framework\system\BaseModel.php(675): CodeIgniter\Model->doFindAll(0, 0)
 4 SYSTEMPATH\Helpers\schedules_helper.php(20): CodeIgniter\BaseModel->findAll()
 5 APPPATH\Views\admin\schedules.php(55): getAllSchedules()
 6 FCPATH\vendor\codeigniter4\framework\system\View\View.php(224): include('C:\\xampp\\htdocs\\Bus-Reservation-System\\app\\Views\\admin\\schedules.php')
 7 FCPATH\vendor\codeigniter4\framework\system\View\View.php(227): CodeIgniter\View\View->CodeIgniter\View\{closure}()
 8 SYSTEMPATH\Common.php(1173): CodeIgniter\View\View->render('admin/schedules', [], true)
 9 APPPATH\Controllers\Admin.php(125): view('admin/schedules')
10 FCPATH\vendor\codeigniter4\framework\system\CodeIgniter.php(933): App\Controllers\Admin->viewSchedules()
11 FCPATH\vendor\codeigniter4\framework\system\CodeIgniter.php(507): CodeIgniter\CodeIgniter->runController(Object(App\Controllers\Admin))
12 FCPATH\vendor\codeigniter4\framework\system\CodeIgniter.php(354): CodeIgniter\CodeIgniter->handleRequest(null, Object(Config\Cache), false)
13 SYSTEMPATH\Boot.php(334): CodeIgniter\CodeIgniter->run()
14 SYSTEMPATH\Boot.php(67): CodeIgniter\Boot::runCodeIgniter(Object(CodeIgniter\CodeIgniter))
15 FCPATH\index.php(56): CodeIgniter\Boot::bootWeb(Object(Config\Paths))
CRITICAL - 2025-08-11 12:47:36 --> [Caused by] CodeIgniter\Database\Exceptions\DatabaseException: Unknown column 'bus_routes_tb.dep_type' in 'field list'
in FCPATH\vendor\codeigniter4\framework\system\Database\MySQLi\Connection.php on line 332.
 1 FCPATH\vendor\codeigniter4\framework\system\Database\BaseConnection.php(738): CodeIgniter\Database\MySQLi\Connection->execute('SELECT `bus_trav_sched_tb`.*, `bus_routes_tb`.`dep_type`, `buses_tb`.`bus_name`, `buses_tb`.`bus_no`, `buses_tb`.`bus_type`, `routes_tb`.`origin`, `routes_tb`.`destination`
FROM `bus_trav_sched_tb`
JOIN `buses_tb` ON `buses_tb`.`buses_tb_id` = `bus_trav_sched_tb`.`buses_tb_id`
JOIN `routes_tb` ON `routes_tb`.`routes_tb_id` = `bus_trav_sched_tb`.`routes_tb_id`
JOIN `bus_routes_tb` ON `bus_routes_tb`.`bus_routes_tb_id` = `bus_trav_sched_tb`.`bus_routes_tb_id`
ORDER BY `bus_trav_sched_tb`.`date` ASC, `bus_routes_tb`.`dep_time` ASC')
 2 FCPATH\vendor\codeigniter4\framework\system\Database\BaseConnection.php(652): CodeIgniter\Database\BaseConnection->simpleQuery('SELECT `bus_trav_sched_tb`.*, `bus_routes_tb`.`dep_type`, `buses_tb`.`bus_name`, `buses_tb`.`bus_no`, `buses_tb`.`bus_type`, `routes_tb`.`origin`, `routes_tb`.`destination`
FROM `bus_trav_sched_tb`
JOIN `buses_tb` ON `buses_tb`.`buses_tb_id` = `bus_trav_sched_tb`.`buses_tb_id`
JOIN `routes_tb` ON `routes_tb`.`routes_tb_id` = `bus_trav_sched_tb`.`routes_tb_id`
JOIN `bus_routes_tb` ON `bus_routes_tb`.`bus_routes_tb_id` = `bus_trav_sched_tb`.`bus_routes_tb_id`
ORDER BY `bus_trav_sched_tb`.`date` ASC, `bus_routes_tb`.`dep_time` ASC')
 3 FCPATH\vendor\codeigniter4\framework\system\Database\BaseBuilder.php(1649): CodeIgniter\Database\BaseConnection->query('SELECT `bus_trav_sched_tb`.*, `bus_routes_tb`.`dep_type`, `buses_tb`.`bus_name`, `buses_tb`.`bus_no`, `buses_tb`.`bus_type`, `routes_tb`.`origin`, `routes_tb`.`destination`
FROM `bus_trav_sched_tb`
JOIN `buses_tb` ON `buses_tb`.`buses_tb_id` = `bus_trav_sched_tb`.`buses_tb_id`
JOIN `routes_tb` ON `routes_tb`.`routes_tb_id` = `bus_trav_sched_tb`.`routes_tb_id`
JOIN `bus_routes_tb` ON `bus_routes_tb`.`bus_routes_tb_id` = `bus_trav_sched_tb`.`bus_routes_tb_id`
ORDER BY `bus_trav_sched_tb`.`date` ASC, `bus_routes_tb`.`dep_time` ASC', [], false)
 4 FCPATH\vendor\codeigniter4\framework\system\Model.php(286): CodeIgniter\Database\BaseBuilder->get()
 5 FCPATH\vendor\codeigniter4\framework\system\BaseModel.php(675): CodeIgniter\Model->doFindAll(0, 0)
 6 SYSTEMPATH\Helpers\schedules_helper.php(20): CodeIgniter\BaseModel->findAll()
 7 APPPATH\Views\admin\schedules.php(55): getAllSchedules()
 8 FCPATH\vendor\codeigniter4\framework\system\View\View.php(224): include('C:\\xampp\\htdocs\\Bus-Reservation-System\\app\\Views\\admin\\schedules.php')
 9 FCPATH\vendor\codeigniter4\framework\system\View\View.php(227): CodeIgniter\View\View->CodeIgniter\View\{closure}()
10 SYSTEMPATH\Common.php(1173): CodeIgniter\View\View->render('admin/schedules', [], true)
11 APPPATH\Controllers\Admin.php(125): view('admin/schedules')
12 FCPATH\vendor\codeigniter4\framework\system\CodeIgniter.php(933): App\Controllers\Admin->viewSchedules()
13 FCPATH\vendor\codeigniter4\framework\system\CodeIgniter.php(507): CodeIgniter\CodeIgniter->runController(Object(App\Controllers\Admin))
14 FCPATH\vendor\codeigniter4\framework\system\CodeIgniter.php(354): CodeIgniter\CodeIgniter->handleRequest(null, Object(Config\Cache), false)
15 SYSTEMPATH\Boot.php(334): CodeIgniter\CodeIgniter->run()
16 SYSTEMPATH\Boot.php(67): CodeIgniter\Boot::runCodeIgniter(Object(CodeIgniter\CodeIgniter))
17 FCPATH\index.php(56): CodeIgniter\Boot::bootWeb(Object(Config\Paths))
CRITICAL - 2025-08-11 12:47:36 --> [Caused by] mysqli_sql_exception: Unknown column 'bus_routes_tb.dep_type' in 'field list'
in FCPATH\vendor\codeigniter4\framework\system\Database\MySQLi\Connection.php on line 327.
 1 FCPATH\vendor\codeigniter4\framework\system\Database\MySQLi\Connection.php(327): mysqli->query('SELECT `bus_trav_sched_tb`.*, `bus_routes_tb`.`dep_type`, `buses_tb`.`bus_name`, `buses_tb`.`bus_no`, `buses_tb`.`bus_type`, `routes_tb`.`origin`, `routes_tb`.`destination`
FROM `bus_trav_sched_tb`
JOIN `buses_tb` ON `buses_tb`.`buses_tb_id` = `bus_trav_sched_tb`.`buses_tb_id`
JOIN `routes_tb` ON `routes_tb`.`routes_tb_id` = `bus_trav_sched_tb`.`routes_tb_id`
JOIN `bus_routes_tb` ON `bus_routes_tb`.`bus_routes_tb_id` = `bus_trav_sched_tb`.`bus_routes_tb_id`
ORDER BY `bus_trav_sched_tb`.`date` ASC, `bus_routes_tb`.`dep_time` ASC', 0)
 2 FCPATH\vendor\codeigniter4\framework\system\Database\BaseConnection.php(738): CodeIgniter\Database\MySQLi\Connection->execute('SELECT `bus_trav_sched_tb`.*, `bus_routes_tb`.`dep_type`, `buses_tb`.`bus_name`, `buses_tb`.`bus_no`, `buses_tb`.`bus_type`, `routes_tb`.`origin`, `routes_tb`.`destination`
FROM `bus_trav_sched_tb`
JOIN `buses_tb` ON `buses_tb`.`buses_tb_id` = `bus_trav_sched_tb`.`buses_tb_id`
JOIN `routes_tb` ON `routes_tb`.`routes_tb_id` = `bus_trav_sched_tb`.`routes_tb_id`
JOIN `bus_routes_tb` ON `bus_routes_tb`.`bus_routes_tb_id` = `bus_trav_sched_tb`.`bus_routes_tb_id`
ORDER BY `bus_trav_sched_tb`.`date` ASC, `bus_routes_tb`.`dep_time` ASC')
 3 FCPATH\vendor\codeigniter4\framework\system\Database\BaseConnection.php(652): CodeIgniter\Database\BaseConnection->simpleQuery('SELECT `bus_trav_sched_tb`.*, `bus_routes_tb`.`dep_type`, `buses_tb`.`bus_name`, `buses_tb`.`bus_no`, `buses_tb`.`bus_type`, `routes_tb`.`origin`, `routes_tb`.`destination`
FROM `bus_trav_sched_tb`
JOIN `buses_tb` ON `buses_tb`.`buses_tb_id` = `bus_trav_sched_tb`.`buses_tb_id`
JOIN `routes_tb` ON `routes_tb`.`routes_tb_id` = `bus_trav_sched_tb`.`routes_tb_id`
JOIN `bus_routes_tb` ON `bus_routes_tb`.`bus_routes_tb_id` = `bus_trav_sched_tb`.`bus_routes_tb_id`
ORDER BY `bus_trav_sched_tb`.`date` ASC, `bus_routes_tb`.`dep_time` ASC')
 4 FCPATH\vendor\codeigniter4\framework\system\Database\BaseBuilder.php(1649): CodeIgniter\Database\BaseConnection->query('SELECT `bus_trav_sched_tb`.*, `bus_routes_tb`.`dep_type`, `buses_tb`.`bus_name`, `buses_tb`.`bus_no`, `buses_tb`.`bus_type`, `routes_tb`.`origin`, `routes_tb`.`destination`
FROM `bus_trav_sched_tb`
JOIN `buses_tb` ON `buses_tb`.`buses_tb_id` = `bus_trav_sched_tb`.`buses_tb_id`
JOIN `routes_tb` ON `routes_tb`.`routes_tb_id` = `bus_trav_sched_tb`.`routes_tb_id`
JOIN `bus_routes_tb` ON `bus_routes_tb`.`bus_routes_tb_id` = `bus_trav_sched_tb`.`bus_routes_tb_id`
ORDER BY `bus_trav_sched_tb`.`date` ASC, `bus_routes_tb`.`dep_time` ASC', [], false)
 5 FCPATH\vendor\codeigniter4\framework\system\Model.php(286): CodeIgniter\Database\BaseBuilder->get()
 6 FCPATH\vendor\codeigniter4\framework\system\BaseModel.php(675): CodeIgniter\Model->doFindAll(0, 0)
 7 SYSTEMPATH\Helpers\schedules_helper.php(20): CodeIgniter\BaseModel->findAll()
 8 APPPATH\Views\admin\schedules.php(55): getAllSchedules()
 9 FCPATH\vendor\codeigniter4\framework\system\View\View.php(224): include('C:\\xampp\\htdocs\\Bus-Reservation-System\\app\\Views\\admin\\schedules.php')
10 FCPATH\vendor\codeigniter4\framework\system\View\View.php(227): CodeIgniter\View\View->CodeIgniter\View\{closure}()
11 SYSTEMPATH\Common.php(1173): CodeIgniter\View\View->render('admin/schedules', [], true)
12 APPPATH\Controllers\Admin.php(125): view('admin/schedules')
13 FCPATH\vendor\codeigniter4\framework\system\CodeIgniter.php(933): App\Controllers\Admin->viewSchedules()
14 FCPATH\vendor\codeigniter4\framework\system\CodeIgniter.php(507): CodeIgniter\CodeIgniter->runController(Object(App\Controllers\Admin))
15 FCPATH\vendor\codeigniter4\framework\system\CodeIgniter.php(354): CodeIgniter\CodeIgniter->handleRequest(null, Object(Config\Cache), false)
16 SYSTEMPATH\Boot.php(334): CodeIgniter\CodeIgniter->run()
17 SYSTEMPATH\Boot.php(67): CodeIgniter\Boot::runCodeIgniter(Object(CodeIgniter\CodeIgniter))
18 FCPATH\index.php(56): CodeIgniter\Boot::bootWeb(Object(Config\Paths))
ERROR - 2025-08-11 12:51:27 --> mysqli_sql_exception: Unknown column 'bus_routes_tb.dep_type' in 'field list' in C:\xampp\htdocs\Bus-Reservation-System\vendor\codeigniter4\framework\system\Database\MySQLi\Connection.php:327
Stack trace:
#0 C:\xampp\htdocs\Bus-Reservation-System\vendor\codeigniter4\framework\system\Database\MySQLi\Connection.php(327): mysqli->query('SELECT `bus_tra...', 0)
#1 C:\xampp\htdocs\Bus-Reservation-System\vendor\codeigniter4\framework\system\Database\BaseConnection.php(738): CodeIgniter\Database\MySQLi\Connection->execute('SELECT `bus_tra...')
#2 C:\xampp\htdocs\Bus-Reservation-System\vendor\codeigniter4\framework\system\Database\BaseConnection.php(652): CodeIgniter\Database\BaseConnection->simpleQuery('SELECT `bus_tra...')
#3 C:\xampp\htdocs\Bus-Reservation-System\vendor\codeigniter4\framework\system\Database\BaseBuilder.php(1649): CodeIgniter\Database\BaseConnection->query('SELECT `bus_tra...', Array, false)
#4 C:\xampp\htdocs\Bus-Reservation-System\vendor\codeigniter4\framework\system\Model.php(286): CodeIgniter\Database\BaseBuilder->get()
#5 C:\xampp\htdocs\Bus-Reservation-System\vendor\codeigniter4\framework\system\BaseModel.php(675): CodeIgniter\Model->doFindAll(0, 0)
#6 C:\xampp\htdocs\Bus-Reservation-System\system\Helpers\schedules_helper.php(20): CodeIgniter\BaseModel->findAll()
#7 C:\xampp\htdocs\Bus-Reservation-System\app\Views\admin\schedules.php(55): getAllSchedules()
#8 C:\xampp\htdocs\Bus-Reservation-System\vendor\codeigniter4\framework\system\View\View.php(224): include('C:\\xampp\\htdocs...')
#9 C:\xampp\htdocs\Bus-Reservation-System\vendor\codeigniter4\framework\system\View\View.php(227): CodeIgniter\View\View->CodeIgniter\View\{closure}()
#10 C:\xampp\htdocs\Bus-Reservation-System\system\Common.php(1173): CodeIgniter\View\View->render('admin/schedules', Array, true)
#11 C:\xampp\htdocs\Bus-Reservation-System\app\Controllers\Admin.php(125): view('admin/schedules')
#12 C:\xampp\htdocs\Bus-Reservation-System\vendor\codeigniter4\framework\system\CodeIgniter.php(933): App\Controllers\Admin->viewSchedules()
#13 C:\xampp\htdocs\Bus-Reservation-System\vendor\codeigniter4\framework\system\CodeIgniter.php(507): CodeIgniter\CodeIgniter->runController(Object(App\Controllers\Admin))
#14 C:\xampp\htdocs\Bus-Reservation-System\vendor\codeigniter4\framework\system\CodeIgniter.php(354): CodeIgniter\CodeIgniter->handleRequest(NULL, Object(Config\Cache), false)
#15 C:\xampp\htdocs\Bus-Reservation-System\system\Boot.php(334): CodeIgniter\CodeIgniter->run()
#16 C:\xampp\htdocs\Bus-Reservation-System\system\Boot.php(67): CodeIgniter\Boot::runCodeIgniter(Object(CodeIgniter\CodeIgniter))
#17 C:\xampp\htdocs\Bus-Reservation-System\index.php(56): CodeIgniter\Boot::bootWeb(Object(Config\Paths))
#18 {main}
CRITICAL - 2025-08-11 12:51:27 --> CodeIgniter\Database\Exceptions\DatabaseException: Unknown column 'bus_routes_tb.dep_type' in 'field list'
[Method: GET, Route: admin/schedules]
in FCPATH\vendor\codeigniter4\framework\system\Database\BaseConnection.php on line 692.
 1 FCPATH\vendor\codeigniter4\framework\system\Database\BaseBuilder.php(1649): CodeIgniter\Database\BaseConnection->query('SELECT `bus_trav_sched_tb`.*, `bus_routes_tb`.`dep_type`, `buses_tb`.`bus_name`, `buses_tb`.`bus_no`, `buses_tb`.`bus_type`, `routes_tb`.`origin`, `routes_tb`.`destination`
FROM `bus_trav_sched_tb`
JOIN `buses_tb` ON `buses_tb`.`buses_tb_id` = `bus_trav_sched_tb`.`buses_tb_id`
JOIN `routes_tb` ON `routes_tb`.`routes_tb_id` = `bus_routes_tb`.`routes_tb_id`
JOIN `bus_routes_tb` ON `bus_routes_tb`.`bus_routes_tb_id` = `bus_trav_sched_tb`.`bus_routes_tb_id`
ORDER BY `bus_trav_sched_tb`.`date` ASC, `bus_routes_tb`.`dep_time` ASC', [], false)
 2 FCPATH\vendor\codeigniter4\framework\system\Model.php(286): CodeIgniter\Database\BaseBuilder->get()
 3 FCPATH\vendor\codeigniter4\framework\system\BaseModel.php(675): CodeIgniter\Model->doFindAll(0, 0)
 4 SYSTEMPATH\Helpers\schedules_helper.php(20): CodeIgniter\BaseModel->findAll()
 5 APPPATH\Views\admin\schedules.php(55): getAllSchedules()
 6 FCPATH\vendor\codeigniter4\framework\system\View\View.php(224): include('C:\\xampp\\htdocs\\Bus-Reservation-System\\app\\Views\\admin\\schedules.php')
 7 FCPATH\vendor\codeigniter4\framework\system\View\View.php(227): CodeIgniter\View\View->CodeIgniter\View\{closure}()
 8 SYSTEMPATH\Common.php(1173): CodeIgniter\View\View->render('admin/schedules', [], true)
 9 APPPATH\Controllers\Admin.php(125): view('admin/schedules')
10 FCPATH\vendor\codeigniter4\framework\system\CodeIgniter.php(933): App\Controllers\Admin->viewSchedules()
11 FCPATH\vendor\codeigniter4\framework\system\CodeIgniter.php(507): CodeIgniter\CodeIgniter->runController(Object(App\Controllers\Admin))
12 FCPATH\vendor\codeigniter4\framework\system\CodeIgniter.php(354): CodeIgniter\CodeIgniter->handleRequest(null, Object(Config\Cache), false)
13 SYSTEMPATH\Boot.php(334): CodeIgniter\CodeIgniter->run()
14 SYSTEMPATH\Boot.php(67): CodeIgniter\Boot::runCodeIgniter(Object(CodeIgniter\CodeIgniter))
15 FCPATH\index.php(56): CodeIgniter\Boot::bootWeb(Object(Config\Paths))
CRITICAL - 2025-08-11 12:51:27 --> [Caused by] CodeIgniter\Database\Exceptions\DatabaseException: Unknown column 'bus_routes_tb.dep_type' in 'field list'
in FCPATH\vendor\codeigniter4\framework\system\Database\MySQLi\Connection.php on line 332.
 1 FCPATH\vendor\codeigniter4\framework\system\Database\BaseConnection.php(738): CodeIgniter\Database\MySQLi\Connection->execute('SELECT `bus_trav_sched_tb`.*, `bus_routes_tb`.`dep_type`, `buses_tb`.`bus_name`, `buses_tb`.`bus_no`, `buses_tb`.`bus_type`, `routes_tb`.`origin`, `routes_tb`.`destination`
FROM `bus_trav_sched_tb`
JOIN `buses_tb` ON `buses_tb`.`buses_tb_id` = `bus_trav_sched_tb`.`buses_tb_id`
JOIN `routes_tb` ON `routes_tb`.`routes_tb_id` = `bus_routes_tb`.`routes_tb_id`
JOIN `bus_routes_tb` ON `bus_routes_tb`.`bus_routes_tb_id` = `bus_trav_sched_tb`.`bus_routes_tb_id`
ORDER BY `bus_trav_sched_tb`.`date` ASC, `bus_routes_tb`.`dep_time` ASC')
 2 FCPATH\vendor\codeigniter4\framework\system\Database\BaseConnection.php(652): CodeIgniter\Database\BaseConnection->simpleQuery('SELECT `bus_trav_sched_tb`.*, `bus_routes_tb`.`dep_type`, `buses_tb`.`bus_name`, `buses_tb`.`bus_no`, `buses_tb`.`bus_type`, `routes_tb`.`origin`, `routes_tb`.`destination`
FROM `bus_trav_sched_tb`
JOIN `buses_tb` ON `buses_tb`.`buses_tb_id` = `bus_trav_sched_tb`.`buses_tb_id`
JOIN `routes_tb` ON `routes_tb`.`routes_tb_id` = `bus_routes_tb`.`routes_tb_id`
JOIN `bus_routes_tb` ON `bus_routes_tb`.`bus_routes_tb_id` = `bus_trav_sched_tb`.`bus_routes_tb_id`
ORDER BY `bus_trav_sched_tb`.`date` ASC, `bus_routes_tb`.`dep_time` ASC')
 3 FCPATH\vendor\codeigniter4\framework\system\Database\BaseBuilder.php(1649): CodeIgniter\Database\BaseConnection->query('SELECT `bus_trav_sched_tb`.*, `bus_routes_tb`.`dep_type`, `buses_tb`.`bus_name`, `buses_tb`.`bus_no`, `buses_tb`.`bus_type`, `routes_tb`.`origin`, `routes_tb`.`destination`
FROM `bus_trav_sched_tb`
JOIN `buses_tb` ON `buses_tb`.`buses_tb_id` = `bus_trav_sched_tb`.`buses_tb_id`
JOIN `routes_tb` ON `routes_tb`.`routes_tb_id` = `bus_routes_tb`.`routes_tb_id`
JOIN `bus_routes_tb` ON `bus_routes_tb`.`bus_routes_tb_id` = `bus_trav_sched_tb`.`bus_routes_tb_id`
ORDER BY `bus_trav_sched_tb`.`date` ASC, `bus_routes_tb`.`dep_time` ASC', [], false)
 4 FCPATH\vendor\codeigniter4\framework\system\Model.php(286): CodeIgniter\Database\BaseBuilder->get()
 5 FCPATH\vendor\codeigniter4\framework\system\BaseModel.php(675): CodeIgniter\Model->doFindAll(0, 0)
 6 SYSTEMPATH\Helpers\schedules_helper.php(20): CodeIgniter\BaseModel->findAll()
 7 APPPATH\Views\admin\schedules.php(55): getAllSchedules()
 8 FCPATH\vendor\codeigniter4\framework\system\View\View.php(224): include('C:\\xampp\\htdocs\\Bus-Reservation-System\\app\\Views\\admin\\schedules.php')
 9 FCPATH\vendor\codeigniter4\framework\system\View\View.php(227): CodeIgniter\View\View->CodeIgniter\View\{closure}()
10 SYSTEMPATH\Common.php(1173): CodeIgniter\View\View->render('admin/schedules', [], true)
11 APPPATH\Controllers\Admin.php(125): view('admin/schedules')
12 FCPATH\vendor\codeigniter4\framework\system\CodeIgniter.php(933): App\Controllers\Admin->viewSchedules()
13 FCPATH\vendor\codeigniter4\framework\system\CodeIgniter.php(507): CodeIgniter\CodeIgniter->runController(Object(App\Controllers\Admin))
14 FCPATH\vendor\codeigniter4\framework\system\CodeIgniter.php(354): CodeIgniter\CodeIgniter->handleRequest(null, Object(Config\Cache), false)
15 SYSTEMPATH\Boot.php(334): CodeIgniter\CodeIgniter->run()
16 SYSTEMPATH\Boot.php(67): CodeIgniter\Boot::runCodeIgniter(Object(CodeIgniter\CodeIgniter))
17 FCPATH\index.php(56): CodeIgniter\Boot::bootWeb(Object(Config\Paths))
CRITICAL - 2025-08-11 12:51:27 --> [Caused by] mysqli_sql_exception: Unknown column 'bus_routes_tb.dep_type' in 'field list'
in FCPATH\vendor\codeigniter4\framework\system\Database\MySQLi\Connection.php on line 327.
 1 FCPATH\vendor\codeigniter4\framework\system\Database\MySQLi\Connection.php(327): mysqli->query('SELECT `bus_trav_sched_tb`.*, `bus_routes_tb`.`dep_type`, `buses_tb`.`bus_name`, `buses_tb`.`bus_no`, `buses_tb`.`bus_type`, `routes_tb`.`origin`, `routes_tb`.`destination`
FROM `bus_trav_sched_tb`
JOIN `buses_tb` ON `buses_tb`.`buses_tb_id` = `bus_trav_sched_tb`.`buses_tb_id`
JOIN `routes_tb` ON `routes_tb`.`routes_tb_id` = `bus_routes_tb`.`routes_tb_id`
JOIN `bus_routes_tb` ON `bus_routes_tb`.`bus_routes_tb_id` = `bus_trav_sched_tb`.`bus_routes_tb_id`
ORDER BY `bus_trav_sched_tb`.`date` ASC, `bus_routes_tb`.`dep_time` ASC', 0)
 2 FCPATH\vendor\codeigniter4\framework\system\Database\BaseConnection.php(738): CodeIgniter\Database\MySQLi\Connection->execute('SELECT `bus_trav_sched_tb`.*, `bus_routes_tb`.`dep_type`, `buses_tb`.`bus_name`, `buses_tb`.`bus_no`, `buses_tb`.`bus_type`, `routes_tb`.`origin`, `routes_tb`.`destination`
FROM `bus_trav_sched_tb`
JOIN `buses_tb` ON `buses_tb`.`buses_tb_id` = `bus_trav_sched_tb`.`buses_tb_id`
JOIN `routes_tb` ON `routes_tb`.`routes_tb_id` = `bus_routes_tb`.`routes_tb_id`
JOIN `bus_routes_tb` ON `bus_routes_tb`.`bus_routes_tb_id` = `bus_trav_sched_tb`.`bus_routes_tb_id`
ORDER BY `bus_trav_sched_tb`.`date` ASC, `bus_routes_tb`.`dep_time` ASC')
 3 FCPATH\vendor\codeigniter4\framework\system\Database\BaseConnection.php(652): CodeIgniter\Database\BaseConnection->simpleQuery('SELECT `bus_trav_sched_tb`.*, `bus_routes_tb`.`dep_type`, `buses_tb`.`bus_name`, `buses_tb`.`bus_no`, `buses_tb`.`bus_type`, `routes_tb`.`origin`, `routes_tb`.`destination`
FROM `bus_trav_sched_tb`
JOIN `buses_tb` ON `buses_tb`.`buses_tb_id` = `bus_trav_sched_tb`.`buses_tb_id`
JOIN `routes_tb` ON `routes_tb`.`routes_tb_id` = `bus_routes_tb`.`routes_tb_id`
JOIN `bus_routes_tb` ON `bus_routes_tb`.`bus_routes_tb_id` = `bus_trav_sched_tb`.`bus_routes_tb_id`
ORDER BY `bus_trav_sched_tb`.`date` ASC, `bus_routes_tb`.`dep_time` ASC')
 4 FCPATH\vendor\codeigniter4\framework\system\Database\BaseBuilder.php(1649): CodeIgniter\Database\BaseConnection->query('SELECT `bus_trav_sched_tb`.*, `bus_routes_tb`.`dep_type`, `buses_tb`.`bus_name`, `buses_tb`.`bus_no`, `buses_tb`.`bus_type`, `routes_tb`.`origin`, `routes_tb`.`destination`
FROM `bus_trav_sched_tb`
JOIN `buses_tb` ON `buses_tb`.`buses_tb_id` = `bus_trav_sched_tb`.`buses_tb_id`
JOIN `routes_tb` ON `routes_tb`.`routes_tb_id` = `bus_routes_tb`.`routes_tb_id`
JOIN `bus_routes_tb` ON `bus_routes_tb`.`bus_routes_tb_id` = `bus_trav_sched_tb`.`bus_routes_tb_id`
ORDER BY `bus_trav_sched_tb`.`date` ASC, `bus_routes_tb`.`dep_time` ASC', [], false)
 5 FCPATH\vendor\codeigniter4\framework\system\Model.php(286): CodeIgniter\Database\BaseBuilder->get()
 6 FCPATH\vendor\codeigniter4\framework\system\BaseModel.php(675): CodeIgniter\Model->doFindAll(0, 0)
 7 SYSTEMPATH\Helpers\schedules_helper.php(20): CodeIgniter\BaseModel->findAll()
 8 APPPATH\Views\admin\schedules.php(55): getAllSchedules()
 9 FCPATH\vendor\codeigniter4\framework\system\View\View.php(224): include('C:\\xampp\\htdocs\\Bus-Reservation-System\\app\\Views\\admin\\schedules.php')
10 FCPATH\vendor\codeigniter4\framework\system\View\View.php(227): CodeIgniter\View\View->CodeIgniter\View\{closure}()
11 SYSTEMPATH\Common.php(1173): CodeIgniter\View\View->render('admin/schedules', [], true)
12 APPPATH\Controllers\Admin.php(125): view('admin/schedules')
13 FCPATH\vendor\codeigniter4\framework\system\CodeIgniter.php(933): App\Controllers\Admin->viewSchedules()
14 FCPATH\vendor\codeigniter4\framework\system\CodeIgniter.php(507): CodeIgniter\CodeIgniter->runController(Object(App\Controllers\Admin))
15 FCPATH\vendor\codeigniter4\framework\system\CodeIgniter.php(354): CodeIgniter\CodeIgniter->handleRequest(null, Object(Config\Cache), false)
16 SYSTEMPATH\Boot.php(334): CodeIgniter\CodeIgniter->run()
17 SYSTEMPATH\Boot.php(67): CodeIgniter\Boot::runCodeIgniter(Object(CodeIgniter\CodeIgniter))
18 FCPATH\index.php(56): CodeIgniter\Boot::bootWeb(Object(Config\Paths))
ERROR - 2025-08-11 12:53:34 --> mysqli_sql_exception: Unknown column 'bus_routes_tb.dep_type' in 'field list' in C:\xampp\htdocs\Bus-Reservation-System\vendor\codeigniter4\framework\system\Database\MySQLi\Connection.php:327
Stack trace:
#0 C:\xampp\htdocs\Bus-Reservation-System\vendor\codeigniter4\framework\system\Database\MySQLi\Connection.php(327): mysqli->query('SELECT `bus_tra...', 0)
#1 C:\xampp\htdocs\Bus-Reservation-System\vendor\codeigniter4\framework\system\Database\BaseConnection.php(738): CodeIgniter\Database\MySQLi\Connection->execute('SELECT `bus_tra...')
#2 C:\xampp\htdocs\Bus-Reservation-System\vendor\codeigniter4\framework\system\Database\BaseConnection.php(652): CodeIgniter\Database\BaseConnection->simpleQuery('SELECT `bus_tra...')
#3 C:\xampp\htdocs\Bus-Reservation-System\vendor\codeigniter4\framework\system\Database\BaseBuilder.php(1649): CodeIgniter\Database\BaseConnection->query('SELECT `bus_tra...', Array, false)
#4 C:\xampp\htdocs\Bus-Reservation-System\vendor\codeigniter4\framework\system\Model.php(286): CodeIgniter\Database\BaseBuilder->get()
#5 C:\xampp\htdocs\Bus-Reservation-System\vendor\codeigniter4\framework\system\BaseModel.php(675): CodeIgniter\Model->doFindAll(0, 0)
#6 C:\xampp\htdocs\Bus-Reservation-System\system\Helpers\schedules_helper.php(20): CodeIgniter\BaseModel->findAll()
#7 C:\xampp\htdocs\Bus-Reservation-System\app\Views\admin\schedules.php(55): getAllSchedules()
#8 C:\xampp\htdocs\Bus-Reservation-System\vendor\codeigniter4\framework\system\View\View.php(224): include('C:\\xampp\\htdocs...')
#9 C:\xampp\htdocs\Bus-Reservation-System\vendor\codeigniter4\framework\system\View\View.php(227): CodeIgniter\View\View->CodeIgniter\View\{closure}()
#10 C:\xampp\htdocs\Bus-Reservation-System\system\Common.php(1173): CodeIgniter\View\View->render('admin/schedules', Array, true)
#11 C:\xampp\htdocs\Bus-Reservation-System\app\Controllers\Admin.php(125): view('admin/schedules')
#12 C:\xampp\htdocs\Bus-Reservation-System\vendor\codeigniter4\framework\system\CodeIgniter.php(933): App\Controllers\Admin->viewSchedules()
#13 C:\xampp\htdocs\Bus-Reservation-System\vendor\codeigniter4\framework\system\CodeIgniter.php(507): CodeIgniter\CodeIgniter->runController(Object(App\Controllers\Admin))
#14 C:\xampp\htdocs\Bus-Reservation-System\vendor\codeigniter4\framework\system\CodeIgniter.php(354): CodeIgniter\CodeIgniter->handleRequest(NULL, Object(Config\Cache), false)
#15 C:\xampp\htdocs\Bus-Reservation-System\system\Boot.php(334): CodeIgniter\CodeIgniter->run()
#16 C:\xampp\htdocs\Bus-Reservation-System\system\Boot.php(67): CodeIgniter\Boot::runCodeIgniter(Object(CodeIgniter\CodeIgniter))
#17 C:\xampp\htdocs\Bus-Reservation-System\index.php(56): CodeIgniter\Boot::bootWeb(Object(Config\Paths))
#18 {main}
CRITICAL - 2025-08-11 12:53:34 --> CodeIgniter\Database\Exceptions\DatabaseException: Unknown column 'bus_routes_tb.dep_type' in 'field list'
[Method: GET, Route: admin/schedules]
in FCPATH\vendor\codeigniter4\framework\system\Database\BaseConnection.php on line 692.
 1 FCPATH\vendor\codeigniter4\framework\system\Database\BaseBuilder.php(1649): CodeIgniter\Database\BaseConnection->query('SELECT `bus_trav_sched_tb`.*, `bus_routes_tb`.`dep_type`, `buses_tb`.`bus_name`, `buses_tb`.`bus_no`, `buses_tb`.`bus_type`, `routes_tb`.`origin`, `routes_tb`.`destination`
FROM `bus_trav_sched_tb`
JOIN `buses_tb` ON `buses_tb`.`buses_tb_id` = `bus_trav_sched_tb`.`buses_tb_id`
JOIN `routes_tb` ON `routes_tb`.`routes_tb_id` = `bus_routes_tb`.`bus_routes_tb_id`
JOIN `bus_routes_tb` ON `bus_routes_tb`.`bus_routes_tb_id` = `bus_trav_sched_tb`.`bus_routes_tb_id`
ORDER BY `bus_trav_sched_tb`.`date` ASC, `bus_routes_tb`.`dep_time` ASC', [], false)
 2 FCPATH\vendor\codeigniter4\framework\system\Model.php(286): CodeIgniter\Database\BaseBuilder->get()
 3 FCPATH\vendor\codeigniter4\framework\system\BaseModel.php(675): CodeIgniter\Model->doFindAll(0, 0)
 4 SYSTEMPATH\Helpers\schedules_helper.php(20): CodeIgniter\BaseModel->findAll()
 5 APPPATH\Views\admin\schedules.php(55): getAllSchedules()
 6 FCPATH\vendor\codeigniter4\framework\system\View\View.php(224): include('C:\\xampp\\htdocs\\Bus-Reservation-System\\app\\Views\\admin\\schedules.php')
 7 FCPATH\vendor\codeigniter4\framework\system\View\View.php(227): CodeIgniter\View\View->CodeIgniter\View\{closure}()
 8 SYSTEMPATH\Common.php(1173): CodeIgniter\View\View->render('admin/schedules', [], true)
 9 APPPATH\Controllers\Admin.php(125): view('admin/schedules')
10 FCPATH\vendor\codeigniter4\framework\system\CodeIgniter.php(933): App\Controllers\Admin->viewSchedules()
11 FCPATH\vendor\codeigniter4\framework\system\CodeIgniter.php(507): CodeIgniter\CodeIgniter->runController(Object(App\Controllers\Admin))
12 FCPATH\vendor\codeigniter4\framework\system\CodeIgniter.php(354): CodeIgniter\CodeIgniter->handleRequest(null, Object(Config\Cache), false)
13 SYSTEMPATH\Boot.php(334): CodeIgniter\CodeIgniter->run()
14 SYSTEMPATH\Boot.php(67): CodeIgniter\Boot::runCodeIgniter(Object(CodeIgniter\CodeIgniter))
15 FCPATH\index.php(56): CodeIgniter\Boot::bootWeb(Object(Config\Paths))
CRITICAL - 2025-08-11 12:53:34 --> [Caused by] CodeIgniter\Database\Exceptions\DatabaseException: Unknown column 'bus_routes_tb.dep_type' in 'field list'
in FCPATH\vendor\codeigniter4\framework\system\Database\MySQLi\Connection.php on line 332.
 1 FCPATH\vendor\codeigniter4\framework\system\Database\BaseConnection.php(738): CodeIgniter\Database\MySQLi\Connection->execute('SELECT `bus_trav_sched_tb`.*, `bus_routes_tb`.`dep_type`, `buses_tb`.`bus_name`, `buses_tb`.`bus_no`, `buses_tb`.`bus_type`, `routes_tb`.`origin`, `routes_tb`.`destination`
FROM `bus_trav_sched_tb`
JOIN `buses_tb` ON `buses_tb`.`buses_tb_id` = `bus_trav_sched_tb`.`buses_tb_id`
JOIN `routes_tb` ON `routes_tb`.`routes_tb_id` = `bus_routes_tb`.`bus_routes_tb_id`
JOIN `bus_routes_tb` ON `bus_routes_tb`.`bus_routes_tb_id` = `bus_trav_sched_tb`.`bus_routes_tb_id`
ORDER BY `bus_trav_sched_tb`.`date` ASC, `bus_routes_tb`.`dep_time` ASC')
 2 FCPATH\vendor\codeigniter4\framework\system\Database\BaseConnection.php(652): CodeIgniter\Database\BaseConnection->simpleQuery('SELECT `bus_trav_sched_tb`.*, `bus_routes_tb`.`dep_type`, `buses_tb`.`bus_name`, `buses_tb`.`bus_no`, `buses_tb`.`bus_type`, `routes_tb`.`origin`, `routes_tb`.`destination`
FROM `bus_trav_sched_tb`
JOIN `buses_tb` ON `buses_tb`.`buses_tb_id` = `bus_trav_sched_tb`.`buses_tb_id`
JOIN `routes_tb` ON `routes_tb`.`routes_tb_id` = `bus_routes_tb`.`bus_routes_tb_id`
JOIN `bus_routes_tb` ON `bus_routes_tb`.`bus_routes_tb_id` = `bus_trav_sched_tb`.`bus_routes_tb_id`
ORDER BY `bus_trav_sched_tb`.`date` ASC, `bus_routes_tb`.`dep_time` ASC')
 3 FCPATH\vendor\codeigniter4\framework\system\Database\BaseBuilder.php(1649): CodeIgniter\Database\BaseConnection->query('SELECT `bus_trav_sched_tb`.*, `bus_routes_tb`.`dep_type`, `buses_tb`.`bus_name`, `buses_tb`.`bus_no`, `buses_tb`.`bus_type`, `routes_tb`.`origin`, `routes_tb`.`destination`
FROM `bus_trav_sched_tb`
JOIN `buses_tb` ON `buses_tb`.`buses_tb_id` = `bus_trav_sched_tb`.`buses_tb_id`
JOIN `routes_tb` ON `routes_tb`.`routes_tb_id` = `bus_routes_tb`.`bus_routes_tb_id`
JOIN `bus_routes_tb` ON `bus_routes_tb`.`bus_routes_tb_id` = `bus_trav_sched_tb`.`bus_routes_tb_id`
ORDER BY `bus_trav_sched_tb`.`date` ASC, `bus_routes_tb`.`dep_time` ASC', [], false)
 4 FCPATH\vendor\codeigniter4\framework\system\Model.php(286): CodeIgniter\Database\BaseBuilder->get()
 5 FCPATH\vendor\codeigniter4\framework\system\BaseModel.php(675): CodeIgniter\Model->doFindAll(0, 0)
 6 SYSTEMPATH\Helpers\schedules_helper.php(20): CodeIgniter\BaseModel->findAll()
 7 APPPATH\Views\admin\schedules.php(55): getAllSchedules()
 8 FCPATH\vendor\codeigniter4\framework\system\View\View.php(224): include('C:\\xampp\\htdocs\\Bus-Reservation-System\\app\\Views\\admin\\schedules.php')
 9 FCPATH\vendor\codeigniter4\framework\system\View\View.php(227): CodeIgniter\View\View->CodeIgniter\View\{closure}()
10 SYSTEMPATH\Common.php(1173): CodeIgniter\View\View->render('admin/schedules', [], true)
11 APPPATH\Controllers\Admin.php(125): view('admin/schedules')
12 FCPATH\vendor\codeigniter4\framework\system\CodeIgniter.php(933): App\Controllers\Admin->viewSchedules()
13 FCPATH\vendor\codeigniter4\framework\system\CodeIgniter.php(507): CodeIgniter\CodeIgniter->runController(Object(App\Controllers\Admin))
14 FCPATH\vendor\codeigniter4\framework\system\CodeIgniter.php(354): CodeIgniter\CodeIgniter->handleRequest(null, Object(Config\Cache), false)
15 SYSTEMPATH\Boot.php(334): CodeIgniter\CodeIgniter->run()
16 SYSTEMPATH\Boot.php(67): CodeIgniter\Boot::runCodeIgniter(Object(CodeIgniter\CodeIgniter))
17 FCPATH\index.php(56): CodeIgniter\Boot::bootWeb(Object(Config\Paths))
CRITICAL - 2025-08-11 12:53:34 --> [Caused by] mysqli_sql_exception: Unknown column 'bus_routes_tb.dep_type' in 'field list'
in FCPATH\vendor\codeigniter4\framework\system\Database\MySQLi\Connection.php on line 327.
 1 FCPATH\vendor\codeigniter4\framework\system\Database\MySQLi\Connection.php(327): mysqli->query('SELECT `bus_trav_sched_tb`.*, `bus_routes_tb`.`dep_type`, `buses_tb`.`bus_name`, `buses_tb`.`bus_no`, `buses_tb`.`bus_type`, `routes_tb`.`origin`, `routes_tb`.`destination`
FROM `bus_trav_sched_tb`
JOIN `buses_tb` ON `buses_tb`.`buses_tb_id` = `bus_trav_sched_tb`.`buses_tb_id`
JOIN `routes_tb` ON `routes_tb`.`routes_tb_id` = `bus_routes_tb`.`bus_routes_tb_id`
JOIN `bus_routes_tb` ON `bus_routes_tb`.`bus_routes_tb_id` = `bus_trav_sched_tb`.`bus_routes_tb_id`
ORDER BY `bus_trav_sched_tb`.`date` ASC, `bus_routes_tb`.`dep_time` ASC', 0)
 2 FCPATH\vendor\codeigniter4\framework\system\Database\BaseConnection.php(738): CodeIgniter\Database\MySQLi\Connection->execute('SELECT `bus_trav_sched_tb`.*, `bus_routes_tb`.`dep_type`, `buses_tb`.`bus_name`, `buses_tb`.`bus_no`, `buses_tb`.`bus_type`, `routes_tb`.`origin`, `routes_tb`.`destination`
FROM `bus_trav_sched_tb`
JOIN `buses_tb` ON `buses_tb`.`buses_tb_id` = `bus_trav_sched_tb`.`buses_tb_id`
JOIN `routes_tb` ON `routes_tb`.`routes_tb_id` = `bus_routes_tb`.`bus_routes_tb_id`
JOIN `bus_routes_tb` ON `bus_routes_tb`.`bus_routes_tb_id` = `bus_trav_sched_tb`.`bus_routes_tb_id`
ORDER BY `bus_trav_sched_tb`.`date` ASC, `bus_routes_tb`.`dep_time` ASC')
 3 FCPATH\vendor\codeigniter4\framework\system\Database\BaseConnection.php(652): CodeIgniter\Database\BaseConnection->simpleQuery('SELECT `bus_trav_sched_tb`.*, `bus_routes_tb`.`dep_type`, `buses_tb`.`bus_name`, `buses_tb`.`bus_no`, `buses_tb`.`bus_type`, `routes_tb`.`origin`, `routes_tb`.`destination`
FROM `bus_trav_sched_tb`
JOIN `buses_tb` ON `buses_tb`.`buses_tb_id` = `bus_trav_sched_tb`.`buses_tb_id`
JOIN `routes_tb` ON `routes_tb`.`routes_tb_id` = `bus_routes_tb`.`bus_routes_tb_id`
JOIN `bus_routes_tb` ON `bus_routes_tb`.`bus_routes_tb_id` = `bus_trav_sched_tb`.`bus_routes_tb_id`
ORDER BY `bus_trav_sched_tb`.`date` ASC, `bus_routes_tb`.`dep_time` ASC')
 4 FCPATH\vendor\codeigniter4\framework\system\Database\BaseBuilder.php(1649): CodeIgniter\Database\BaseConnection->query('SELECT `bus_trav_sched_tb`.*, `bus_routes_tb`.`dep_type`, `buses_tb`.`bus_name`, `buses_tb`.`bus_no`, `buses_tb`.`bus_type`, `routes_tb`.`origin`, `routes_tb`.`destination`
FROM `bus_trav_sched_tb`
JOIN `buses_tb` ON `buses_tb`.`buses_tb_id` = `bus_trav_sched_tb`.`buses_tb_id`
JOIN `routes_tb` ON `routes_tb`.`routes_tb_id` = `bus_routes_tb`.`bus_routes_tb_id`
JOIN `bus_routes_tb` ON `bus_routes_tb`.`bus_routes_tb_id` = `bus_trav_sched_tb`.`bus_routes_tb_id`
ORDER BY `bus_trav_sched_tb`.`date` ASC, `bus_routes_tb`.`dep_time` ASC', [], false)
 5 FCPATH\vendor\codeigniter4\framework\system\Model.php(286): CodeIgniter\Database\BaseBuilder->get()
 6 FCPATH\vendor\codeigniter4\framework\system\BaseModel.php(675): CodeIgniter\Model->doFindAll(0, 0)
 7 SYSTEMPATH\Helpers\schedules_helper.php(20): CodeIgniter\BaseModel->findAll()
 8 APPPATH\Views\admin\schedules.php(55): getAllSchedules()
 9 FCPATH\vendor\codeigniter4\framework\system\View\View.php(224): include('C:\\xampp\\htdocs\\Bus-Reservation-System\\app\\Views\\admin\\schedules.php')
10 FCPATH\vendor\codeigniter4\framework\system\View\View.php(227): CodeIgniter\View\View->CodeIgniter\View\{closure}()
11 SYSTEMPATH\Common.php(1173): CodeIgniter\View\View->render('admin/schedules', [], true)
12 APPPATH\Controllers\Admin.php(125): view('admin/schedules')
13 FCPATH\vendor\codeigniter4\framework\system\CodeIgniter.php(933): App\Controllers\Admin->viewSchedules()
14 FCPATH\vendor\codeigniter4\framework\system\CodeIgniter.php(507): CodeIgniter\CodeIgniter->runController(Object(App\Controllers\Admin))
15 FCPATH\vendor\codeigniter4\framework\system\CodeIgniter.php(354): CodeIgniter\CodeIgniter->handleRequest(null, Object(Config\Cache), false)
16 SYSTEMPATH\Boot.php(334): CodeIgniter\CodeIgniter->run()
17 SYSTEMPATH\Boot.php(67): CodeIgniter\Boot::runCodeIgniter(Object(CodeIgniter\CodeIgniter))
18 FCPATH\index.php(56): CodeIgniter\Boot::bootWeb(Object(Config\Paths))
ERROR - 2025-08-11 12:53:36 --> mysqli_sql_exception: Unknown column 'bus_routes_tb.dep_type' in 'field list' in C:\xampp\htdocs\Bus-Reservation-System\vendor\codeigniter4\framework\system\Database\MySQLi\Connection.php:327
Stack trace:
#0 C:\xampp\htdocs\Bus-Reservation-System\vendor\codeigniter4\framework\system\Database\MySQLi\Connection.php(327): mysqli->query('SELECT `bus_tra...', 0)
#1 C:\xampp\htdocs\Bus-Reservation-System\vendor\codeigniter4\framework\system\Database\BaseConnection.php(738): CodeIgniter\Database\MySQLi\Connection->execute('SELECT `bus_tra...')
#2 C:\xampp\htdocs\Bus-Reservation-System\vendor\codeigniter4\framework\system\Database\BaseConnection.php(652): CodeIgniter\Database\BaseConnection->simpleQuery('SELECT `bus_tra...')
#3 C:\xampp\htdocs\Bus-Reservation-System\vendor\codeigniter4\framework\system\Database\BaseBuilder.php(1649): CodeIgniter\Database\BaseConnection->query('SELECT `bus_tra...', Array, false)
#4 C:\xampp\htdocs\Bus-Reservation-System\vendor\codeigniter4\framework\system\Model.php(286): CodeIgniter\Database\BaseBuilder->get()
#5 C:\xampp\htdocs\Bus-Reservation-System\vendor\codeigniter4\framework\system\BaseModel.php(675): CodeIgniter\Model->doFindAll(0, 0)
#6 C:\xampp\htdocs\Bus-Reservation-System\system\Helpers\schedules_helper.php(20): CodeIgniter\BaseModel->findAll()
#7 C:\xampp\htdocs\Bus-Reservation-System\app\Views\admin\schedules.php(55): getAllSchedules()
#8 C:\xampp\htdocs\Bus-Reservation-System\vendor\codeigniter4\framework\system\View\View.php(224): include('C:\\xampp\\htdocs...')
#9 C:\xampp\htdocs\Bus-Reservation-System\vendor\codeigniter4\framework\system\View\View.php(227): CodeIgniter\View\View->CodeIgniter\View\{closure}()
#10 C:\xampp\htdocs\Bus-Reservation-System\system\Common.php(1173): CodeIgniter\View\View->render('admin/schedules', Array, true)
#11 C:\xampp\htdocs\Bus-Reservation-System\app\Controllers\Admin.php(125): view('admin/schedules')
#12 C:\xampp\htdocs\Bus-Reservation-System\vendor\codeigniter4\framework\system\CodeIgniter.php(933): App\Controllers\Admin->viewSchedules()
#13 C:\xampp\htdocs\Bus-Reservation-System\vendor\codeigniter4\framework\system\CodeIgniter.php(507): CodeIgniter\CodeIgniter->runController(Object(App\Controllers\Admin))
#14 C:\xampp\htdocs\Bus-Reservation-System\vendor\codeigniter4\framework\system\CodeIgniter.php(354): CodeIgniter\CodeIgniter->handleRequest(NULL, Object(Config\Cache), false)
#15 C:\xampp\htdocs\Bus-Reservation-System\system\Boot.php(334): CodeIgniter\CodeIgniter->run()
#16 C:\xampp\htdocs\Bus-Reservation-System\system\Boot.php(67): CodeIgniter\Boot::runCodeIgniter(Object(CodeIgniter\CodeIgniter))
#17 C:\xampp\htdocs\Bus-Reservation-System\index.php(56): CodeIgniter\Boot::bootWeb(Object(Config\Paths))
#18 {main}
CRITICAL - 2025-08-11 12:53:36 --> CodeIgniter\Database\Exceptions\DatabaseException: Unknown column 'bus_routes_tb.dep_type' in 'field list'
[Method: GET, Route: admin/schedules]
in FCPATH\vendor\codeigniter4\framework\system\Database\BaseConnection.php on line 692.
 1 FCPATH\vendor\codeigniter4\framework\system\Database\BaseBuilder.php(1649): CodeIgniter\Database\BaseConnection->query('SELECT `bus_trav_sched_tb`.*, `bus_routes_tb`.`dep_type`, `buses_tb`.`bus_name`, `buses_tb`.`bus_no`, `buses_tb`.`bus_type`, `routes_tb`.`origin`, `routes_tb`.`destination`
FROM `bus_trav_sched_tb`
JOIN `buses_tb` ON `buses_tb`.`buses_tb_id` = `bus_trav_sched_tb`.`buses_tb_id`
JOIN `routes_tb` ON `routes_tb`.`routes_tb_id` = `bus_routes_tb`.`bus_routes_tb_id`
JOIN `bus_routes_tb` ON `bus_routes_tb`.`bus_routes_tb_id` = `bus_trav_sched_tb`.`bus_routes_tb_id`
ORDER BY `bus_trav_sched_tb`.`date` ASC, `bus_routes_tb`.`dep_time` ASC', [], false)
 2 FCPATH\vendor\codeigniter4\framework\system\Model.php(286): CodeIgniter\Database\BaseBuilder->get()
 3 FCPATH\vendor\codeigniter4\framework\system\BaseModel.php(675): CodeIgniter\Model->doFindAll(0, 0)
 4 SYSTEMPATH\Helpers\schedules_helper.php(20): CodeIgniter\BaseModel->findAll()
 5 APPPATH\Views\admin\schedules.php(55): getAllSchedules()
 6 FCPATH\vendor\codeigniter4\framework\system\View\View.php(224): include('C:\\xampp\\htdocs\\Bus-Reservation-System\\app\\Views\\admin\\schedules.php')
 7 FCPATH\vendor\codeigniter4\framework\system\View\View.php(227): CodeIgniter\View\View->CodeIgniter\View\{closure}()
 8 SYSTEMPATH\Common.php(1173): CodeIgniter\View\View->render('admin/schedules', [], true)
 9 APPPATH\Controllers\Admin.php(125): view('admin/schedules')
10 FCPATH\vendor\codeigniter4\framework\system\CodeIgniter.php(933): App\Controllers\Admin->viewSchedules()
11 FCPATH\vendor\codeigniter4\framework\system\CodeIgniter.php(507): CodeIgniter\CodeIgniter->runController(Object(App\Controllers\Admin))
12 FCPATH\vendor\codeigniter4\framework\system\CodeIgniter.php(354): CodeIgniter\CodeIgniter->handleRequest(null, Object(Config\Cache), false)
13 SYSTEMPATH\Boot.php(334): CodeIgniter\CodeIgniter->run()
14 SYSTEMPATH\Boot.php(67): CodeIgniter\Boot::runCodeIgniter(Object(CodeIgniter\CodeIgniter))
15 FCPATH\index.php(56): CodeIgniter\Boot::bootWeb(Object(Config\Paths))
CRITICAL - 2025-08-11 12:53:36 --> [Caused by] CodeIgniter\Database\Exceptions\DatabaseException: Unknown column 'bus_routes_tb.dep_type' in 'field list'
in FCPATH\vendor\codeigniter4\framework\system\Database\MySQLi\Connection.php on line 332.
 1 FCPATH\vendor\codeigniter4\framework\system\Database\BaseConnection.php(738): CodeIgniter\Database\MySQLi\Connection->execute('SELECT `bus_trav_sched_tb`.*, `bus_routes_tb`.`dep_type`, `buses_tb`.`bus_name`, `buses_tb`.`bus_no`, `buses_tb`.`bus_type`, `routes_tb`.`origin`, `routes_tb`.`destination`
FROM `bus_trav_sched_tb`
JOIN `buses_tb` ON `buses_tb`.`buses_tb_id` = `bus_trav_sched_tb`.`buses_tb_id`
JOIN `routes_tb` ON `routes_tb`.`routes_tb_id` = `bus_routes_tb`.`bus_routes_tb_id`
JOIN `bus_routes_tb` ON `bus_routes_tb`.`bus_routes_tb_id` = `bus_trav_sched_tb`.`bus_routes_tb_id`
ORDER BY `bus_trav_sched_tb`.`date` ASC, `bus_routes_tb`.`dep_time` ASC')
 2 FCPATH\vendor\codeigniter4\framework\system\Database\BaseConnection.php(652): CodeIgniter\Database\BaseConnection->simpleQuery('SELECT `bus_trav_sched_tb`.*, `bus_routes_tb`.`dep_type`, `buses_tb`.`bus_name`, `buses_tb`.`bus_no`, `buses_tb`.`bus_type`, `routes_tb`.`origin`, `routes_tb`.`destination`
FROM `bus_trav_sched_tb`
JOIN `buses_tb` ON `buses_tb`.`buses_tb_id` = `bus_trav_sched_tb`.`buses_tb_id`
JOIN `routes_tb` ON `routes_tb`.`routes_tb_id` = `bus_routes_tb`.`bus_routes_tb_id`
JOIN `bus_routes_tb` ON `bus_routes_tb`.`bus_routes_tb_id` = `bus_trav_sched_tb`.`bus_routes_tb_id`
ORDER BY `bus_trav_sched_tb`.`date` ASC, `bus_routes_tb`.`dep_time` ASC')
 3 FCPATH\vendor\codeigniter4\framework\system\Database\BaseBuilder.php(1649): CodeIgniter\Database\BaseConnection->query('SELECT `bus_trav_sched_tb`.*, `bus_routes_tb`.`dep_type`, `buses_tb`.`bus_name`, `buses_tb`.`bus_no`, `buses_tb`.`bus_type`, `routes_tb`.`origin`, `routes_tb`.`destination`
FROM `bus_trav_sched_tb`
JOIN `buses_tb` ON `buses_tb`.`buses_tb_id` = `bus_trav_sched_tb`.`buses_tb_id`
JOIN `routes_tb` ON `routes_tb`.`routes_tb_id` = `bus_routes_tb`.`bus_routes_tb_id`
JOIN `bus_routes_tb` ON `bus_routes_tb`.`bus_routes_tb_id` = `bus_trav_sched_tb`.`bus_routes_tb_id`
ORDER BY `bus_trav_sched_tb`.`date` ASC, `bus_routes_tb`.`dep_time` ASC', [], false)
 4 FCPATH\vendor\codeigniter4\framework\system\Model.php(286): CodeIgniter\Database\BaseBuilder->get()
 5 FCPATH\vendor\codeigniter4\framework\system\BaseModel.php(675): CodeIgniter\Model->doFindAll(0, 0)
 6 SYSTEMPATH\Helpers\schedules_helper.php(20): CodeIgniter\BaseModel->findAll()
 7 APPPATH\Views\admin\schedules.php(55): getAllSchedules()
 8 FCPATH\vendor\codeigniter4\framework\system\View\View.php(224): include('C:\\xampp\\htdocs\\Bus-Reservation-System\\app\\Views\\admin\\schedules.php')
 9 FCPATH\vendor\codeigniter4\framework\system\View\View.php(227): CodeIgniter\View\View->CodeIgniter\View\{closure}()
10 SYSTEMPATH\Common.php(1173): CodeIgniter\View\View->render('admin/schedules', [], true)
11 APPPATH\Controllers\Admin.php(125): view('admin/schedules')
12 FCPATH\vendor\codeigniter4\framework\system\CodeIgniter.php(933): App\Controllers\Admin->viewSchedules()
13 FCPATH\vendor\codeigniter4\framework\system\CodeIgniter.php(507): CodeIgniter\CodeIgniter->runController(Object(App\Controllers\Admin))
14 FCPATH\vendor\codeigniter4\framework\system\CodeIgniter.php(354): CodeIgniter\CodeIgniter->handleRequest(null, Object(Config\Cache), false)
15 SYSTEMPATH\Boot.php(334): CodeIgniter\CodeIgniter->run()
16 SYSTEMPATH\Boot.php(67): CodeIgniter\Boot::runCodeIgniter(Object(CodeIgniter\CodeIgniter))
17 FCPATH\index.php(56): CodeIgniter\Boot::bootWeb(Object(Config\Paths))
CRITICAL - 2025-08-11 12:53:36 --> [Caused by] mysqli_sql_exception: Unknown column 'bus_routes_tb.dep_type' in 'field list'
in FCPATH\vendor\codeigniter4\framework\system\Database\MySQLi\Connection.php on line 327.
 1 FCPATH\vendor\codeigniter4\framework\system\Database\MySQLi\Connection.php(327): mysqli->query('SELECT `bus_trav_sched_tb`.*, `bus_routes_tb`.`dep_type`, `buses_tb`.`bus_name`, `buses_tb`.`bus_no`, `buses_tb`.`bus_type`, `routes_tb`.`origin`, `routes_tb`.`destination`
FROM `bus_trav_sched_tb`
JOIN `buses_tb` ON `buses_tb`.`buses_tb_id` = `bus_trav_sched_tb`.`buses_tb_id`
JOIN `routes_tb` ON `routes_tb`.`routes_tb_id` = `bus_routes_tb`.`bus_routes_tb_id`
JOIN `bus_routes_tb` ON `bus_routes_tb`.`bus_routes_tb_id` = `bus_trav_sched_tb`.`bus_routes_tb_id`
ORDER BY `bus_trav_sched_tb`.`date` ASC, `bus_routes_tb`.`dep_time` ASC', 0)
 2 FCPATH\vendor\codeigniter4\framework\system\Database\BaseConnection.php(738): CodeIgniter\Database\MySQLi\Connection->execute('SELECT `bus_trav_sched_tb`.*, `bus_routes_tb`.`dep_type`, `buses_tb`.`bus_name`, `buses_tb`.`bus_no`, `buses_tb`.`bus_type`, `routes_tb`.`origin`, `routes_tb`.`destination`
FROM `bus_trav_sched_tb`
JOIN `buses_tb` ON `buses_tb`.`buses_tb_id` = `bus_trav_sched_tb`.`buses_tb_id`
JOIN `routes_tb` ON `routes_tb`.`routes_tb_id` = `bus_routes_tb`.`bus_routes_tb_id`
JOIN `bus_routes_tb` ON `bus_routes_tb`.`bus_routes_tb_id` = `bus_trav_sched_tb`.`bus_routes_tb_id`
ORDER BY `bus_trav_sched_tb`.`date` ASC, `bus_routes_tb`.`dep_time` ASC')
 3 FCPATH\vendor\codeigniter4\framework\system\Database\BaseConnection.php(652): CodeIgniter\Database\BaseConnection->simpleQuery('SELECT `bus_trav_sched_tb`.*, `bus_routes_tb`.`dep_type`, `buses_tb`.`bus_name`, `buses_tb`.`bus_no`, `buses_tb`.`bus_type`, `routes_tb`.`origin`, `routes_tb`.`destination`
FROM `bus_trav_sched_tb`
JOIN `buses_tb` ON `buses_tb`.`buses_tb_id` = `bus_trav_sched_tb`.`buses_tb_id`
JOIN `routes_tb` ON `routes_tb`.`routes_tb_id` = `bus_routes_tb`.`bus_routes_tb_id`
JOIN `bus_routes_tb` ON `bus_routes_tb`.`bus_routes_tb_id` = `bus_trav_sched_tb`.`bus_routes_tb_id`
ORDER BY `bus_trav_sched_tb`.`date` ASC, `bus_routes_tb`.`dep_time` ASC')
 4 FCPATH\vendor\codeigniter4\framework\system\Database\BaseBuilder.php(1649): CodeIgniter\Database\BaseConnection->query('SELECT `bus_trav_sched_tb`.*, `bus_routes_tb`.`dep_type`, `buses_tb`.`bus_name`, `buses_tb`.`bus_no`, `buses_tb`.`bus_type`, `routes_tb`.`origin`, `routes_tb`.`destination`
FROM `bus_trav_sched_tb`
JOIN `buses_tb` ON `buses_tb`.`buses_tb_id` = `bus_trav_sched_tb`.`buses_tb_id`
JOIN `routes_tb` ON `routes_tb`.`routes_tb_id` = `bus_routes_tb`.`bus_routes_tb_id`
JOIN `bus_routes_tb` ON `bus_routes_tb`.`bus_routes_tb_id` = `bus_trav_sched_tb`.`bus_routes_tb_id`
ORDER BY `bus_trav_sched_tb`.`date` ASC, `bus_routes_tb`.`dep_time` ASC', [], false)
 5 FCPATH\vendor\codeigniter4\framework\system\Model.php(286): CodeIgniter\Database\BaseBuilder->get()
 6 FCPATH\vendor\codeigniter4\framework\system\BaseModel.php(675): CodeIgniter\Model->doFindAll(0, 0)
 7 SYSTEMPATH\Helpers\schedules_helper.php(20): CodeIgniter\BaseModel->findAll()
 8 APPPATH\Views\admin\schedules.php(55): getAllSchedules()
 9 FCPATH\vendor\codeigniter4\framework\system\View\View.php(224): include('C:\\xampp\\htdocs\\Bus-Reservation-System\\app\\Views\\admin\\schedules.php')
10 FCPATH\vendor\codeigniter4\framework\system\View\View.php(227): CodeIgniter\View\View->CodeIgniter\View\{closure}()
11 SYSTEMPATH\Common.php(1173): CodeIgniter\View\View->render('admin/schedules', [], true)
12 APPPATH\Controllers\Admin.php(125): view('admin/schedules')
13 FCPATH\vendor\codeigniter4\framework\system\CodeIgniter.php(933): App\Controllers\Admin->viewSchedules()
14 FCPATH\vendor\codeigniter4\framework\system\CodeIgniter.php(507): CodeIgniter\CodeIgniter->runController(Object(App\Controllers\Admin))
15 FCPATH\vendor\codeigniter4\framework\system\CodeIgniter.php(354): CodeIgniter\CodeIgniter->handleRequest(null, Object(Config\Cache), false)
16 SYSTEMPATH\Boot.php(334): CodeIgniter\CodeIgniter->run()
17 SYSTEMPATH\Boot.php(67): CodeIgniter\Boot::runCodeIgniter(Object(CodeIgniter\CodeIgniter))
18 FCPATH\index.php(56): CodeIgniter\Boot::bootWeb(Object(Config\Paths))
ERROR - 2025-08-11 12:56:30 --> mysqli_sql_exception: Not unique table/alias: 'bus_trav_sched_tb' in C:\xampp\htdocs\Bus-Reservation-System\vendor\codeigniter4\framework\system\Database\MySQLi\Connection.php:327
Stack trace:
#0 C:\xampp\htdocs\Bus-Reservation-System\vendor\codeigniter4\framework\system\Database\MySQLi\Connection.php(327): mysqli->query('SELECT `bus_tra...', 0)
#1 C:\xampp\htdocs\Bus-Reservation-System\vendor\codeigniter4\framework\system\Database\BaseConnection.php(738): CodeIgniter\Database\MySQLi\Connection->execute('SELECT `bus_tra...')
#2 C:\xampp\htdocs\Bus-Reservation-System\vendor\codeigniter4\framework\system\Database\BaseConnection.php(652): CodeIgniter\Database\BaseConnection->simpleQuery('SELECT `bus_tra...')
#3 C:\xampp\htdocs\Bus-Reservation-System\vendor\codeigniter4\framework\system\Database\BaseBuilder.php(1649): CodeIgniter\Database\BaseConnection->query('SELECT `bus_tra...', Array, false)
#4 C:\xampp\htdocs\Bus-Reservation-System\vendor\codeigniter4\framework\system\Model.php(286): CodeIgniter\Database\BaseBuilder->get()
#5 C:\xampp\htdocs\Bus-Reservation-System\vendor\codeigniter4\framework\system\BaseModel.php(675): CodeIgniter\Model->doFindAll(0, 0)
#6 C:\xampp\htdocs\Bus-Reservation-System\system\Helpers\schedules_helper.php(20): CodeIgniter\BaseModel->findAll()
#7 C:\xampp\htdocs\Bus-Reservation-System\app\Views\admin\schedules.php(55): getAllSchedules()
#8 C:\xampp\htdocs\Bus-Reservation-System\vendor\codeigniter4\framework\system\View\View.php(224): include('C:\\xampp\\htdocs...')
#9 C:\xampp\htdocs\Bus-Reservation-System\vendor\codeigniter4\framework\system\View\View.php(227): CodeIgniter\View\View->CodeIgniter\View\{closure}()
#10 C:\xampp\htdocs\Bus-Reservation-System\system\Common.php(1173): CodeIgniter\View\View->render('admin/schedules', Array, true)
#11 C:\xampp\htdocs\Bus-Reservation-System\app\Controllers\Admin.php(125): view('admin/schedules')
#12 C:\xampp\htdocs\Bus-Reservation-System\vendor\codeigniter4\framework\system\CodeIgniter.php(933): App\Controllers\Admin->viewSchedules()
#13 C:\xampp\htdocs\Bus-Reservation-System\vendor\codeigniter4\framework\system\CodeIgniter.php(507): CodeIgniter\CodeIgniter->runController(Object(App\Controllers\Admin))
#14 C:\xampp\htdocs\Bus-Reservation-System\vendor\codeigniter4\framework\system\CodeIgniter.php(354): CodeIgniter\CodeIgniter->handleRequest(NULL, Object(Config\Cache), false)
#15 C:\xampp\htdocs\Bus-Reservation-System\system\Boot.php(334): CodeIgniter\CodeIgniter->run()
#16 C:\xampp\htdocs\Bus-Reservation-System\system\Boot.php(67): CodeIgniter\Boot::runCodeIgniter(Object(CodeIgniter\CodeIgniter))
#17 C:\xampp\htdocs\Bus-Reservation-System\index.php(56): CodeIgniter\Boot::bootWeb(Object(Config\Paths))
#18 {main}
CRITICAL - 2025-08-11 12:56:30 --> CodeIgniter\Database\Exceptions\DatabaseException: Not unique table/alias: 'bus_trav_sched_tb'
[Method: GET, Route: admin/schedules]
in FCPATH\vendor\codeigniter4\framework\system\Database\BaseConnection.php on line 692.
 1 FCPATH\vendor\codeigniter4\framework\system\Database\BaseBuilder.php(1649): CodeIgniter\Database\BaseConnection->query('SELECT `bus_trav_sched_tb`.*, `bus_routes_tb`.`dep_type`, `buses_tb`.`bus_name`, `buses_tb`.`bus_no`, `buses_tb`.`bus_type`, `routes_tb`.`origin`, `routes_tb`.`destination`
FROM `bus_trav_sched_tb`
JOIN `buses_tb` ON `buses_tb`.`buses_tb_id` = `bus_trav_sched_tb`.`buses_tb_id`
JOIN `routes_tb` ON `routes_tb`.`routes_tb_id` = `bus_routes_tb`.`bus_routes_tb_id`
JOIN `bus_trav_sched_tb` ON `bus_routes_tb`.`bus_trav_sched_tb_id` = `bus_trav_sched_tb`.`bus_trav_sched_tb_id`
ORDER BY `bus_trav_sched_tb`.`date` ASC, `bus_routes_tb`.`dep_time` ASC', [], false)
 2 FCPATH\vendor\codeigniter4\framework\system\Model.php(286): CodeIgniter\Database\BaseBuilder->get()
 3 FCPATH\vendor\codeigniter4\framework\system\BaseModel.php(675): CodeIgniter\Model->doFindAll(0, 0)
 4 SYSTEMPATH\Helpers\schedules_helper.php(20): CodeIgniter\BaseModel->findAll()
 5 APPPATH\Views\admin\schedules.php(55): getAllSchedules()
 6 FCPATH\vendor\codeigniter4\framework\system\View\View.php(224): include('C:\\xampp\\htdocs\\Bus-Reservation-System\\app\\Views\\admin\\schedules.php')
 7 FCPATH\vendor\codeigniter4\framework\system\View\View.php(227): CodeIgniter\View\View->CodeIgniter\View\{closure}()
 8 SYSTEMPATH\Common.php(1173): CodeIgniter\View\View->render('admin/schedules', [], true)
 9 APPPATH\Controllers\Admin.php(125): view('admin/schedules')
10 FCPATH\vendor\codeigniter4\framework\system\CodeIgniter.php(933): App\Controllers\Admin->viewSchedules()
11 FCPATH\vendor\codeigniter4\framework\system\CodeIgniter.php(507): CodeIgniter\CodeIgniter->runController(Object(App\Controllers\Admin))
12 FCPATH\vendor\codeigniter4\framework\system\CodeIgniter.php(354): CodeIgniter\CodeIgniter->handleRequest(null, Object(Config\Cache), false)
13 SYSTEMPATH\Boot.php(334): CodeIgniter\CodeIgniter->run()
14 SYSTEMPATH\Boot.php(67): CodeIgniter\Boot::runCodeIgniter(Object(CodeIgniter\CodeIgniter))
15 FCPATH\index.php(56): CodeIgniter\Boot::bootWeb(Object(Config\Paths))
CRITICAL - 2025-08-11 12:56:30 --> [Caused by] CodeIgniter\Database\Exceptions\DatabaseException: Not unique table/alias: 'bus_trav_sched_tb'
in FCPATH\vendor\codeigniter4\framework\system\Database\MySQLi\Connection.php on line 332.
 1 FCPATH\vendor\codeigniter4\framework\system\Database\BaseConnection.php(738): CodeIgniter\Database\MySQLi\Connection->execute('SELECT `bus_trav_sched_tb`.*, `bus_routes_tb`.`dep_type`, `buses_tb`.`bus_name`, `buses_tb`.`bus_no`, `buses_tb`.`bus_type`, `routes_tb`.`origin`, `routes_tb`.`destination`
FROM `bus_trav_sched_tb`
JOIN `buses_tb` ON `buses_tb`.`buses_tb_id` = `bus_trav_sched_tb`.`buses_tb_id`
JOIN `routes_tb` ON `routes_tb`.`routes_tb_id` = `bus_routes_tb`.`bus_routes_tb_id`
JOIN `bus_trav_sched_tb` ON `bus_routes_tb`.`bus_trav_sched_tb_id` = `bus_trav_sched_tb`.`bus_trav_sched_tb_id`
ORDER BY `bus_trav_sched_tb`.`date` ASC, `bus_routes_tb`.`dep_time` ASC')
 2 FCPATH\vendor\codeigniter4\framework\system\Database\BaseConnection.php(652): CodeIgniter\Database\BaseConnection->simpleQuery('SELECT `bus_trav_sched_tb`.*, `bus_routes_tb`.`dep_type`, `buses_tb`.`bus_name`, `buses_tb`.`bus_no`, `buses_tb`.`bus_type`, `routes_tb`.`origin`, `routes_tb`.`destination`
FROM `bus_trav_sched_tb`
JOIN `buses_tb` ON `buses_tb`.`buses_tb_id` = `bus_trav_sched_tb`.`buses_tb_id`
JOIN `routes_tb` ON `routes_tb`.`routes_tb_id` = `bus_routes_tb`.`bus_routes_tb_id`
JOIN `bus_trav_sched_tb` ON `bus_routes_tb`.`bus_trav_sched_tb_id` = `bus_trav_sched_tb`.`bus_trav_sched_tb_id`
ORDER BY `bus_trav_sched_tb`.`date` ASC, `bus_routes_tb`.`dep_time` ASC')
 3 FCPATH\vendor\codeigniter4\framework\system\Database\BaseBuilder.php(1649): CodeIgniter\Database\BaseConnection->query('SELECT `bus_trav_sched_tb`.*, `bus_routes_tb`.`dep_type`, `buses_tb`.`bus_name`, `buses_tb`.`bus_no`, `buses_tb`.`bus_type`, `routes_tb`.`origin`, `routes_tb`.`destination`
FROM `bus_trav_sched_tb`
JOIN `buses_tb` ON `buses_tb`.`buses_tb_id` = `bus_trav_sched_tb`.`buses_tb_id`
JOIN `routes_tb` ON `routes_tb`.`routes_tb_id` = `bus_routes_tb`.`bus_routes_tb_id`
JOIN `bus_trav_sched_tb` ON `bus_routes_tb`.`bus_trav_sched_tb_id` = `bus_trav_sched_tb`.`bus_trav_sched_tb_id`
ORDER BY `bus_trav_sched_tb`.`date` ASC, `bus_routes_tb`.`dep_time` ASC', [], false)
 4 FCPATH\vendor\codeigniter4\framework\system\Model.php(286): CodeIgniter\Database\BaseBuilder->get()
 5 FCPATH\vendor\codeigniter4\framework\system\BaseModel.php(675): CodeIgniter\Model->doFindAll(0, 0)
 6 SYSTEMPATH\Helpers\schedules_helper.php(20): CodeIgniter\BaseModel->findAll()
 7 APPPATH\Views\admin\schedules.php(55): getAllSchedules()
 8 FCPATH\vendor\codeigniter4\framework\system\View\View.php(224): include('C:\\xampp\\htdocs\\Bus-Reservation-System\\app\\Views\\admin\\schedules.php')
 9 FCPATH\vendor\codeigniter4\framework\system\View\View.php(227): CodeIgniter\View\View->CodeIgniter\View\{closure}()
10 SYSTEMPATH\Common.php(1173): CodeIgniter\View\View->render('admin/schedules', [], true)
11 APPPATH\Controllers\Admin.php(125): view('admin/schedules')
12 FCPATH\vendor\codeigniter4\framework\system\CodeIgniter.php(933): App\Controllers\Admin->viewSchedules()
13 FCPATH\vendor\codeigniter4\framework\system\CodeIgniter.php(507): CodeIgniter\CodeIgniter->runController(Object(App\Controllers\Admin))
14 FCPATH\vendor\codeigniter4\framework\system\CodeIgniter.php(354): CodeIgniter\CodeIgniter->handleRequest(null, Object(Config\Cache), false)
15 SYSTEMPATH\Boot.php(334): CodeIgniter\CodeIgniter->run()
16 SYSTEMPATH\Boot.php(67): CodeIgniter\Boot::runCodeIgniter(Object(CodeIgniter\CodeIgniter))
17 FCPATH\index.php(56): CodeIgniter\Boot::bootWeb(Object(Config\Paths))
CRITICAL - 2025-08-11 12:56:30 --> [Caused by] mysqli_sql_exception: Not unique table/alias: 'bus_trav_sched_tb'
in FCPATH\vendor\codeigniter4\framework\system\Database\MySQLi\Connection.php on line 327.
 1 FCPATH\vendor\codeigniter4\framework\system\Database\MySQLi\Connection.php(327): mysqli->query('SELECT `bus_trav_sched_tb`.*, `bus_routes_tb`.`dep_type`, `buses_tb`.`bus_name`, `buses_tb`.`bus_no`, `buses_tb`.`bus_type`, `routes_tb`.`origin`, `routes_tb`.`destination`
FROM `bus_trav_sched_tb`
JOIN `buses_tb` ON `buses_tb`.`buses_tb_id` = `bus_trav_sched_tb`.`buses_tb_id`
JOIN `routes_tb` ON `routes_tb`.`routes_tb_id` = `bus_routes_tb`.`bus_routes_tb_id`
JOIN `bus_trav_sched_tb` ON `bus_routes_tb`.`bus_trav_sched_tb_id` = `bus_trav_sched_tb`.`bus_trav_sched_tb_id`
ORDER BY `bus_trav_sched_tb`.`date` ASC, `bus_routes_tb`.`dep_time` ASC', 0)
 2 FCPATH\vendor\codeigniter4\framework\system\Database\BaseConnection.php(738): CodeIgniter\Database\MySQLi\Connection->execute('SELECT `bus_trav_sched_tb`.*, `bus_routes_tb`.`dep_type`, `buses_tb`.`bus_name`, `buses_tb`.`bus_no`, `buses_tb`.`bus_type`, `routes_tb`.`origin`, `routes_tb`.`destination`
FROM `bus_trav_sched_tb`
JOIN `buses_tb` ON `buses_tb`.`buses_tb_id` = `bus_trav_sched_tb`.`buses_tb_id`
JOIN `routes_tb` ON `routes_tb`.`routes_tb_id` = `bus_routes_tb`.`bus_routes_tb_id`
JOIN `bus_trav_sched_tb` ON `bus_routes_tb`.`bus_trav_sched_tb_id` = `bus_trav_sched_tb`.`bus_trav_sched_tb_id`
ORDER BY `bus_trav_sched_tb`.`date` ASC, `bus_routes_tb`.`dep_time` ASC')
 3 FCPATH\vendor\codeigniter4\framework\system\Database\BaseConnection.php(652): CodeIgniter\Database\BaseConnection->simpleQuery('SELECT `bus_trav_sched_tb`.*, `bus_routes_tb`.`dep_type`, `buses_tb`.`bus_name`, `buses_tb`.`bus_no`, `buses_tb`.`bus_type`, `routes_tb`.`origin`, `routes_tb`.`destination`
FROM `bus_trav_sched_tb`
JOIN `buses_tb` ON `buses_tb`.`buses_tb_id` = `bus_trav_sched_tb`.`buses_tb_id`
JOIN `routes_tb` ON `routes_tb`.`routes_tb_id` = `bus_routes_tb`.`bus_routes_tb_id`
JOIN `bus_trav_sched_tb` ON `bus_routes_tb`.`bus_trav_sched_tb_id` = `bus_trav_sched_tb`.`bus_trav_sched_tb_id`
ORDER BY `bus_trav_sched_tb`.`date` ASC, `bus_routes_tb`.`dep_time` ASC')
 4 FCPATH\vendor\codeigniter4\framework\system\Database\BaseBuilder.php(1649): CodeIgniter\Database\BaseConnection->query('SELECT `bus_trav_sched_tb`.*, `bus_routes_tb`.`dep_type`, `buses_tb`.`bus_name`, `buses_tb`.`bus_no`, `buses_tb`.`bus_type`, `routes_tb`.`origin`, `routes_tb`.`destination`
FROM `bus_trav_sched_tb`
JOIN `buses_tb` ON `buses_tb`.`buses_tb_id` = `bus_trav_sched_tb`.`buses_tb_id`
JOIN `routes_tb` ON `routes_tb`.`routes_tb_id` = `bus_routes_tb`.`bus_routes_tb_id`
JOIN `bus_trav_sched_tb` ON `bus_routes_tb`.`bus_trav_sched_tb_id` = `bus_trav_sched_tb`.`bus_trav_sched_tb_id`
ORDER BY `bus_trav_sched_tb`.`date` ASC, `bus_routes_tb`.`dep_time` ASC', [], false)
 5 FCPATH\vendor\codeigniter4\framework\system\Model.php(286): CodeIgniter\Database\BaseBuilder->get()
 6 FCPATH\vendor\codeigniter4\framework\system\BaseModel.php(675): CodeIgniter\Model->doFindAll(0, 0)
 7 SYSTEMPATH\Helpers\schedules_helper.php(20): CodeIgniter\BaseModel->findAll()
 8 APPPATH\Views\admin\schedules.php(55): getAllSchedules()
 9 FCPATH\vendor\codeigniter4\framework\system\View\View.php(224): include('C:\\xampp\\htdocs\\Bus-Reservation-System\\app\\Views\\admin\\schedules.php')
10 FCPATH\vendor\codeigniter4\framework\system\View\View.php(227): CodeIgniter\View\View->CodeIgniter\View\{closure}()
11 SYSTEMPATH\Common.php(1173): CodeIgniter\View\View->render('admin/schedules', [], true)
12 APPPATH\Controllers\Admin.php(125): view('admin/schedules')
13 FCPATH\vendor\codeigniter4\framework\system\CodeIgniter.php(933): App\Controllers\Admin->viewSchedules()
14 FCPATH\vendor\codeigniter4\framework\system\CodeIgniter.php(507): CodeIgniter\CodeIgniter->runController(Object(App\Controllers\Admin))
15 FCPATH\vendor\codeigniter4\framework\system\CodeIgniter.php(354): CodeIgniter\CodeIgniter->handleRequest(null, Object(Config\Cache), false)
16 SYSTEMPATH\Boot.php(334): CodeIgniter\CodeIgniter->run()
17 SYSTEMPATH\Boot.php(67): CodeIgniter\Boot::runCodeIgniter(Object(CodeIgniter\CodeIgniter))
18 FCPATH\index.php(56): CodeIgniter\Boot::bootWeb(Object(Config\Paths))
ERROR - 2025-08-11 12:57:46 --> mysqli_sql_exception: Not unique table/alias: 'bus_trav_sched_tb' in C:\xampp\htdocs\Bus-Reservation-System\vendor\codeigniter4\framework\system\Database\MySQLi\Connection.php:327
Stack trace:
#0 C:\xampp\htdocs\Bus-Reservation-System\vendor\codeigniter4\framework\system\Database\MySQLi\Connection.php(327): mysqli->query('SELECT `bus_tra...', 0)
#1 C:\xampp\htdocs\Bus-Reservation-System\vendor\codeigniter4\framework\system\Database\BaseConnection.php(738): CodeIgniter\Database\MySQLi\Connection->execute('SELECT `bus_tra...')
#2 C:\xampp\htdocs\Bus-Reservation-System\vendor\codeigniter4\framework\system\Database\BaseConnection.php(652): CodeIgniter\Database\BaseConnection->simpleQuery('SELECT `bus_tra...')
#3 C:\xampp\htdocs\Bus-Reservation-System\vendor\codeigniter4\framework\system\Database\BaseBuilder.php(1649): CodeIgniter\Database\BaseConnection->query('SELECT `bus_tra...', Array, false)
#4 C:\xampp\htdocs\Bus-Reservation-System\vendor\codeigniter4\framework\system\Model.php(286): CodeIgniter\Database\BaseBuilder->get()
#5 C:\xampp\htdocs\Bus-Reservation-System\vendor\codeigniter4\framework\system\BaseModel.php(675): CodeIgniter\Model->doFindAll(0, 0)
#6 C:\xampp\htdocs\Bus-Reservation-System\system\Helpers\schedules_helper.php(20): CodeIgniter\BaseModel->findAll()
#7 C:\xampp\htdocs\Bus-Reservation-System\app\Views\admin\schedules.php(55): getAllSchedules()
#8 C:\xampp\htdocs\Bus-Reservation-System\vendor\codeigniter4\framework\system\View\View.php(224): include('C:\\xampp\\htdocs...')
#9 C:\xampp\htdocs\Bus-Reservation-System\vendor\codeigniter4\framework\system\View\View.php(227): CodeIgniter\View\View->CodeIgniter\View\{closure}()
#10 C:\xampp\htdocs\Bus-Reservation-System\system\Common.php(1173): CodeIgniter\View\View->render('admin/schedules', Array, true)
#11 C:\xampp\htdocs\Bus-Reservation-System\app\Controllers\Admin.php(125): view('admin/schedules')
#12 C:\xampp\htdocs\Bus-Reservation-System\vendor\codeigniter4\framework\system\CodeIgniter.php(933): App\Controllers\Admin->viewSchedules()
#13 C:\xampp\htdocs\Bus-Reservation-System\vendor\codeigniter4\framework\system\CodeIgniter.php(507): CodeIgniter\CodeIgniter->runController(Object(App\Controllers\Admin))
#14 C:\xampp\htdocs\Bus-Reservation-System\vendor\codeigniter4\framework\system\CodeIgniter.php(354): CodeIgniter\CodeIgniter->handleRequest(NULL, Object(Config\Cache), false)
#15 C:\xampp\htdocs\Bus-Reservation-System\system\Boot.php(334): CodeIgniter\CodeIgniter->run()
#16 C:\xampp\htdocs\Bus-Reservation-System\system\Boot.php(67): CodeIgniter\Boot::runCodeIgniter(Object(CodeIgniter\CodeIgniter))
#17 C:\xampp\htdocs\Bus-Reservation-System\index.php(56): CodeIgniter\Boot::bootWeb(Object(Config\Paths))
#18 {main}
CRITICAL - 2025-08-11 12:57:46 --> CodeIgniter\Database\Exceptions\DatabaseException: Not unique table/alias: 'bus_trav_sched_tb'
[Method: GET, Route: admin/schedules]
in FCPATH\vendor\codeigniter4\framework\system\Database\BaseConnection.php on line 692.
 1 FCPATH\vendor\codeigniter4\framework\system\Database\BaseBuilder.php(1649): CodeIgniter\Database\BaseConnection->query('SELECT `bus_trav_sched_tb`.*, `bus_routes_tb`.`dep_type`, `buses_tb`.`bus_name`, `buses_tb`.`bus_no`, `buses_tb`.`bus_type`, `routes_tb`.`origin`, `routes_tb`.`destination`
FROM `bus_trav_sched_tb`
JOIN `buses_tb` ON `buses_tb`.`buses_tb_id` = `bus_trav_sched_tb`.`buses_tb_id`
JOIN `routes_tb` ON `routes_tb`.`routes_tb_id` = `bus_routes_tb`.`routes_tb_id`
JOIN `bus_trav_sched_tb` ON `bus_routes_tb`.`bus_trav_sched_tb_id` = `bus_trav_sched_tb`.`bus_trav_sched_tb_id`
ORDER BY `bus_trav_sched_tb`.`date` ASC, `bus_routes_tb`.`dep_time` ASC', [], false)
 2 FCPATH\vendor\codeigniter4\framework\system\Model.php(286): CodeIgniter\Database\BaseBuilder->get()
 3 FCPATH\vendor\codeigniter4\framework\system\BaseModel.php(675): CodeIgniter\Model->doFindAll(0, 0)
 4 SYSTEMPATH\Helpers\schedules_helper.php(20): CodeIgniter\BaseModel->findAll()
 5 APPPATH\Views\admin\schedules.php(55): getAllSchedules()
 6 FCPATH\vendor\codeigniter4\framework\system\View\View.php(224): include('C:\\xampp\\htdocs\\Bus-Reservation-System\\app\\Views\\admin\\schedules.php')
 7 FCPATH\vendor\codeigniter4\framework\system\View\View.php(227): CodeIgniter\View\View->CodeIgniter\View\{closure}()
 8 SYSTEMPATH\Common.php(1173): CodeIgniter\View\View->render('admin/schedules', [], true)
 9 APPPATH\Controllers\Admin.php(125): view('admin/schedules')
10 FCPATH\vendor\codeigniter4\framework\system\CodeIgniter.php(933): App\Controllers\Admin->viewSchedules()
11 FCPATH\vendor\codeigniter4\framework\system\CodeIgniter.php(507): CodeIgniter\CodeIgniter->runController(Object(App\Controllers\Admin))
12 FCPATH\vendor\codeigniter4\framework\system\CodeIgniter.php(354): CodeIgniter\CodeIgniter->handleRequest(null, Object(Config\Cache), false)
13 SYSTEMPATH\Boot.php(334): CodeIgniter\CodeIgniter->run()
14 SYSTEMPATH\Boot.php(67): CodeIgniter\Boot::runCodeIgniter(Object(CodeIgniter\CodeIgniter))
15 FCPATH\index.php(56): CodeIgniter\Boot::bootWeb(Object(Config\Paths))
CRITICAL - 2025-08-11 12:57:46 --> [Caused by] CodeIgniter\Database\Exceptions\DatabaseException: Not unique table/alias: 'bus_trav_sched_tb'
in FCPATH\vendor\codeigniter4\framework\system\Database\MySQLi\Connection.php on line 332.
 1 FCPATH\vendor\codeigniter4\framework\system\Database\BaseConnection.php(738): CodeIgniter\Database\MySQLi\Connection->execute('SELECT `bus_trav_sched_tb`.*, `bus_routes_tb`.`dep_type`, `buses_tb`.`bus_name`, `buses_tb`.`bus_no`, `buses_tb`.`bus_type`, `routes_tb`.`origin`, `routes_tb`.`destination`
FROM `bus_trav_sched_tb`
JOIN `buses_tb` ON `buses_tb`.`buses_tb_id` = `bus_trav_sched_tb`.`buses_tb_id`
JOIN `routes_tb` ON `routes_tb`.`routes_tb_id` = `bus_routes_tb`.`routes_tb_id`
JOIN `bus_trav_sched_tb` ON `bus_routes_tb`.`bus_trav_sched_tb_id` = `bus_trav_sched_tb`.`bus_trav_sched_tb_id`
ORDER BY `bus_trav_sched_tb`.`date` ASC, `bus_routes_tb`.`dep_time` ASC')
 2 FCPATH\vendor\codeigniter4\framework\system\Database\BaseConnection.php(652): CodeIgniter\Database\BaseConnection->simpleQuery('SELECT `bus_trav_sched_tb`.*, `bus_routes_tb`.`dep_type`, `buses_tb`.`bus_name`, `buses_tb`.`bus_no`, `buses_tb`.`bus_type`, `routes_tb`.`origin`, `routes_tb`.`destination`
FROM `bus_trav_sched_tb`
JOIN `buses_tb` ON `buses_tb`.`buses_tb_id` = `bus_trav_sched_tb`.`buses_tb_id`
JOIN `routes_tb` ON `routes_tb`.`routes_tb_id` = `bus_routes_tb`.`routes_tb_id`
JOIN `bus_trav_sched_tb` ON `bus_routes_tb`.`bus_trav_sched_tb_id` = `bus_trav_sched_tb`.`bus_trav_sched_tb_id`
ORDER BY `bus_trav_sched_tb`.`date` ASC, `bus_routes_tb`.`dep_time` ASC')
 3 FCPATH\vendor\codeigniter4\framework\system\Database\BaseBuilder.php(1649): CodeIgniter\Database\BaseConnection->query('SELECT `bus_trav_sched_tb`.*, `bus_routes_tb`.`dep_type`, `buses_tb`.`bus_name`, `buses_tb`.`bus_no`, `buses_tb`.`bus_type`, `routes_tb`.`origin`, `routes_tb`.`destination`
FROM `bus_trav_sched_tb`
JOIN `buses_tb` ON `buses_tb`.`buses_tb_id` = `bus_trav_sched_tb`.`buses_tb_id`
JOIN `routes_tb` ON `routes_tb`.`routes_tb_id` = `bus_routes_tb`.`routes_tb_id`
JOIN `bus_trav_sched_tb` ON `bus_routes_tb`.`bus_trav_sched_tb_id` = `bus_trav_sched_tb`.`bus_trav_sched_tb_id`
ORDER BY `bus_trav_sched_tb`.`date` ASC, `bus_routes_tb`.`dep_time` ASC', [], false)
 4 FCPATH\vendor\codeigniter4\framework\system\Model.php(286): CodeIgniter\Database\BaseBuilder->get()
 5 FCPATH\vendor\codeigniter4\framework\system\BaseModel.php(675): CodeIgniter\Model->doFindAll(0, 0)
 6 SYSTEMPATH\Helpers\schedules_helper.php(20): CodeIgniter\BaseModel->findAll()
 7 APPPATH\Views\admin\schedules.php(55): getAllSchedules()
 8 FCPATH\vendor\codeigniter4\framework\system\View\View.php(224): include('C:\\xampp\\htdocs\\Bus-Reservation-System\\app\\Views\\admin\\schedules.php')
 9 FCPATH\vendor\codeigniter4\framework\system\View\View.php(227): CodeIgniter\View\View->CodeIgniter\View\{closure}()
10 SYSTEMPATH\Common.php(1173): CodeIgniter\View\View->render('admin/schedules', [], true)
11 APPPATH\Controllers\Admin.php(125): view('admin/schedules')
12 FCPATH\vendor\codeigniter4\framework\system\CodeIgniter.php(933): App\Controllers\Admin->viewSchedules()
13 FCPATH\vendor\codeigniter4\framework\system\CodeIgniter.php(507): CodeIgniter\CodeIgniter->runController(Object(App\Controllers\Admin))
14 FCPATH\vendor\codeigniter4\framework\system\CodeIgniter.php(354): CodeIgniter\CodeIgniter->handleRequest(null, Object(Config\Cache), false)
15 SYSTEMPATH\Boot.php(334): CodeIgniter\CodeIgniter->run()
16 SYSTEMPATH\Boot.php(67): CodeIgniter\Boot::runCodeIgniter(Object(CodeIgniter\CodeIgniter))
17 FCPATH\index.php(56): CodeIgniter\Boot::bootWeb(Object(Config\Paths))
CRITICAL - 2025-08-11 12:57:46 --> [Caused by] mysqli_sql_exception: Not unique table/alias: 'bus_trav_sched_tb'
in FCPATH\vendor\codeigniter4\framework\system\Database\MySQLi\Connection.php on line 327.
 1 FCPATH\vendor\codeigniter4\framework\system\Database\MySQLi\Connection.php(327): mysqli->query('SELECT `bus_trav_sched_tb`.*, `bus_routes_tb`.`dep_type`, `buses_tb`.`bus_name`, `buses_tb`.`bus_no`, `buses_tb`.`bus_type`, `routes_tb`.`origin`, `routes_tb`.`destination`
FROM `bus_trav_sched_tb`
JOIN `buses_tb` ON `buses_tb`.`buses_tb_id` = `bus_trav_sched_tb`.`buses_tb_id`
JOIN `routes_tb` ON `routes_tb`.`routes_tb_id` = `bus_routes_tb`.`routes_tb_id`
JOIN `bus_trav_sched_tb` ON `bus_routes_tb`.`bus_trav_sched_tb_id` = `bus_trav_sched_tb`.`bus_trav_sched_tb_id`
ORDER BY `bus_trav_sched_tb`.`date` ASC, `bus_routes_tb`.`dep_time` ASC', 0)
 2 FCPATH\vendor\codeigniter4\framework\system\Database\BaseConnection.php(738): CodeIgniter\Database\MySQLi\Connection->execute('SELECT `bus_trav_sched_tb`.*, `bus_routes_tb`.`dep_type`, `buses_tb`.`bus_name`, `buses_tb`.`bus_no`, `buses_tb`.`bus_type`, `routes_tb`.`origin`, `routes_tb`.`destination`
FROM `bus_trav_sched_tb`
JOIN `buses_tb` ON `buses_tb`.`buses_tb_id` = `bus_trav_sched_tb`.`buses_tb_id`
JOIN `routes_tb` ON `routes_tb`.`routes_tb_id` = `bus_routes_tb`.`routes_tb_id`
JOIN `bus_trav_sched_tb` ON `bus_routes_tb`.`bus_trav_sched_tb_id` = `bus_trav_sched_tb`.`bus_trav_sched_tb_id`
ORDER BY `bus_trav_sched_tb`.`date` ASC, `bus_routes_tb`.`dep_time` ASC')
 3 FCPATH\vendor\codeigniter4\framework\system\Database\BaseConnection.php(652): CodeIgniter\Database\BaseConnection->simpleQuery('SELECT `bus_trav_sched_tb`.*, `bus_routes_tb`.`dep_type`, `buses_tb`.`bus_name`, `buses_tb`.`bus_no`, `buses_tb`.`bus_type`, `routes_tb`.`origin`, `routes_tb`.`destination`
FROM `bus_trav_sched_tb`
JOIN `buses_tb` ON `buses_tb`.`buses_tb_id` = `bus_trav_sched_tb`.`buses_tb_id`
JOIN `routes_tb` ON `routes_tb`.`routes_tb_id` = `bus_routes_tb`.`routes_tb_id`
JOIN `bus_trav_sched_tb` ON `bus_routes_tb`.`bus_trav_sched_tb_id` = `bus_trav_sched_tb`.`bus_trav_sched_tb_id`
ORDER BY `bus_trav_sched_tb`.`date` ASC, `bus_routes_tb`.`dep_time` ASC')
 4 FCPATH\vendor\codeigniter4\framework\system\Database\BaseBuilder.php(1649): CodeIgniter\Database\BaseConnection->query('SELECT `bus_trav_sched_tb`.*, `bus_routes_tb`.`dep_type`, `buses_tb`.`bus_name`, `buses_tb`.`bus_no`, `buses_tb`.`bus_type`, `routes_tb`.`origin`, `routes_tb`.`destination`
FROM `bus_trav_sched_tb`
JOIN `buses_tb` ON `buses_tb`.`buses_tb_id` = `bus_trav_sched_tb`.`buses_tb_id`
JOIN `routes_tb` ON `routes_tb`.`routes_tb_id` = `bus_routes_tb`.`routes_tb_id`
JOIN `bus_trav_sched_tb` ON `bus_routes_tb`.`bus_trav_sched_tb_id` = `bus_trav_sched_tb`.`bus_trav_sched_tb_id`
ORDER BY `bus_trav_sched_tb`.`date` ASC, `bus_routes_tb`.`dep_time` ASC', [], false)
 5 FCPATH\vendor\codeigniter4\framework\system\Model.php(286): CodeIgniter\Database\BaseBuilder->get()
 6 FCPATH\vendor\codeigniter4\framework\system\BaseModel.php(675): CodeIgniter\Model->doFindAll(0, 0)
 7 SYSTEMPATH\Helpers\schedules_helper.php(20): CodeIgniter\BaseModel->findAll()
 8 APPPATH\Views\admin\schedules.php(55): getAllSchedules()
 9 FCPATH\vendor\codeigniter4\framework\system\View\View.php(224): include('C:\\xampp\\htdocs\\Bus-Reservation-System\\app\\Views\\admin\\schedules.php')
10 FCPATH\vendor\codeigniter4\framework\system\View\View.php(227): CodeIgniter\View\View->CodeIgniter\View\{closure}()
11 SYSTEMPATH\Common.php(1173): CodeIgniter\View\View->render('admin/schedules', [], true)
12 APPPATH\Controllers\Admin.php(125): view('admin/schedules')
13 FCPATH\vendor\codeigniter4\framework\system\CodeIgniter.php(933): App\Controllers\Admin->viewSchedules()
14 FCPATH\vendor\codeigniter4\framework\system\CodeIgniter.php(507): CodeIgniter\CodeIgniter->runController(Object(App\Controllers\Admin))
15 FCPATH\vendor\codeigniter4\framework\system\CodeIgniter.php(354): CodeIgniter\CodeIgniter->handleRequest(null, Object(Config\Cache), false)
16 SYSTEMPATH\Boot.php(334): CodeIgniter\CodeIgniter->run()
17 SYSTEMPATH\Boot.php(67): CodeIgniter\Boot::runCodeIgniter(Object(CodeIgniter\CodeIgniter))
18 FCPATH\index.php(56): CodeIgniter\Boot::bootWeb(Object(Config\Paths))
ERROR - 2025-08-11 12:59:04 --> mysqli_sql_exception: Not unique table/alias: 'bus_trav_sched_tb' in C:\xampp\htdocs\Bus-Reservation-System\vendor\codeigniter4\framework\system\Database\MySQLi\Connection.php:327
Stack trace:
#0 C:\xampp\htdocs\Bus-Reservation-System\vendor\codeigniter4\framework\system\Database\MySQLi\Connection.php(327): mysqli->query('SELECT `bus_tra...', 0)
#1 C:\xampp\htdocs\Bus-Reservation-System\vendor\codeigniter4\framework\system\Database\BaseConnection.php(738): CodeIgniter\Database\MySQLi\Connection->execute('SELECT `bus_tra...')
#2 C:\xampp\htdocs\Bus-Reservation-System\vendor\codeigniter4\framework\system\Database\BaseConnection.php(652): CodeIgniter\Database\BaseConnection->simpleQuery('SELECT `bus_tra...')
#3 C:\xampp\htdocs\Bus-Reservation-System\vendor\codeigniter4\framework\system\Database\BaseBuilder.php(1649): CodeIgniter\Database\BaseConnection->query('SELECT `bus_tra...', Array, false)
#4 C:\xampp\htdocs\Bus-Reservation-System\vendor\codeigniter4\framework\system\Model.php(286): CodeIgniter\Database\BaseBuilder->get()
#5 C:\xampp\htdocs\Bus-Reservation-System\vendor\codeigniter4\framework\system\BaseModel.php(675): CodeIgniter\Model->doFindAll(0, 0)
#6 C:\xampp\htdocs\Bus-Reservation-System\system\Helpers\schedules_helper.php(20): CodeIgniter\BaseModel->findAll()
#7 C:\xampp\htdocs\Bus-Reservation-System\app\Views\admin\schedules.php(55): getAllSchedules()
#8 C:\xampp\htdocs\Bus-Reservation-System\vendor\codeigniter4\framework\system\View\View.php(224): include('C:\\xampp\\htdocs...')
#9 C:\xampp\htdocs\Bus-Reservation-System\vendor\codeigniter4\framework\system\View\View.php(227): CodeIgniter\View\View->CodeIgniter\View\{closure}()
#10 C:\xampp\htdocs\Bus-Reservation-System\system\Common.php(1173): CodeIgniter\View\View->render('admin/schedules', Array, true)
#11 C:\xampp\htdocs\Bus-Reservation-System\app\Controllers\Admin.php(125): view('admin/schedules')
#12 C:\xampp\htdocs\Bus-Reservation-System\vendor\codeigniter4\framework\system\CodeIgniter.php(933): App\Controllers\Admin->viewSchedules()
#13 C:\xampp\htdocs\Bus-Reservation-System\vendor\codeigniter4\framework\system\CodeIgniter.php(507): CodeIgniter\CodeIgniter->runController(Object(App\Controllers\Admin))
#14 C:\xampp\htdocs\Bus-Reservation-System\vendor\codeigniter4\framework\system\CodeIgniter.php(354): CodeIgniter\CodeIgniter->handleRequest(NULL, Object(Config\Cache), false)
#15 C:\xampp\htdocs\Bus-Reservation-System\system\Boot.php(334): CodeIgniter\CodeIgniter->run()
#16 C:\xampp\htdocs\Bus-Reservation-System\system\Boot.php(67): CodeIgniter\Boot::runCodeIgniter(Object(CodeIgniter\CodeIgniter))
#17 C:\xampp\htdocs\Bus-Reservation-System\index.php(56): CodeIgniter\Boot::bootWeb(Object(Config\Paths))
#18 {main}
CRITICAL - 2025-08-11 12:59:04 --> CodeIgniter\Database\Exceptions\DatabaseException: Not unique table/alias: 'bus_trav_sched_tb'
[Method: GET, Route: admin/schedules]
in FCPATH\vendor\codeigniter4\framework\system\Database\BaseConnection.php on line 692.
 1 FCPATH\vendor\codeigniter4\framework\system\Database\BaseBuilder.php(1649): CodeIgniter\Database\BaseConnection->query('SELECT `bus_trav_sched_tb`.*, `bus_routes_tb`.`dep_type`, `buses_tb`.`bus_name`, `buses_tb`.`bus_no`, `buses_tb`.`bus_type`, `routes_tb`.`origin`, `routes_tb`.`destination`
FROM `bus_trav_sched_tb`
JOIN `buses_tb` ON `buses_tb`.`buses_tb_id` = `bus_trav_sched_tb`.`buses_tb_id`
JOIN `routes_tb` ON `routes_tb`.`routes_tb_id` = `bus_routes_tb`.`routes_tb_id`
JOIN `bus_trav_sched_tb` ON `bus_trav_sched_tb`.`bus_trav_sched_tb_id` = `bus_routes_tb`.`bus_trav_sched_tb_id`
ORDER BY `bus_trav_sched_tb`.`date` ASC, `bus_routes_tb`.`dep_time` ASC', [], false)
 2 FCPATH\vendor\codeigniter4\framework\system\Model.php(286): CodeIgniter\Database\BaseBuilder->get()
 3 FCPATH\vendor\codeigniter4\framework\system\BaseModel.php(675): CodeIgniter\Model->doFindAll(0, 0)
 4 SYSTEMPATH\Helpers\schedules_helper.php(20): CodeIgniter\BaseModel->findAll()
 5 APPPATH\Views\admin\schedules.php(55): getAllSchedules()
 6 FCPATH\vendor\codeigniter4\framework\system\View\View.php(224): include('C:\\xampp\\htdocs\\Bus-Reservation-System\\app\\Views\\admin\\schedules.php')
 7 FCPATH\vendor\codeigniter4\framework\system\View\View.php(227): CodeIgniter\View\View->CodeIgniter\View\{closure}()
 8 SYSTEMPATH\Common.php(1173): CodeIgniter\View\View->render('admin/schedules', [], true)
 9 APPPATH\Controllers\Admin.php(125): view('admin/schedules')
10 FCPATH\vendor\codeigniter4\framework\system\CodeIgniter.php(933): App\Controllers\Admin->viewSchedules()
11 FCPATH\vendor\codeigniter4\framework\system\CodeIgniter.php(507): CodeIgniter\CodeIgniter->runController(Object(App\Controllers\Admin))
12 FCPATH\vendor\codeigniter4\framework\system\CodeIgniter.php(354): CodeIgniter\CodeIgniter->handleRequest(null, Object(Config\Cache), false)
13 SYSTEMPATH\Boot.php(334): CodeIgniter\CodeIgniter->run()
14 SYSTEMPATH\Boot.php(67): CodeIgniter\Boot::runCodeIgniter(Object(CodeIgniter\CodeIgniter))
15 FCPATH\index.php(56): CodeIgniter\Boot::bootWeb(Object(Config\Paths))
CRITICAL - 2025-08-11 12:59:04 --> [Caused by] CodeIgniter\Database\Exceptions\DatabaseException: Not unique table/alias: 'bus_trav_sched_tb'
in FCPATH\vendor\codeigniter4\framework\system\Database\MySQLi\Connection.php on line 332.
 1 FCPATH\vendor\codeigniter4\framework\system\Database\BaseConnection.php(738): CodeIgniter\Database\MySQLi\Connection->execute('SELECT `bus_trav_sched_tb`.*, `bus_routes_tb`.`dep_type`, `buses_tb`.`bus_name`, `buses_tb`.`bus_no`, `buses_tb`.`bus_type`, `routes_tb`.`origin`, `routes_tb`.`destination`
FROM `bus_trav_sched_tb`
JOIN `buses_tb` ON `buses_tb`.`buses_tb_id` = `bus_trav_sched_tb`.`buses_tb_id`
JOIN `routes_tb` ON `routes_tb`.`routes_tb_id` = `bus_routes_tb`.`routes_tb_id`
JOIN `bus_trav_sched_tb` ON `bus_trav_sched_tb`.`bus_trav_sched_tb_id` = `bus_routes_tb`.`bus_trav_sched_tb_id`
ORDER BY `bus_trav_sched_tb`.`date` ASC, `bus_routes_tb`.`dep_time` ASC')
 2 FCPATH\vendor\codeigniter4\framework\system\Database\BaseConnection.php(652): CodeIgniter\Database\BaseConnection->simpleQuery('SELECT `bus_trav_sched_tb`.*, `bus_routes_tb`.`dep_type`, `buses_tb`.`bus_name`, `buses_tb`.`bus_no`, `buses_tb`.`bus_type`, `routes_tb`.`origin`, `routes_tb`.`destination`
FROM `bus_trav_sched_tb`
JOIN `buses_tb` ON `buses_tb`.`buses_tb_id` = `bus_trav_sched_tb`.`buses_tb_id`
JOIN `routes_tb` ON `routes_tb`.`routes_tb_id` = `bus_routes_tb`.`routes_tb_id`
JOIN `bus_trav_sched_tb` ON `bus_trav_sched_tb`.`bus_trav_sched_tb_id` = `bus_routes_tb`.`bus_trav_sched_tb_id`
ORDER BY `bus_trav_sched_tb`.`date` ASC, `bus_routes_tb`.`dep_time` ASC')
 3 FCPATH\vendor\codeigniter4\framework\system\Database\BaseBuilder.php(1649): CodeIgniter\Database\BaseConnection->query('SELECT `bus_trav_sched_tb`.*, `bus_routes_tb`.`dep_type`, `buses_tb`.`bus_name`, `buses_tb`.`bus_no`, `buses_tb`.`bus_type`, `routes_tb`.`origin`, `routes_tb`.`destination`
FROM `bus_trav_sched_tb`
JOIN `buses_tb` ON `buses_tb`.`buses_tb_id` = `bus_trav_sched_tb`.`buses_tb_id`
JOIN `routes_tb` ON `routes_tb`.`routes_tb_id` = `bus_routes_tb`.`routes_tb_id`
JOIN `bus_trav_sched_tb` ON `bus_trav_sched_tb`.`bus_trav_sched_tb_id` = `bus_routes_tb`.`bus_trav_sched_tb_id`
ORDER BY `bus_trav_sched_tb`.`date` ASC, `bus_routes_tb`.`dep_time` ASC', [], false)
 4 FCPATH\vendor\codeigniter4\framework\system\Model.php(286): CodeIgniter\Database\BaseBuilder->get()
 5 FCPATH\vendor\codeigniter4\framework\system\BaseModel.php(675): CodeIgniter\Model->doFindAll(0, 0)
 6 SYSTEMPATH\Helpers\schedules_helper.php(20): CodeIgniter\BaseModel->findAll()
 7 APPPATH\Views\admin\schedules.php(55): getAllSchedules()
 8 FCPATH\vendor\codeigniter4\framework\system\View\View.php(224): include('C:\\xampp\\htdocs\\Bus-Reservation-System\\app\\Views\\admin\\schedules.php')
 9 FCPATH\vendor\codeigniter4\framework\system\View\View.php(227): CodeIgniter\View\View->CodeIgniter\View\{closure}()
10 SYSTEMPATH\Common.php(1173): CodeIgniter\View\View->render('admin/schedules', [], true)
11 APPPATH\Controllers\Admin.php(125): view('admin/schedules')
12 FCPATH\vendor\codeigniter4\framework\system\CodeIgniter.php(933): App\Controllers\Admin->viewSchedules()
13 FCPATH\vendor\codeigniter4\framework\system\CodeIgniter.php(507): CodeIgniter\CodeIgniter->runController(Object(App\Controllers\Admin))
14 FCPATH\vendor\codeigniter4\framework\system\CodeIgniter.php(354): CodeIgniter\CodeIgniter->handleRequest(null, Object(Config\Cache), false)
15 SYSTEMPATH\Boot.php(334): CodeIgniter\CodeIgniter->run()
16 SYSTEMPATH\Boot.php(67): CodeIgniter\Boot::runCodeIgniter(Object(CodeIgniter\CodeIgniter))
17 FCPATH\index.php(56): CodeIgniter\Boot::bootWeb(Object(Config\Paths))
CRITICAL - 2025-08-11 12:59:04 --> [Caused by] mysqli_sql_exception: Not unique table/alias: 'bus_trav_sched_tb'
in FCPATH\vendor\codeigniter4\framework\system\Database\MySQLi\Connection.php on line 327.
 1 FCPATH\vendor\codeigniter4\framework\system\Database\MySQLi\Connection.php(327): mysqli->query('SELECT `bus_trav_sched_tb`.*, `bus_routes_tb`.`dep_type`, `buses_tb`.`bus_name`, `buses_tb`.`bus_no`, `buses_tb`.`bus_type`, `routes_tb`.`origin`, `routes_tb`.`destination`
FROM `bus_trav_sched_tb`
JOIN `buses_tb` ON `buses_tb`.`buses_tb_id` = `bus_trav_sched_tb`.`buses_tb_id`
JOIN `routes_tb` ON `routes_tb`.`routes_tb_id` = `bus_routes_tb`.`routes_tb_id`
JOIN `bus_trav_sched_tb` ON `bus_trav_sched_tb`.`bus_trav_sched_tb_id` = `bus_routes_tb`.`bus_trav_sched_tb_id`
ORDER BY `bus_trav_sched_tb`.`date` ASC, `bus_routes_tb`.`dep_time` ASC', 0)
 2 FCPATH\vendor\codeigniter4\framework\system\Database\BaseConnection.php(738): CodeIgniter\Database\MySQLi\Connection->execute('SELECT `bus_trav_sched_tb`.*, `bus_routes_tb`.`dep_type`, `buses_tb`.`bus_name`, `buses_tb`.`bus_no`, `buses_tb`.`bus_type`, `routes_tb`.`origin`, `routes_tb`.`destination`
FROM `bus_trav_sched_tb`
JOIN `buses_tb` ON `buses_tb`.`buses_tb_id` = `bus_trav_sched_tb`.`buses_tb_id`
JOIN `routes_tb` ON `routes_tb`.`routes_tb_id` = `bus_routes_tb`.`routes_tb_id`
JOIN `bus_trav_sched_tb` ON `bus_trav_sched_tb`.`bus_trav_sched_tb_id` = `bus_routes_tb`.`bus_trav_sched_tb_id`
ORDER BY `bus_trav_sched_tb`.`date` ASC, `bus_routes_tb`.`dep_time` ASC')
 3 FCPATH\vendor\codeigniter4\framework\system\Database\BaseConnection.php(652): CodeIgniter\Database\BaseConnection->simpleQuery('SELECT `bus_trav_sched_tb`.*, `bus_routes_tb`.`dep_type`, `buses_tb`.`bus_name`, `buses_tb`.`bus_no`, `buses_tb`.`bus_type`, `routes_tb`.`origin`, `routes_tb`.`destination`
FROM `bus_trav_sched_tb`
JOIN `buses_tb` ON `buses_tb`.`buses_tb_id` = `bus_trav_sched_tb`.`buses_tb_id`
JOIN `routes_tb` ON `routes_tb`.`routes_tb_id` = `bus_routes_tb`.`routes_tb_id`
JOIN `bus_trav_sched_tb` ON `bus_trav_sched_tb`.`bus_trav_sched_tb_id` = `bus_routes_tb`.`bus_trav_sched_tb_id`
ORDER BY `bus_trav_sched_tb`.`date` ASC, `bus_routes_tb`.`dep_time` ASC')
 4 FCPATH\vendor\codeigniter4\framework\system\Database\BaseBuilder.php(1649): CodeIgniter\Database\BaseConnection->query('SELECT `bus_trav_sched_tb`.*, `bus_routes_tb`.`dep_type`, `buses_tb`.`bus_name`, `buses_tb`.`bus_no`, `buses_tb`.`bus_type`, `routes_tb`.`origin`, `routes_tb`.`destination`
FROM `bus_trav_sched_tb`
JOIN `buses_tb` ON `buses_tb`.`buses_tb_id` = `bus_trav_sched_tb`.`buses_tb_id`
JOIN `routes_tb` ON `routes_tb`.`routes_tb_id` = `bus_routes_tb`.`routes_tb_id`
JOIN `bus_trav_sched_tb` ON `bus_trav_sched_tb`.`bus_trav_sched_tb_id` = `bus_routes_tb`.`bus_trav_sched_tb_id`
ORDER BY `bus_trav_sched_tb`.`date` ASC, `bus_routes_tb`.`dep_time` ASC', [], false)
 5 FCPATH\vendor\codeigniter4\framework\system\Model.php(286): CodeIgniter\Database\BaseBuilder->get()
 6 FCPATH\vendor\codeigniter4\framework\system\BaseModel.php(675): CodeIgniter\Model->doFindAll(0, 0)
 7 SYSTEMPATH\Helpers\schedules_helper.php(20): CodeIgniter\BaseModel->findAll()
 8 APPPATH\Views\admin\schedules.php(55): getAllSchedules()
 9 FCPATH\vendor\codeigniter4\framework\system\View\View.php(224): include('C:\\xampp\\htdocs\\Bus-Reservation-System\\app\\Views\\admin\\schedules.php')
10 FCPATH\vendor\codeigniter4\framework\system\View\View.php(227): CodeIgniter\View\View->CodeIgniter\View\{closure}()
11 SYSTEMPATH\Common.php(1173): CodeIgniter\View\View->render('admin/schedules', [], true)
12 APPPATH\Controllers\Admin.php(125): view('admin/schedules')
13 FCPATH\vendor\codeigniter4\framework\system\CodeIgniter.php(933): App\Controllers\Admin->viewSchedules()
14 FCPATH\vendor\codeigniter4\framework\system\CodeIgniter.php(507): CodeIgniter\CodeIgniter->runController(Object(App\Controllers\Admin))
15 FCPATH\vendor\codeigniter4\framework\system\CodeIgniter.php(354): CodeIgniter\CodeIgniter->handleRequest(null, Object(Config\Cache), false)
16 SYSTEMPATH\Boot.php(334): CodeIgniter\CodeIgniter->run()
17 SYSTEMPATH\Boot.php(67): CodeIgniter\Boot::runCodeIgniter(Object(CodeIgniter\CodeIgniter))
18 FCPATH\index.php(56): CodeIgniter\Boot::bootWeb(Object(Config\Paths))
ERROR - 2025-08-11 13:02:47 --> mysqli_sql_exception: Not unique table/alias: 'bus_trav_sched_tb' in C:\xampp\htdocs\Bus-Reservation-System\vendor\codeigniter4\framework\system\Database\MySQLi\Connection.php:327
Stack trace:
#0 C:\xampp\htdocs\Bus-Reservation-System\vendor\codeigniter4\framework\system\Database\MySQLi\Connection.php(327): mysqli->query('SELECT `bus_tra...', 0)
#1 C:\xampp\htdocs\Bus-Reservation-System\vendor\codeigniter4\framework\system\Database\BaseConnection.php(738): CodeIgniter\Database\MySQLi\Connection->execute('SELECT `bus_tra...')
#2 C:\xampp\htdocs\Bus-Reservation-System\vendor\codeigniter4\framework\system\Database\BaseConnection.php(652): CodeIgniter\Database\BaseConnection->simpleQuery('SELECT `bus_tra...')
#3 C:\xampp\htdocs\Bus-Reservation-System\vendor\codeigniter4\framework\system\Database\BaseBuilder.php(1649): CodeIgniter\Database\BaseConnection->query('SELECT `bus_tra...', Array, false)
#4 C:\xampp\htdocs\Bus-Reservation-System\vendor\codeigniter4\framework\system\Model.php(286): CodeIgniter\Database\BaseBuilder->get()
#5 C:\xampp\htdocs\Bus-Reservation-System\vendor\codeigniter4\framework\system\BaseModel.php(675): CodeIgniter\Model->doFindAll(0, 0)
#6 C:\xampp\htdocs\Bus-Reservation-System\system\Helpers\schedules_helper.php(20): CodeIgniter\BaseModel->findAll()
#7 C:\xampp\htdocs\Bus-Reservation-System\app\Views\admin\schedules.php(55): getAllSchedules()
#8 C:\xampp\htdocs\Bus-Reservation-System\vendor\codeigniter4\framework\system\View\View.php(224): include('C:\\xampp\\htdocs...')
#9 C:\xampp\htdocs\Bus-Reservation-System\vendor\codeigniter4\framework\system\View\View.php(227): CodeIgniter\View\View->CodeIgniter\View\{closure}()
#10 C:\xampp\htdocs\Bus-Reservation-System\system\Common.php(1173): CodeIgniter\View\View->render('admin/schedules', Array, true)
#11 C:\xampp\htdocs\Bus-Reservation-System\app\Controllers\Admin.php(125): view('admin/schedules')
#12 C:\xampp\htdocs\Bus-Reservation-System\vendor\codeigniter4\framework\system\CodeIgniter.php(933): App\Controllers\Admin->viewSchedules()
#13 C:\xampp\htdocs\Bus-Reservation-System\vendor\codeigniter4\framework\system\CodeIgniter.php(507): CodeIgniter\CodeIgniter->runController(Object(App\Controllers\Admin))
#14 C:\xampp\htdocs\Bus-Reservation-System\vendor\codeigniter4\framework\system\CodeIgniter.php(354): CodeIgniter\CodeIgniter->handleRequest(NULL, Object(Config\Cache), false)
#15 C:\xampp\htdocs\Bus-Reservation-System\system\Boot.php(334): CodeIgniter\CodeIgniter->run()
#16 C:\xampp\htdocs\Bus-Reservation-System\system\Boot.php(67): CodeIgniter\Boot::runCodeIgniter(Object(CodeIgniter\CodeIgniter))
#17 C:\xampp\htdocs\Bus-Reservation-System\index.php(56): CodeIgniter\Boot::bootWeb(Object(Config\Paths))
#18 {main}
CRITICAL - 2025-08-11 13:02:47 --> CodeIgniter\Database\Exceptions\DatabaseException: Not unique table/alias: 'bus_trav_sched_tb'
[Method: GET, Route: admin/schedules]
in FCPATH\vendor\codeigniter4\framework\system\Database\BaseConnection.php on line 692.
 1 FCPATH\vendor\codeigniter4\framework\system\Database\BaseBuilder.php(1649): CodeIgniter\Database\BaseConnection->query('SELECT `bus_trav_sched_tb`.*, `bus_routes_tb`.`dep_time`, `buses_tb`.`bus_name`, `buses_tb`.`bus_no`, `buses_tb`.`bus_type`, `routes_tb`.`origin`, `routes_tb`.`destination`
FROM `bus_trav_sched_tb`
JOIN `buses_tb` ON `buses_tb`.`buses_tb_id` = `bus_trav_sched_tb`.`buses_tb_id`
JOIN `routes_tb` ON `routes_tb`.`routes_tb_id` = `bus_routes_tb`.`routes_tb_id`
JOIN `bus_trav_sched_tb` ON `bus_trav_sched_tb`.`bus_trav_sched_tb_id` = `bus_routes_tb`.`bus_trav_sched_tb_id`
ORDER BY `bus_trav_sched_tb`.`date` ASC, `bus_routes_tb`.`dep_time` ASC', [], false)
 2 FCPATH\vendor\codeigniter4\framework\system\Model.php(286): CodeIgniter\Database\BaseBuilder->get()
 3 FCPATH\vendor\codeigniter4\framework\system\BaseModel.php(675): CodeIgniter\Model->doFindAll(0, 0)
 4 SYSTEMPATH\Helpers\schedules_helper.php(20): CodeIgniter\BaseModel->findAll()
 5 APPPATH\Views\admin\schedules.php(55): getAllSchedules()
 6 FCPATH\vendor\codeigniter4\framework\system\View\View.php(224): include('C:\\xampp\\htdocs\\Bus-Reservation-System\\app\\Views\\admin\\schedules.php')
 7 FCPATH\vendor\codeigniter4\framework\system\View\View.php(227): CodeIgniter\View\View->CodeIgniter\View\{closure}()
 8 SYSTEMPATH\Common.php(1173): CodeIgniter\View\View->render('admin/schedules', [], true)
 9 APPPATH\Controllers\Admin.php(125): view('admin/schedules')
10 FCPATH\vendor\codeigniter4\framework\system\CodeIgniter.php(933): App\Controllers\Admin->viewSchedules()
11 FCPATH\vendor\codeigniter4\framework\system\CodeIgniter.php(507): CodeIgniter\CodeIgniter->runController(Object(App\Controllers\Admin))
12 FCPATH\vendor\codeigniter4\framework\system\CodeIgniter.php(354): CodeIgniter\CodeIgniter->handleRequest(null, Object(Config\Cache), false)
13 SYSTEMPATH\Boot.php(334): CodeIgniter\CodeIgniter->run()
14 SYSTEMPATH\Boot.php(67): CodeIgniter\Boot::runCodeIgniter(Object(CodeIgniter\CodeIgniter))
15 FCPATH\index.php(56): CodeIgniter\Boot::bootWeb(Object(Config\Paths))
CRITICAL - 2025-08-11 13:02:47 --> [Caused by] CodeIgniter\Database\Exceptions\DatabaseException: Not unique table/alias: 'bus_trav_sched_tb'
in FCPATH\vendor\codeigniter4\framework\system\Database\MySQLi\Connection.php on line 332.
 1 FCPATH\vendor\codeigniter4\framework\system\Database\BaseConnection.php(738): CodeIgniter\Database\MySQLi\Connection->execute('SELECT `bus_trav_sched_tb`.*, `bus_routes_tb`.`dep_time`, `buses_tb`.`bus_name`, `buses_tb`.`bus_no`, `buses_tb`.`bus_type`, `routes_tb`.`origin`, `routes_tb`.`destination`
FROM `bus_trav_sched_tb`
JOIN `buses_tb` ON `buses_tb`.`buses_tb_id` = `bus_trav_sched_tb`.`buses_tb_id`
JOIN `routes_tb` ON `routes_tb`.`routes_tb_id` = `bus_routes_tb`.`routes_tb_id`
JOIN `bus_trav_sched_tb` ON `bus_trav_sched_tb`.`bus_trav_sched_tb_id` = `bus_routes_tb`.`bus_trav_sched_tb_id`
ORDER BY `bus_trav_sched_tb`.`date` ASC, `bus_routes_tb`.`dep_time` ASC')
 2 FCPATH\vendor\codeigniter4\framework\system\Database\BaseConnection.php(652): CodeIgniter\Database\BaseConnection->simpleQuery('SELECT `bus_trav_sched_tb`.*, `bus_routes_tb`.`dep_time`, `buses_tb`.`bus_name`, `buses_tb`.`bus_no`, `buses_tb`.`bus_type`, `routes_tb`.`origin`, `routes_tb`.`destination`
FROM `bus_trav_sched_tb`
JOIN `buses_tb` ON `buses_tb`.`buses_tb_id` = `bus_trav_sched_tb`.`buses_tb_id`
JOIN `routes_tb` ON `routes_tb`.`routes_tb_id` = `bus_routes_tb`.`routes_tb_id`
JOIN `bus_trav_sched_tb` ON `bus_trav_sched_tb`.`bus_trav_sched_tb_id` = `bus_routes_tb`.`bus_trav_sched_tb_id`
ORDER BY `bus_trav_sched_tb`.`date` ASC, `bus_routes_tb`.`dep_time` ASC')
 3 FCPATH\vendor\codeigniter4\framework\system\Database\BaseBuilder.php(1649): CodeIgniter\Database\BaseConnection->query('SELECT `bus_trav_sched_tb`.*, `bus_routes_tb`.`dep_time`, `buses_tb`.`bus_name`, `buses_tb`.`bus_no`, `buses_tb`.`bus_type`, `routes_tb`.`origin`, `routes_tb`.`destination`
FROM `bus_trav_sched_tb`
JOIN `buses_tb` ON `buses_tb`.`buses_tb_id` = `bus_trav_sched_tb`.`buses_tb_id`
JOIN `routes_tb` ON `routes_tb`.`routes_tb_id` = `bus_routes_tb`.`routes_tb_id`
JOIN `bus_trav_sched_tb` ON `bus_trav_sched_tb`.`bus_trav_sched_tb_id` = `bus_routes_tb`.`bus_trav_sched_tb_id`
ORDER BY `bus_trav_sched_tb`.`date` ASC, `bus_routes_tb`.`dep_time` ASC', [], false)
 4 FCPATH\vendor\codeigniter4\framework\system\Model.php(286): CodeIgniter\Database\BaseBuilder->get()
 5 FCPATH\vendor\codeigniter4\framework\system\BaseModel.php(675): CodeIgniter\Model->doFindAll(0, 0)
 6 SYSTEMPATH\Helpers\schedules_helper.php(20): CodeIgniter\BaseModel->findAll()
 7 APPPATH\Views\admin\schedules.php(55): getAllSchedules()
 8 FCPATH\vendor\codeigniter4\framework\system\View\View.php(224): include('C:\\xampp\\htdocs\\Bus-Reservation-System\\app\\Views\\admin\\schedules.php')
 9 FCPATH\vendor\codeigniter4\framework\system\View\View.php(227): CodeIgniter\View\View->CodeIgniter\View\{closure}()
10 SYSTEMPATH\Common.php(1173): CodeIgniter\View\View->render('admin/schedules', [], true)
11 APPPATH\Controllers\Admin.php(125): view('admin/schedules')
12 FCPATH\vendor\codeigniter4\framework\system\CodeIgniter.php(933): App\Controllers\Admin->viewSchedules()
13 FCPATH\vendor\codeigniter4\framework\system\CodeIgniter.php(507): CodeIgniter\CodeIgniter->runController(Object(App\Controllers\Admin))
14 FCPATH\vendor\codeigniter4\framework\system\CodeIgniter.php(354): CodeIgniter\CodeIgniter->handleRequest(null, Object(Config\Cache), false)
15 SYSTEMPATH\Boot.php(334): CodeIgniter\CodeIgniter->run()
16 SYSTEMPATH\Boot.php(67): CodeIgniter\Boot::runCodeIgniter(Object(CodeIgniter\CodeIgniter))
17 FCPATH\index.php(56): CodeIgniter\Boot::bootWeb(Object(Config\Paths))
CRITICAL - 2025-08-11 13:02:47 --> [Caused by] mysqli_sql_exception: Not unique table/alias: 'bus_trav_sched_tb'
in FCPATH\vendor\codeigniter4\framework\system\Database\MySQLi\Connection.php on line 327.
 1 FCPATH\vendor\codeigniter4\framework\system\Database\MySQLi\Connection.php(327): mysqli->query('SELECT `bus_trav_sched_tb`.*, `bus_routes_tb`.`dep_time`, `buses_tb`.`bus_name`, `buses_tb`.`bus_no`, `buses_tb`.`bus_type`, `routes_tb`.`origin`, `routes_tb`.`destination`
FROM `bus_trav_sched_tb`
JOIN `buses_tb` ON `buses_tb`.`buses_tb_id` = `bus_trav_sched_tb`.`buses_tb_id`
JOIN `routes_tb` ON `routes_tb`.`routes_tb_id` = `bus_routes_tb`.`routes_tb_id`
JOIN `bus_trav_sched_tb` ON `bus_trav_sched_tb`.`bus_trav_sched_tb_id` = `bus_routes_tb`.`bus_trav_sched_tb_id`
ORDER BY `bus_trav_sched_tb`.`date` ASC, `bus_routes_tb`.`dep_time` ASC', 0)
 2 FCPATH\vendor\codeigniter4\framework\system\Database\BaseConnection.php(738): CodeIgniter\Database\MySQLi\Connection->execute('SELECT `bus_trav_sched_tb`.*, `bus_routes_tb`.`dep_time`, `buses_tb`.`bus_name`, `buses_tb`.`bus_no`, `buses_tb`.`bus_type`, `routes_tb`.`origin`, `routes_tb`.`destination`
FROM `bus_trav_sched_tb`
JOIN `buses_tb` ON `buses_tb`.`buses_tb_id` = `bus_trav_sched_tb`.`buses_tb_id`
JOIN `routes_tb` ON `routes_tb`.`routes_tb_id` = `bus_routes_tb`.`routes_tb_id`
JOIN `bus_trav_sched_tb` ON `bus_trav_sched_tb`.`bus_trav_sched_tb_id` = `bus_routes_tb`.`bus_trav_sched_tb_id`
ORDER BY `bus_trav_sched_tb`.`date` ASC, `bus_routes_tb`.`dep_time` ASC')
 3 FCPATH\vendor\codeigniter4\framework\system\Database\BaseConnection.php(652): CodeIgniter\Database\BaseConnection->simpleQuery('SELECT `bus_trav_sched_tb`.*, `bus_routes_tb`.`dep_time`, `buses_tb`.`bus_name`, `buses_tb`.`bus_no`, `buses_tb`.`bus_type`, `routes_tb`.`origin`, `routes_tb`.`destination`
FROM `bus_trav_sched_tb`
JOIN `buses_tb` ON `buses_tb`.`buses_tb_id` = `bus_trav_sched_tb`.`buses_tb_id`
JOIN `routes_tb` ON `routes_tb`.`routes_tb_id` = `bus_routes_tb`.`routes_tb_id`
JOIN `bus_trav_sched_tb` ON `bus_trav_sched_tb`.`bus_trav_sched_tb_id` = `bus_routes_tb`.`bus_trav_sched_tb_id`
ORDER BY `bus_trav_sched_tb`.`date` ASC, `bus_routes_tb`.`dep_time` ASC')
 4 FCPATH\vendor\codeigniter4\framework\system\Database\BaseBuilder.php(1649): CodeIgniter\Database\BaseConnection->query('SELECT `bus_trav_sched_tb`.*, `bus_routes_tb`.`dep_time`, `buses_tb`.`bus_name`, `buses_tb`.`bus_no`, `buses_tb`.`bus_type`, `routes_tb`.`origin`, `routes_tb`.`destination`
FROM `bus_trav_sched_tb`
JOIN `buses_tb` ON `buses_tb`.`buses_tb_id` = `bus_trav_sched_tb`.`buses_tb_id`
JOIN `routes_tb` ON `routes_tb`.`routes_tb_id` = `bus_routes_tb`.`routes_tb_id`
JOIN `bus_trav_sched_tb` ON `bus_trav_sched_tb`.`bus_trav_sched_tb_id` = `bus_routes_tb`.`bus_trav_sched_tb_id`
ORDER BY `bus_trav_sched_tb`.`date` ASC, `bus_routes_tb`.`dep_time` ASC', [], false)
 5 FCPATH\vendor\codeigniter4\framework\system\Model.php(286): CodeIgniter\Database\BaseBuilder->get()
 6 FCPATH\vendor\codeigniter4\framework\system\BaseModel.php(675): CodeIgniter\Model->doFindAll(0, 0)
 7 SYSTEMPATH\Helpers\schedules_helper.php(20): CodeIgniter\BaseModel->findAll()
 8 APPPATH\Views\admin\schedules.php(55): getAllSchedules()
 9 FCPATH\vendor\codeigniter4\framework\system\View\View.php(224): include('C:\\xampp\\htdocs\\Bus-Reservation-System\\app\\Views\\admin\\schedules.php')
10 FCPATH\vendor\codeigniter4\framework\system\View\View.php(227): CodeIgniter\View\View->CodeIgniter\View\{closure}()
11 SYSTEMPATH\Common.php(1173): CodeIgniter\View\View->render('admin/schedules', [], true)
12 APPPATH\Controllers\Admin.php(125): view('admin/schedules')
13 FCPATH\vendor\codeigniter4\framework\system\CodeIgniter.php(933): App\Controllers\Admin->viewSchedules()
14 FCPATH\vendor\codeigniter4\framework\system\CodeIgniter.php(507): CodeIgniter\CodeIgniter->runController(Object(App\Controllers\Admin))
15 FCPATH\vendor\codeigniter4\framework\system\CodeIgniter.php(354): CodeIgniter\CodeIgniter->handleRequest(null, Object(Config\Cache), false)
16 SYSTEMPATH\Boot.php(334): CodeIgniter\CodeIgniter->run()
17 SYSTEMPATH\Boot.php(67): CodeIgniter\Boot::runCodeIgniter(Object(CodeIgniter\CodeIgniter))
18 FCPATH\index.php(56): CodeIgniter\Boot::bootWeb(Object(Config\Paths))
ERROR - 2025-08-11 13:05:36 --> mysqli_sql_exception: Not unique table/alias: 'bus_trav_sched_tb' in C:\xampp\htdocs\Bus-Reservation-System\vendor\codeigniter4\framework\system\Database\MySQLi\Connection.php:327
Stack trace:
#0 C:\xampp\htdocs\Bus-Reservation-System\vendor\codeigniter4\framework\system\Database\MySQLi\Connection.php(327): mysqli->query('SELECT `bus_rou...', 0)
#1 C:\xampp\htdocs\Bus-Reservation-System\vendor\codeigniter4\framework\system\Database\BaseConnection.php(738): CodeIgniter\Database\MySQLi\Connection->execute('SELECT `bus_rou...')
#2 C:\xampp\htdocs\Bus-Reservation-System\vendor\codeigniter4\framework\system\Database\BaseConnection.php(652): CodeIgniter\Database\BaseConnection->simpleQuery('SELECT `bus_rou...')
#3 C:\xampp\htdocs\Bus-Reservation-System\vendor\codeigniter4\framework\system\Database\BaseBuilder.php(1649): CodeIgniter\Database\BaseConnection->query('SELECT `bus_rou...', Array, false)
#4 C:\xampp\htdocs\Bus-Reservation-System\vendor\codeigniter4\framework\system\Model.php(286): CodeIgniter\Database\BaseBuilder->get()
#5 C:\xampp\htdocs\Bus-Reservation-System\vendor\codeigniter4\framework\system\BaseModel.php(675): CodeIgniter\Model->doFindAll(0, 0)
#6 C:\xampp\htdocs\Bus-Reservation-System\system\Helpers\schedules_helper.php(38): CodeIgniter\BaseModel->findAll()
#7 C:\xampp\htdocs\Bus-Reservation-System\app\Views\admin\schedules.php(55): getAllSchedules()
#8 C:\xampp\htdocs\Bus-Reservation-System\vendor\codeigniter4\framework\system\View\View.php(224): include('C:\\xampp\\htdocs...')
#9 C:\xampp\htdocs\Bus-Reservation-System\vendor\codeigniter4\framework\system\View\View.php(227): CodeIgniter\View\View->CodeIgniter\View\{closure}()
#10 C:\xampp\htdocs\Bus-Reservation-System\system\Common.php(1173): CodeIgniter\View\View->render('admin/schedules', Array, true)
#11 C:\xampp\htdocs\Bus-Reservation-System\app\Controllers\Admin.php(125): view('admin/schedules')
#12 C:\xampp\htdocs\Bus-Reservation-System\vendor\codeigniter4\framework\system\CodeIgniter.php(933): App\Controllers\Admin->viewSchedules()
#13 C:\xampp\htdocs\Bus-Reservation-System\vendor\codeigniter4\framework\system\CodeIgniter.php(507): CodeIgniter\CodeIgniter->runController(Object(App\Controllers\Admin))
#14 C:\xampp\htdocs\Bus-Reservation-System\vendor\codeigniter4\framework\system\CodeIgniter.php(354): CodeIgniter\CodeIgniter->handleRequest(NULL, Object(Config\Cache), false)
#15 C:\xampp\htdocs\Bus-Reservation-System\system\Boot.php(334): CodeIgniter\CodeIgniter->run()
#16 C:\xampp\htdocs\Bus-Reservation-System\system\Boot.php(67): CodeIgniter\Boot::runCodeIgniter(Object(CodeIgniter\CodeIgniter))
#17 C:\xampp\htdocs\Bus-Reservation-System\index.php(56): CodeIgniter\Boot::bootWeb(Object(Config\Paths))
#18 {main}
CRITICAL - 2025-08-11 13:05:36 --> CodeIgniter\Database\Exceptions\DatabaseException: Not unique table/alias: 'bus_trav_sched_tb'
[Method: GET, Route: admin/schedules]
in FCPATH\vendor\codeigniter4\framework\system\Database\BaseConnection.php on line 692.
 1 FCPATH\vendor\codeigniter4\framework\system\Database\BaseBuilder.php(1649): CodeIgniter\Database\BaseConnection->query('SELECT `bus_routes_tb`.*, `bus_trav_sched_tb`.`date`, `bus_trav_sched_tb`.`occupied_seats`, `buses_tb`.`bus_name`, `buses_tb`.`bus_no`, `buses_tb`.`bus_type`, `routes_tb`.`origin`, `routes_tb`.`destination`
FROM `bus_trav_sched_tb`
JOIN `bus_trav_sched_tb` ON `bus_trav_sched_tb`.`bus_trav_sched_tb_id` = `bus_routes_tb`.`bus_trav_sched_tb_id`
JOIN `buses_tb` ON `buses_tb`.`buses_tb_id` = `bus_trav_sched_tb`.`buses_tb_id`
JOIN `routes_tb` ON `routes_tb`.`routes_tb_id` = `bus_routes_tb`.`routes_tb_id`
ORDER BY `bus_trav_sched_tb`.`date` ASC, `bus_routes_tb`.`dep_time` ASC', [], false)
 2 FCPATH\vendor\codeigniter4\framework\system\Model.php(286): CodeIgniter\Database\BaseBuilder->get()
 3 FCPATH\vendor\codeigniter4\framework\system\BaseModel.php(675): CodeIgniter\Model->doFindAll(0, 0)
 4 SYSTEMPATH\Helpers\schedules_helper.php(38): CodeIgniter\BaseModel->findAll()
 5 APPPATH\Views\admin\schedules.php(55): getAllSchedules()
 6 FCPATH\vendor\codeigniter4\framework\system\View\View.php(224): include('C:\\xampp\\htdocs\\Bus-Reservation-System\\app\\Views\\admin\\schedules.php')
 7 FCPATH\vendor\codeigniter4\framework\system\View\View.php(227): CodeIgniter\View\View->CodeIgniter\View\{closure}()
 8 SYSTEMPATH\Common.php(1173): CodeIgniter\View\View->render('admin/schedules', [], true)
 9 APPPATH\Controllers\Admin.php(125): view('admin/schedules')
10 FCPATH\vendor\codeigniter4\framework\system\CodeIgniter.php(933): App\Controllers\Admin->viewSchedules()
11 FCPATH\vendor\codeigniter4\framework\system\CodeIgniter.php(507): CodeIgniter\CodeIgniter->runController(Object(App\Controllers\Admin))
12 FCPATH\vendor\codeigniter4\framework\system\CodeIgniter.php(354): CodeIgniter\CodeIgniter->handleRequest(null, Object(Config\Cache), false)
13 SYSTEMPATH\Boot.php(334): CodeIgniter\CodeIgniter->run()
14 SYSTEMPATH\Boot.php(67): CodeIgniter\Boot::runCodeIgniter(Object(CodeIgniter\CodeIgniter))
15 FCPATH\index.php(56): CodeIgniter\Boot::bootWeb(Object(Config\Paths))
CRITICAL - 2025-08-11 13:05:36 --> [Caused by] CodeIgniter\Database\Exceptions\DatabaseException: Not unique table/alias: 'bus_trav_sched_tb'
in FCPATH\vendor\codeigniter4\framework\system\Database\MySQLi\Connection.php on line 332.
 1 FCPATH\vendor\codeigniter4\framework\system\Database\BaseConnection.php(738): CodeIgniter\Database\MySQLi\Connection->execute('SELECT `bus_routes_tb`.*, `bus_trav_sched_tb`.`date`, `bus_trav_sched_tb`.`occupied_seats`, `buses_tb`.`bus_name`, `buses_tb`.`bus_no`, `buses_tb`.`bus_type`, `routes_tb`.`origin`, `routes_tb`.`destination`
FROM `bus_trav_sched_tb`
JOIN `bus_trav_sched_tb` ON `bus_trav_sched_tb`.`bus_trav_sched_tb_id` = `bus_routes_tb`.`bus_trav_sched_tb_id`
JOIN `buses_tb` ON `buses_tb`.`buses_tb_id` = `bus_trav_sched_tb`.`buses_tb_id`
JOIN `routes_tb` ON `routes_tb`.`routes_tb_id` = `bus_routes_tb`.`routes_tb_id`
ORDER BY `bus_trav_sched_tb`.`date` ASC, `bus_routes_tb`.`dep_time` ASC')
 2 FCPATH\vendor\codeigniter4\framework\system\Database\BaseConnection.php(652): CodeIgniter\Database\BaseConnection->simpleQuery('SELECT `bus_routes_tb`.*, `bus_trav_sched_tb`.`date`, `bus_trav_sched_tb`.`occupied_seats`, `buses_tb`.`bus_name`, `buses_tb`.`bus_no`, `buses_tb`.`bus_type`, `routes_tb`.`origin`, `routes_tb`.`destination`
FROM `bus_trav_sched_tb`
JOIN `bus_trav_sched_tb` ON `bus_trav_sched_tb`.`bus_trav_sched_tb_id` = `bus_routes_tb`.`bus_trav_sched_tb_id`
JOIN `buses_tb` ON `buses_tb`.`buses_tb_id` = `bus_trav_sched_tb`.`buses_tb_id`
JOIN `routes_tb` ON `routes_tb`.`routes_tb_id` = `bus_routes_tb`.`routes_tb_id`
ORDER BY `bus_trav_sched_tb`.`date` ASC, `bus_routes_tb`.`dep_time` ASC')
 3 FCPATH\vendor\codeigniter4\framework\system\Database\BaseBuilder.php(1649): CodeIgniter\Database\BaseConnection->query('SELECT `bus_routes_tb`.*, `bus_trav_sched_tb`.`date`, `bus_trav_sched_tb`.`occupied_seats`, `buses_tb`.`bus_name`, `buses_tb`.`bus_no`, `buses_tb`.`bus_type`, `routes_tb`.`origin`, `routes_tb`.`destination`
FROM `bus_trav_sched_tb`
JOIN `bus_trav_sched_tb` ON `bus_trav_sched_tb`.`bus_trav_sched_tb_id` = `bus_routes_tb`.`bus_trav_sched_tb_id`
JOIN `buses_tb` ON `buses_tb`.`buses_tb_id` = `bus_trav_sched_tb`.`buses_tb_id`
JOIN `routes_tb` ON `routes_tb`.`routes_tb_id` = `bus_routes_tb`.`routes_tb_id`
ORDER BY `bus_trav_sched_tb`.`date` ASC, `bus_routes_tb`.`dep_time` ASC', [], false)
 4 FCPATH\vendor\codeigniter4\framework\system\Model.php(286): CodeIgniter\Database\BaseBuilder->get()
 5 FCPATH\vendor\codeigniter4\framework\system\BaseModel.php(675): CodeIgniter\Model->doFindAll(0, 0)
 6 SYSTEMPATH\Helpers\schedules_helper.php(38): CodeIgniter\BaseModel->findAll()
 7 APPPATH\Views\admin\schedules.php(55): getAllSchedules()
 8 FCPATH\vendor\codeigniter4\framework\system\View\View.php(224): include('C:\\xampp\\htdocs\\Bus-Reservation-System\\app\\Views\\admin\\schedules.php')
 9 FCPATH\vendor\codeigniter4\framework\system\View\View.php(227): CodeIgniter\View\View->CodeIgniter\View\{closure}()
10 SYSTEMPATH\Common.php(1173): CodeIgniter\View\View->render('admin/schedules', [], true)
11 APPPATH\Controllers\Admin.php(125): view('admin/schedules')
12 FCPATH\vendor\codeigniter4\framework\system\CodeIgniter.php(933): App\Controllers\Admin->viewSchedules()
13 FCPATH\vendor\codeigniter4\framework\system\CodeIgniter.php(507): CodeIgniter\CodeIgniter->runController(Object(App\Controllers\Admin))
14 FCPATH\vendor\codeigniter4\framework\system\CodeIgniter.php(354): CodeIgniter\CodeIgniter->handleRequest(null, Object(Config\Cache), false)
15 SYSTEMPATH\Boot.php(334): CodeIgniter\CodeIgniter->run()
16 SYSTEMPATH\Boot.php(67): CodeIgniter\Boot::runCodeIgniter(Object(CodeIgniter\CodeIgniter))
17 FCPATH\index.php(56): CodeIgniter\Boot::bootWeb(Object(Config\Paths))
CRITICAL - 2025-08-11 13:05:36 --> [Caused by] mysqli_sql_exception: Not unique table/alias: 'bus_trav_sched_tb'
in FCPATH\vendor\codeigniter4\framework\system\Database\MySQLi\Connection.php on line 327.
 1 FCPATH\vendor\codeigniter4\framework\system\Database\MySQLi\Connection.php(327): mysqli->query('SELECT `bus_routes_tb`.*, `bus_trav_sched_tb`.`date`, `bus_trav_sched_tb`.`occupied_seats`, `buses_tb`.`bus_name`, `buses_tb`.`bus_no`, `buses_tb`.`bus_type`, `routes_tb`.`origin`, `routes_tb`.`destination`
FROM `bus_trav_sched_tb`
JOIN `bus_trav_sched_tb` ON `bus_trav_sched_tb`.`bus_trav_sched_tb_id` = `bus_routes_tb`.`bus_trav_sched_tb_id`
JOIN `buses_tb` ON `buses_tb`.`buses_tb_id` = `bus_trav_sched_tb`.`buses_tb_id`
JOIN `routes_tb` ON `routes_tb`.`routes_tb_id` = `bus_routes_tb`.`routes_tb_id`
ORDER BY `bus_trav_sched_tb`.`date` ASC, `bus_routes_tb`.`dep_time` ASC', 0)
 2 FCPATH\vendor\codeigniter4\framework\system\Database\BaseConnection.php(738): CodeIgniter\Database\MySQLi\Connection->execute('SELECT `bus_routes_tb`.*, `bus_trav_sched_tb`.`date`, `bus_trav_sched_tb`.`occupied_seats`, `buses_tb`.`bus_name`, `buses_tb`.`bus_no`, `buses_tb`.`bus_type`, `routes_tb`.`origin`, `routes_tb`.`destination`
FROM `bus_trav_sched_tb`
JOIN `bus_trav_sched_tb` ON `bus_trav_sched_tb`.`bus_trav_sched_tb_id` = `bus_routes_tb`.`bus_trav_sched_tb_id`
JOIN `buses_tb` ON `buses_tb`.`buses_tb_id` = `bus_trav_sched_tb`.`buses_tb_id`
JOIN `routes_tb` ON `routes_tb`.`routes_tb_id` = `bus_routes_tb`.`routes_tb_id`
ORDER BY `bus_trav_sched_tb`.`date` ASC, `bus_routes_tb`.`dep_time` ASC')
 3 FCPATH\vendor\codeigniter4\framework\system\Database\BaseConnection.php(652): CodeIgniter\Database\BaseConnection->simpleQuery('SELECT `bus_routes_tb`.*, `bus_trav_sched_tb`.`date`, `bus_trav_sched_tb`.`occupied_seats`, `buses_tb`.`bus_name`, `buses_tb`.`bus_no`, `buses_tb`.`bus_type`, `routes_tb`.`origin`, `routes_tb`.`destination`
FROM `bus_trav_sched_tb`
JOIN `bus_trav_sched_tb` ON `bus_trav_sched_tb`.`bus_trav_sched_tb_id` = `bus_routes_tb`.`bus_trav_sched_tb_id`
JOIN `buses_tb` ON `buses_tb`.`buses_tb_id` = `bus_trav_sched_tb`.`buses_tb_id`
JOIN `routes_tb` ON `routes_tb`.`routes_tb_id` = `bus_routes_tb`.`routes_tb_id`
ORDER BY `bus_trav_sched_tb`.`date` ASC, `bus_routes_tb`.`dep_time` ASC')
 4 FCPATH\vendor\codeigniter4\framework\system\Database\BaseBuilder.php(1649): CodeIgniter\Database\BaseConnection->query('SELECT `bus_routes_tb`.*, `bus_trav_sched_tb`.`date`, `bus_trav_sched_tb`.`occupied_seats`, `buses_tb`.`bus_name`, `buses_tb`.`bus_no`, `buses_tb`.`bus_type`, `routes_tb`.`origin`, `routes_tb`.`destination`
FROM `bus_trav_sched_tb`
JOIN `bus_trav_sched_tb` ON `bus_trav_sched_tb`.`bus_trav_sched_tb_id` = `bus_routes_tb`.`bus_trav_sched_tb_id`
JOIN `buses_tb` ON `buses_tb`.`buses_tb_id` = `bus_trav_sched_tb`.`buses_tb_id`
JOIN `routes_tb` ON `routes_tb`.`routes_tb_id` = `bus_routes_tb`.`routes_tb_id`
ORDER BY `bus_trav_sched_tb`.`date` ASC, `bus_routes_tb`.`dep_time` ASC', [], false)
 5 FCPATH\vendor\codeigniter4\framework\system\Model.php(286): CodeIgniter\Database\BaseBuilder->get()
 6 FCPATH\vendor\codeigniter4\framework\system\BaseModel.php(675): CodeIgniter\Model->doFindAll(0, 0)
 7 SYSTEMPATH\Helpers\schedules_helper.php(38): CodeIgniter\BaseModel->findAll()
 8 APPPATH\Views\admin\schedules.php(55): getAllSchedules()
 9 FCPATH\vendor\codeigniter4\framework\system\View\View.php(224): include('C:\\xampp\\htdocs\\Bus-Reservation-System\\app\\Views\\admin\\schedules.php')
10 FCPATH\vendor\codeigniter4\framework\system\View\View.php(227): CodeIgniter\View\View->CodeIgniter\View\{closure}()
11 SYSTEMPATH\Common.php(1173): CodeIgniter\View\View->render('admin/schedules', [], true)
12 APPPATH\Controllers\Admin.php(125): view('admin/schedules')
13 FCPATH\vendor\codeigniter4\framework\system\CodeIgniter.php(933): App\Controllers\Admin->viewSchedules()
14 FCPATH\vendor\codeigniter4\framework\system\CodeIgniter.php(507): CodeIgniter\CodeIgniter->runController(Object(App\Controllers\Admin))
15 FCPATH\vendor\codeigniter4\framework\system\CodeIgniter.php(354): CodeIgniter\CodeIgniter->handleRequest(null, Object(Config\Cache), false)
16 SYSTEMPATH\Boot.php(334): CodeIgniter\CodeIgniter->run()
17 SYSTEMPATH\Boot.php(67): CodeIgniter\Boot::runCodeIgniter(Object(CodeIgniter\CodeIgniter))
18 FCPATH\index.php(56): CodeIgniter\Boot::bootWeb(Object(Config\Paths))
ERROR - 2025-08-11 13:07:28 --> mysqli_sql_exception: Not unique table/alias: 'bus_trav_sched_tb' in C:\xampp\htdocs\Bus-Reservation-System\vendor\codeigniter4\framework\system\Database\MySQLi\Connection.php:327
Stack trace:
#0 C:\xampp\htdocs\Bus-Reservation-System\vendor\codeigniter4\framework\system\Database\MySQLi\Connection.php(327): mysqli->query('SELECT `bus_rou...', 0)
#1 C:\xampp\htdocs\Bus-Reservation-System\vendor\codeigniter4\framework\system\Database\BaseConnection.php(738): CodeIgniter\Database\MySQLi\Connection->execute('SELECT `bus_rou...')
#2 C:\xampp\htdocs\Bus-Reservation-System\vendor\codeigniter4\framework\system\Database\BaseConnection.php(652): CodeIgniter\Database\BaseConnection->simpleQuery('SELECT `bus_rou...')
#3 C:\xampp\htdocs\Bus-Reservation-System\vendor\codeigniter4\framework\system\Database\BaseBuilder.php(1649): CodeIgniter\Database\BaseConnection->query('SELECT `bus_rou...', Array, false)
#4 C:\xampp\htdocs\Bus-Reservation-System\vendor\codeigniter4\framework\system\Model.php(286): CodeIgniter\Database\BaseBuilder->get()
#5 C:\xampp\htdocs\Bus-Reservation-System\vendor\codeigniter4\framework\system\BaseModel.php(675): CodeIgniter\Model->doFindAll(0, 0)
#6 C:\xampp\htdocs\Bus-Reservation-System\system\Helpers\schedules_helper.php(38): CodeIgniter\BaseModel->findAll()
#7 C:\xampp\htdocs\Bus-Reservation-System\app\Views\admin\schedules.php(55): getAllSchedules()
#8 C:\xampp\htdocs\Bus-Reservation-System\vendor\codeigniter4\framework\system\View\View.php(224): include('C:\\xampp\\htdocs...')
#9 C:\xampp\htdocs\Bus-Reservation-System\vendor\codeigniter4\framework\system\View\View.php(227): CodeIgniter\View\View->CodeIgniter\View\{closure}()
#10 C:\xampp\htdocs\Bus-Reservation-System\system\Common.php(1173): CodeIgniter\View\View->render('admin/schedules', Array, true)
#11 C:\xampp\htdocs\Bus-Reservation-System\app\Controllers\Admin.php(125): view('admin/schedules')
#12 C:\xampp\htdocs\Bus-Reservation-System\vendor\codeigniter4\framework\system\CodeIgniter.php(933): App\Controllers\Admin->viewSchedules()
#13 C:\xampp\htdocs\Bus-Reservation-System\vendor\codeigniter4\framework\system\CodeIgniter.php(507): CodeIgniter\CodeIgniter->runController(Object(App\Controllers\Admin))
#14 C:\xampp\htdocs\Bus-Reservation-System\vendor\codeigniter4\framework\system\CodeIgniter.php(354): CodeIgniter\CodeIgniter->handleRequest(NULL, Object(Config\Cache), false)
#15 C:\xampp\htdocs\Bus-Reservation-System\system\Boot.php(334): CodeIgniter\CodeIgniter->run()
#16 C:\xampp\htdocs\Bus-Reservation-System\system\Boot.php(67): CodeIgniter\Boot::runCodeIgniter(Object(CodeIgniter\CodeIgniter))
#17 C:\xampp\htdocs\Bus-Reservation-System\index.php(56): CodeIgniter\Boot::bootWeb(Object(Config\Paths))
#18 {main}
CRITICAL - 2025-08-11 13:07:28 --> CodeIgniter\Database\Exceptions\DatabaseException: Not unique table/alias: 'bus_trav_sched_tb'
[Method: GET, Route: admin/schedules]
in FCPATH\vendor\codeigniter4\framework\system\Database\BaseConnection.php on line 692.
 1 FCPATH\vendor\codeigniter4\framework\system\Database\BaseBuilder.php(1649): CodeIgniter\Database\BaseConnection->query('SELECT `bus_routes_tb`.*, `bus_trav_sched_tb`.`date`, `bus_trav_sched_tb`.`occupied_seats`, `buses_tb`.`bus_name`, `buses_tb`.`bus_no`, `buses_tb`.`bus_type`, `routes_tb`.`origin`, `routes_tb`.`destination`
FROM `bus_trav_sched_tb`
JOIN `bus_trav_sched_tb` ON `bus_trav_sched_tb`.`bus_trav_sched_tb_id` = `bus_routes_tb`.`bus_trav_sched_tb_id`
JOIN `buses_tb` ON `buses_tb`.`buses_tb_id` = `bus_trav_sched_tb`.`buses_tb_id`
JOIN `routes_tb` ON `routes_tb`.`routes_tb_id` = `bus_routes_tb`.`routes_tb_id`
ORDER BY `bus_trav_sched_tb`.`date` ASC, `bus_routes_tb`.`dep_time` ASC', [], false)
 2 FCPATH\vendor\codeigniter4\framework\system\Model.php(286): CodeIgniter\Database\BaseBuilder->get()
 3 FCPATH\vendor\codeigniter4\framework\system\BaseModel.php(675): CodeIgniter\Model->doFindAll(0, 0)
 4 SYSTEMPATH\Helpers\schedules_helper.php(38): CodeIgniter\BaseModel->findAll()
 5 APPPATH\Views\admin\schedules.php(55): getAllSchedules()
 6 FCPATH\vendor\codeigniter4\framework\system\View\View.php(224): include('C:\\xampp\\htdocs\\Bus-Reservation-System\\app\\Views\\admin\\schedules.php')
 7 FCPATH\vendor\codeigniter4\framework\system\View\View.php(227): CodeIgniter\View\View->CodeIgniter\View\{closure}()
 8 SYSTEMPATH\Common.php(1173): CodeIgniter\View\View->render('admin/schedules', [], true)
 9 APPPATH\Controllers\Admin.php(125): view('admin/schedules')
10 FCPATH\vendor\codeigniter4\framework\system\CodeIgniter.php(933): App\Controllers\Admin->viewSchedules()
11 FCPATH\vendor\codeigniter4\framework\system\CodeIgniter.php(507): CodeIgniter\CodeIgniter->runController(Object(App\Controllers\Admin))
12 FCPATH\vendor\codeigniter4\framework\system\CodeIgniter.php(354): CodeIgniter\CodeIgniter->handleRequest(null, Object(Config\Cache), false)
13 SYSTEMPATH\Boot.php(334): CodeIgniter\CodeIgniter->run()
14 SYSTEMPATH\Boot.php(67): CodeIgniter\Boot::runCodeIgniter(Object(CodeIgniter\CodeIgniter))
15 FCPATH\index.php(56): CodeIgniter\Boot::bootWeb(Object(Config\Paths))
CRITICAL - 2025-08-11 13:07:28 --> [Caused by] CodeIgniter\Database\Exceptions\DatabaseException: Not unique table/alias: 'bus_trav_sched_tb'
in FCPATH\vendor\codeigniter4\framework\system\Database\MySQLi\Connection.php on line 332.
 1 FCPATH\vendor\codeigniter4\framework\system\Database\BaseConnection.php(738): CodeIgniter\Database\MySQLi\Connection->execute('SELECT `bus_routes_tb`.*, `bus_trav_sched_tb`.`date`, `bus_trav_sched_tb`.`occupied_seats`, `buses_tb`.`bus_name`, `buses_tb`.`bus_no`, `buses_tb`.`bus_type`, `routes_tb`.`origin`, `routes_tb`.`destination`
FROM `bus_trav_sched_tb`
JOIN `bus_trav_sched_tb` ON `bus_trav_sched_tb`.`bus_trav_sched_tb_id` = `bus_routes_tb`.`bus_trav_sched_tb_id`
JOIN `buses_tb` ON `buses_tb`.`buses_tb_id` = `bus_trav_sched_tb`.`buses_tb_id`
JOIN `routes_tb` ON `routes_tb`.`routes_tb_id` = `bus_routes_tb`.`routes_tb_id`
ORDER BY `bus_trav_sched_tb`.`date` ASC, `bus_routes_tb`.`dep_time` ASC')
 2 FCPATH\vendor\codeigniter4\framework\system\Database\BaseConnection.php(652): CodeIgniter\Database\BaseConnection->simpleQuery('SELECT `bus_routes_tb`.*, `bus_trav_sched_tb`.`date`, `bus_trav_sched_tb`.`occupied_seats`, `buses_tb`.`bus_name`, `buses_tb`.`bus_no`, `buses_tb`.`bus_type`, `routes_tb`.`origin`, `routes_tb`.`destination`
FROM `bus_trav_sched_tb`
JOIN `bus_trav_sched_tb` ON `bus_trav_sched_tb`.`bus_trav_sched_tb_id` = `bus_routes_tb`.`bus_trav_sched_tb_id`
JOIN `buses_tb` ON `buses_tb`.`buses_tb_id` = `bus_trav_sched_tb`.`buses_tb_id`
JOIN `routes_tb` ON `routes_tb`.`routes_tb_id` = `bus_routes_tb`.`routes_tb_id`
ORDER BY `bus_trav_sched_tb`.`date` ASC, `bus_routes_tb`.`dep_time` ASC')
 3 FCPATH\vendor\codeigniter4\framework\system\Database\BaseBuilder.php(1649): CodeIgniter\Database\BaseConnection->query('SELECT `bus_routes_tb`.*, `bus_trav_sched_tb`.`date`, `bus_trav_sched_tb`.`occupied_seats`, `buses_tb`.`bus_name`, `buses_tb`.`bus_no`, `buses_tb`.`bus_type`, `routes_tb`.`origin`, `routes_tb`.`destination`
FROM `bus_trav_sched_tb`
JOIN `bus_trav_sched_tb` ON `bus_trav_sched_tb`.`bus_trav_sched_tb_id` = `bus_routes_tb`.`bus_trav_sched_tb_id`
JOIN `buses_tb` ON `buses_tb`.`buses_tb_id` = `bus_trav_sched_tb`.`buses_tb_id`
JOIN `routes_tb` ON `routes_tb`.`routes_tb_id` = `bus_routes_tb`.`routes_tb_id`
ORDER BY `bus_trav_sched_tb`.`date` ASC, `bus_routes_tb`.`dep_time` ASC', [], false)
 4 FCPATH\vendor\codeigniter4\framework\system\Model.php(286): CodeIgniter\Database\BaseBuilder->get()
 5 FCPATH\vendor\codeigniter4\framework\system\BaseModel.php(675): CodeIgniter\Model->doFindAll(0, 0)
 6 SYSTEMPATH\Helpers\schedules_helper.php(38): CodeIgniter\BaseModel->findAll()
 7 APPPATH\Views\admin\schedules.php(55): getAllSchedules()
 8 FCPATH\vendor\codeigniter4\framework\system\View\View.php(224): include('C:\\xampp\\htdocs\\Bus-Reservation-System\\app\\Views\\admin\\schedules.php')
 9 FCPATH\vendor\codeigniter4\framework\system\View\View.php(227): CodeIgniter\View\View->CodeIgniter\View\{closure}()
10 SYSTEMPATH\Common.php(1173): CodeIgniter\View\View->render('admin/schedules', [], true)
11 APPPATH\Controllers\Admin.php(125): view('admin/schedules')
12 FCPATH\vendor\codeigniter4\framework\system\CodeIgniter.php(933): App\Controllers\Admin->viewSchedules()
13 FCPATH\vendor\codeigniter4\framework\system\CodeIgniter.php(507): CodeIgniter\CodeIgniter->runController(Object(App\Controllers\Admin))
14 FCPATH\vendor\codeigniter4\framework\system\CodeIgniter.php(354): CodeIgniter\CodeIgniter->handleRequest(null, Object(Config\Cache), false)
15 SYSTEMPATH\Boot.php(334): CodeIgniter\CodeIgniter->run()
16 SYSTEMPATH\Boot.php(67): CodeIgniter\Boot::runCodeIgniter(Object(CodeIgniter\CodeIgniter))
17 FCPATH\index.php(56): CodeIgniter\Boot::bootWeb(Object(Config\Paths))
CRITICAL - 2025-08-11 13:07:28 --> [Caused by] mysqli_sql_exception: Not unique table/alias: 'bus_trav_sched_tb'
in FCPATH\vendor\codeigniter4\framework\system\Database\MySQLi\Connection.php on line 327.
 1 FCPATH\vendor\codeigniter4\framework\system\Database\MySQLi\Connection.php(327): mysqli->query('SELECT `bus_routes_tb`.*, `bus_trav_sched_tb`.`date`, `bus_trav_sched_tb`.`occupied_seats`, `buses_tb`.`bus_name`, `buses_tb`.`bus_no`, `buses_tb`.`bus_type`, `routes_tb`.`origin`, `routes_tb`.`destination`
FROM `bus_trav_sched_tb`
JOIN `bus_trav_sched_tb` ON `bus_trav_sched_tb`.`bus_trav_sched_tb_id` = `bus_routes_tb`.`bus_trav_sched_tb_id`
JOIN `buses_tb` ON `buses_tb`.`buses_tb_id` = `bus_trav_sched_tb`.`buses_tb_id`
JOIN `routes_tb` ON `routes_tb`.`routes_tb_id` = `bus_routes_tb`.`routes_tb_id`
ORDER BY `bus_trav_sched_tb`.`date` ASC, `bus_routes_tb`.`dep_time` ASC', 0)
 2 FCPATH\vendor\codeigniter4\framework\system\Database\BaseConnection.php(738): CodeIgniter\Database\MySQLi\Connection->execute('SELECT `bus_routes_tb`.*, `bus_trav_sched_tb`.`date`, `bus_trav_sched_tb`.`occupied_seats`, `buses_tb`.`bus_name`, `buses_tb`.`bus_no`, `buses_tb`.`bus_type`, `routes_tb`.`origin`, `routes_tb`.`destination`
FROM `bus_trav_sched_tb`
JOIN `bus_trav_sched_tb` ON `bus_trav_sched_tb`.`bus_trav_sched_tb_id` = `bus_routes_tb`.`bus_trav_sched_tb_id`
JOIN `buses_tb` ON `buses_tb`.`buses_tb_id` = `bus_trav_sched_tb`.`buses_tb_id`
JOIN `routes_tb` ON `routes_tb`.`routes_tb_id` = `bus_routes_tb`.`routes_tb_id`
ORDER BY `bus_trav_sched_tb`.`date` ASC, `bus_routes_tb`.`dep_time` ASC')
 3 FCPATH\vendor\codeigniter4\framework\system\Database\BaseConnection.php(652): CodeIgniter\Database\BaseConnection->simpleQuery('SELECT `bus_routes_tb`.*, `bus_trav_sched_tb`.`date`, `bus_trav_sched_tb`.`occupied_seats`, `buses_tb`.`bus_name`, `buses_tb`.`bus_no`, `buses_tb`.`bus_type`, `routes_tb`.`origin`, `routes_tb`.`destination`
FROM `bus_trav_sched_tb`
JOIN `bus_trav_sched_tb` ON `bus_trav_sched_tb`.`bus_trav_sched_tb_id` = `bus_routes_tb`.`bus_trav_sched_tb_id`
JOIN `buses_tb` ON `buses_tb`.`buses_tb_id` = `bus_trav_sched_tb`.`buses_tb_id`
JOIN `routes_tb` ON `routes_tb`.`routes_tb_id` = `bus_routes_tb`.`routes_tb_id`
ORDER BY `bus_trav_sched_tb`.`date` ASC, `bus_routes_tb`.`dep_time` ASC')
 4 FCPATH\vendor\codeigniter4\framework\system\Database\BaseBuilder.php(1649): CodeIgniter\Database\BaseConnection->query('SELECT `bus_routes_tb`.*, `bus_trav_sched_tb`.`date`, `bus_trav_sched_tb`.`occupied_seats`, `buses_tb`.`bus_name`, `buses_tb`.`bus_no`, `buses_tb`.`bus_type`, `routes_tb`.`origin`, `routes_tb`.`destination`
FROM `bus_trav_sched_tb`
JOIN `bus_trav_sched_tb` ON `bus_trav_sched_tb`.`bus_trav_sched_tb_id` = `bus_routes_tb`.`bus_trav_sched_tb_id`
JOIN `buses_tb` ON `buses_tb`.`buses_tb_id` = `bus_trav_sched_tb`.`buses_tb_id`
JOIN `routes_tb` ON `routes_tb`.`routes_tb_id` = `bus_routes_tb`.`routes_tb_id`
ORDER BY `bus_trav_sched_tb`.`date` ASC, `bus_routes_tb`.`dep_time` ASC', [], false)
 5 FCPATH\vendor\codeigniter4\framework\system\Model.php(286): CodeIgniter\Database\BaseBuilder->get()
 6 FCPATH\vendor\codeigniter4\framework\system\BaseModel.php(675): CodeIgniter\Model->doFindAll(0, 0)
 7 SYSTEMPATH\Helpers\schedules_helper.php(38): CodeIgniter\BaseModel->findAll()
 8 APPPATH\Views\admin\schedules.php(55): getAllSchedules()
 9 FCPATH\vendor\codeigniter4\framework\system\View\View.php(224): include('C:\\xampp\\htdocs\\Bus-Reservation-System\\app\\Views\\admin\\schedules.php')
10 FCPATH\vendor\codeigniter4\framework\system\View\View.php(227): CodeIgniter\View\View->CodeIgniter\View\{closure}()
11 SYSTEMPATH\Common.php(1173): CodeIgniter\View\View->render('admin/schedules', [], true)
12 APPPATH\Controllers\Admin.php(125): view('admin/schedules')
13 FCPATH\vendor\codeigniter4\framework\system\CodeIgniter.php(933): App\Controllers\Admin->viewSchedules()
14 FCPATH\vendor\codeigniter4\framework\system\CodeIgniter.php(507): CodeIgniter\CodeIgniter->runController(Object(App\Controllers\Admin))
15 FCPATH\vendor\codeigniter4\framework\system\CodeIgniter.php(354): CodeIgniter\CodeIgniter->handleRequest(null, Object(Config\Cache), false)
16 SYSTEMPATH\Boot.php(334): CodeIgniter\CodeIgniter->run()
17 SYSTEMPATH\Boot.php(67): CodeIgniter\Boot::runCodeIgniter(Object(CodeIgniter\CodeIgniter))
18 FCPATH\index.php(56): CodeIgniter\Boot::bootWeb(Object(Config\Paths))
ERROR - 2025-08-11 18:01:31 --> mysqli_sql_exception: Table 'u474266573_db_brs.buses' doesn't exist in C:\xampp\htdocs\Bus-Reservation-System\vendor\codeigniter4\framework\system\Database\MySQLi\Connection.php:327
Stack trace:
#0 C:\xampp\htdocs\Bus-Reservation-System\vendor\codeigniter4\framework\system\Database\MySQLi\Connection.php(327): mysqli->query('SELECT `buses`....', 0)
#1 C:\xampp\htdocs\Bus-Reservation-System\vendor\codeigniter4\framework\system\Database\BaseConnection.php(738): CodeIgniter\Database\MySQLi\Connection->execute('SELECT `buses`....')
#2 C:\xampp\htdocs\Bus-Reservation-System\vendor\codeigniter4\framework\system\Database\BaseConnection.php(652): CodeIgniter\Database\BaseConnection->simpleQuery('SELECT `buses`....')
#3 C:\xampp\htdocs\Bus-Reservation-System\vendor\codeigniter4\framework\system\Database\BaseBuilder.php(1649): CodeIgniter\Database\BaseConnection->query('SELECT `buses`....', Array, false)
#4 C:\xampp\htdocs\Bus-Reservation-System\vendor\codeigniter4\framework\system\Model.php(286): CodeIgniter\Database\BaseBuilder->get()
#5 C:\xampp\htdocs\Bus-Reservation-System\vendor\codeigniter4\framework\system\BaseModel.php(675): CodeIgniter\Model->doFindAll(0, 0)
#6 C:\xampp\htdocs\Bus-Reservation-System\app\Controllers\Pages\Schedules.php(190): CodeIgniter\BaseModel->findAll()
#7 C:\xampp\htdocs\Bus-Reservation-System\vendor\codeigniter4\framework\system\CodeIgniter.php(933): App\Controllers\Pages\Schedules->getBusesByDate()
#8 C:\xampp\htdocs\Bus-Reservation-System\vendor\codeigniter4\framework\system\CodeIgniter.php(507): CodeIgniter\CodeIgniter->runController(Object(App\Controllers\Pages\Schedules))
#9 C:\xampp\htdocs\Bus-Reservation-System\vendor\codeigniter4\framework\system\CodeIgniter.php(354): CodeIgniter\CodeIgniter->handleRequest(NULL, Object(Config\Cache), false)
#10 C:\xampp\htdocs\Bus-Reservation-System\system\Boot.php(334): CodeIgniter\CodeIgniter->run()
#11 C:\xampp\htdocs\Bus-Reservation-System\system\Boot.php(67): CodeIgniter\Boot::runCodeIgniter(Object(CodeIgniter\CodeIgniter))
#12 C:\xampp\htdocs\Bus-Reservation-System\index.php(56): CodeIgniter\Boot::bootWeb(Object(Config\Paths))
#13 {main}
ERROR - 2025-08-11 18:01:31 --> mysqli_sql_exception: Table 'u474266573_db_brs.buses' doesn't exist in C:\xampp\htdocs\Bus-Reservation-System\vendor\codeigniter4\framework\system\Database\MySQLi\Connection.php:327
Stack trace:
#0 C:\xampp\htdocs\Bus-Reservation-System\vendor\codeigniter4\framework\system\Database\MySQLi\Connection.php(327): mysqli->query('SELECT `buses`....', 0)
#1 C:\xampp\htdocs\Bus-Reservation-System\vendor\codeigniter4\framework\system\Database\BaseConnection.php(738): CodeIgniter\Database\MySQLi\Connection->execute('SELECT `buses`....')
#2 C:\xampp\htdocs\Bus-Reservation-System\vendor\codeigniter4\framework\system\Database\BaseConnection.php(652): CodeIgniter\Database\BaseConnection->simpleQuery('SELECT `buses`....')
#3 C:\xampp\htdocs\Bus-Reservation-System\vendor\codeigniter4\framework\system\Database\BaseBuilder.php(1649): CodeIgniter\Database\BaseConnection->query('SELECT `buses`....', Array, false)
#4 C:\xampp\htdocs\Bus-Reservation-System\vendor\codeigniter4\framework\system\Model.php(286): CodeIgniter\Database\BaseBuilder->get()
#5 C:\xampp\htdocs\Bus-Reservation-System\vendor\codeigniter4\framework\system\BaseModel.php(675): CodeIgniter\Model->doFindAll(0, 0)
#6 C:\xampp\htdocs\Bus-Reservation-System\app\Controllers\Pages\Schedules.php(190): CodeIgniter\BaseModel->findAll()
#7 C:\xampp\htdocs\Bus-Reservation-System\vendor\codeigniter4\framework\system\CodeIgniter.php(933): App\Controllers\Pages\Schedules->getBusesByDate()
#8 C:\xampp\htdocs\Bus-Reservation-System\vendor\codeigniter4\framework\system\CodeIgniter.php(507): CodeIgniter\CodeIgniter->runController(Object(App\Controllers\Pages\Schedules))
#9 C:\xampp\htdocs\Bus-Reservation-System\vendor\codeigniter4\framework\system\CodeIgniter.php(354): CodeIgniter\CodeIgniter->handleRequest(NULL, Object(Config\Cache), false)
#10 C:\xampp\htdocs\Bus-Reservation-System\system\Boot.php(334): CodeIgniter\CodeIgniter->run()
#11 C:\xampp\htdocs\Bus-Reservation-System\system\Boot.php(67): CodeIgniter\Boot::runCodeIgniter(Object(CodeIgniter\CodeIgniter))
#12 C:\xampp\htdocs\Bus-Reservation-System\index.php(56): CodeIgniter\Boot::bootWeb(Object(Config\Paths))
#13 {main}
CRITICAL - 2025-08-11 18:01:31 --> CodeIgniter\Database\Exceptions\DatabaseException: Table 'u474266573_db_brs.buses' doesn't exist
[Method: POST, Route: admin/schedules/getBusesByDate]
in FCPATH\vendor\codeigniter4\framework\system\Database\BaseConnection.php on line 692.
 1 FCPATH\vendor\codeigniter4\framework\system\Database\BaseBuilder.php(1649): CodeIgniter\Database\BaseConnection->query('SELECT `buses`.`buses_tb_id`, `buses`.`bus_name`, `buses`.`bus_no`, `buses`.`bus_type`
FROM `bus_trav_sched_tb`
JOIN `buses` ON `buses`.`buses_tb_id` = `bus_travel_schedules`.`buses_tb_id`
WHERE `bus_travel_schedules`.`date` = :bus_travel_schedules.date:
AND `bus_travel_schedules`.`date` >= :bus_travel_schedules.date.1:', [...], false)
 2 FCPATH\vendor\codeigniter4\framework\system\Model.php(286): CodeIgniter\Database\BaseBuilder->get()
 3 FCPATH\vendor\codeigniter4\framework\system\BaseModel.php(675): CodeIgniter\Model->doFindAll(0, 0)
 4 APPPATH\Controllers\Pages\Schedules.php(190): CodeIgniter\BaseModel->findAll()
 5 FCPATH\vendor\codeigniter4\framework\system\CodeIgniter.php(933): App\Controllers\Pages\Schedules->getBusesByDate()
 6 FCPATH\vendor\codeigniter4\framework\system\CodeIgniter.php(507): CodeIgniter\CodeIgniter->runController(Object(App\Controllers\Pages\Schedules))
 7 FCPATH\vendor\codeigniter4\framework\system\CodeIgniter.php(354): CodeIgniter\CodeIgniter->handleRequest(null, Object(Config\Cache), false)
 8 SYSTEMPATH\Boot.php(334): CodeIgniter\CodeIgniter->run()
 9 SYSTEMPATH\Boot.php(67): CodeIgniter\Boot::runCodeIgniter(Object(CodeIgniter\CodeIgniter))
10 FCPATH\index.php(56): CodeIgniter\Boot::bootWeb(Object(Config\Paths))
CRITICAL - 2025-08-11 18:01:32 --> CodeIgniter\Database\Exceptions\DatabaseException: Table 'u474266573_db_brs.buses' doesn't exist
[Method: POST, Route: admin/schedules/getBusesByDate]
in FCPATH\vendor\codeigniter4\framework\system\Database\BaseConnection.php on line 692.
 1 FCPATH\vendor\codeigniter4\framework\system\Database\BaseBuilder.php(1649): CodeIgniter\Database\BaseConnection->query('SELECT `buses`.`buses_tb_id`, `buses`.`bus_name`, `buses`.`bus_no`, `buses`.`bus_type`
FROM `bus_trav_sched_tb`
JOIN `buses` ON `buses`.`buses_tb_id` = `bus_travel_schedules`.`buses_tb_id`
WHERE `bus_travel_schedules`.`date` = :bus_travel_schedules.date:
AND `bus_travel_schedules`.`date` >= :bus_travel_schedules.date.1:', [...], false)
 2 FCPATH\vendor\codeigniter4\framework\system\Model.php(286): CodeIgniter\Database\BaseBuilder->get()
 3 FCPATH\vendor\codeigniter4\framework\system\BaseModel.php(675): CodeIgniter\Model->doFindAll(0, 0)
 4 APPPATH\Controllers\Pages\Schedules.php(190): CodeIgniter\BaseModel->findAll()
 5 FCPATH\vendor\codeigniter4\framework\system\CodeIgniter.php(933): App\Controllers\Pages\Schedules->getBusesByDate()
 6 FCPATH\vendor\codeigniter4\framework\system\CodeIgniter.php(507): CodeIgniter\CodeIgniter->runController(Object(App\Controllers\Pages\Schedules))
 7 FCPATH\vendor\codeigniter4\framework\system\CodeIgniter.php(354): CodeIgniter\CodeIgniter->handleRequest(null, Object(Config\Cache), false)
 8 SYSTEMPATH\Boot.php(334): CodeIgniter\CodeIgniter->run()
 9 SYSTEMPATH\Boot.php(67): CodeIgniter\Boot::runCodeIgniter(Object(CodeIgniter\CodeIgniter))
10 FCPATH\index.php(56): CodeIgniter\Boot::bootWeb(Object(Config\Paths))
CRITICAL - 2025-08-11 18:01:32 --> [Caused by] CodeIgniter\Database\Exceptions\DatabaseException: Table 'u474266573_db_brs.buses' doesn't exist
in FCPATH\vendor\codeigniter4\framework\system\Database\MySQLi\Connection.php on line 332.
 1 FCPATH\vendor\codeigniter4\framework\system\Database\BaseConnection.php(738): CodeIgniter\Database\MySQLi\Connection->execute('SELECT `buses`.`buses_tb_id`, `buses`.`bus_name`, `buses`.`bus_no`, `buses`.`bus_type`
FROM `bus_trav_sched_tb`
JOIN `buses` ON `buses`.`buses_tb_id` = `bus_travel_schedules`.`buses_tb_id`
WHERE `bus_travel_schedules`.`date` = \'2025-08-13\'
AND `bus_travel_schedules`.`date` >= \'2025-08-11\'')
 2 FCPATH\vendor\codeigniter4\framework\system\Database\BaseConnection.php(652): CodeIgniter\Database\BaseConnection->simpleQuery('SELECT `buses`.`buses_tb_id`, `buses`.`bus_name`, `buses`.`bus_no`, `buses`.`bus_type`
FROM `bus_trav_sched_tb`
JOIN `buses` ON `buses`.`buses_tb_id` = `bus_travel_schedules`.`buses_tb_id`
WHERE `bus_travel_schedules`.`date` = \'2025-08-13\'
AND `bus_travel_schedules`.`date` >= \'2025-08-11\'')
 3 FCPATH\vendor\codeigniter4\framework\system\Database\BaseBuilder.php(1649): CodeIgniter\Database\BaseConnection->query('SELECT `buses`.`buses_tb_id`, `buses`.`bus_name`, `buses`.`bus_no`, `buses`.`bus_type`
FROM `bus_trav_sched_tb`
JOIN `buses` ON `buses`.`buses_tb_id` = `bus_travel_schedules`.`buses_tb_id`
WHERE `bus_travel_schedules`.`date` = :bus_travel_schedules.date:
AND `bus_travel_schedules`.`date` >= :bus_travel_schedules.date.1:', [...], false)
 4 FCPATH\vendor\codeigniter4\framework\system\Model.php(286): CodeIgniter\Database\BaseBuilder->get()
 5 FCPATH\vendor\codeigniter4\framework\system\BaseModel.php(675): CodeIgniter\Model->doFindAll(0, 0)
 6 APPPATH\Controllers\Pages\Schedules.php(190): CodeIgniter\BaseModel->findAll()
 7 FCPATH\vendor\codeigniter4\framework\system\CodeIgniter.php(933): App\Controllers\Pages\Schedules->getBusesByDate()
 8 FCPATH\vendor\codeigniter4\framework\system\CodeIgniter.php(507): CodeIgniter\CodeIgniter->runController(Object(App\Controllers\Pages\Schedules))
 9 FCPATH\vendor\codeigniter4\framework\system\CodeIgniter.php(354): CodeIgniter\CodeIgniter->handleRequest(null, Object(Config\Cache), false)
10 SYSTEMPATH\Boot.php(334): CodeIgniter\CodeIgniter->run()
11 SYSTEMPATH\Boot.php(67): CodeIgniter\Boot::runCodeIgniter(Object(CodeIgniter\CodeIgniter))
12 FCPATH\index.php(56): CodeIgniter\Boot::bootWeb(Object(Config\Paths))
CRITICAL - 2025-08-11 18:01:32 --> [Caused by] CodeIgniter\Database\Exceptions\DatabaseException: Table 'u474266573_db_brs.buses' doesn't exist
in FCPATH\vendor\codeigniter4\framework\system\Database\MySQLi\Connection.php on line 332.
 1 FCPATH\vendor\codeigniter4\framework\system\Database\BaseConnection.php(738): CodeIgniter\Database\MySQLi\Connection->execute('SELECT `buses`.`buses_tb_id`, `buses`.`bus_name`, `buses`.`bus_no`, `buses`.`bus_type`
FROM `bus_trav_sched_tb`
JOIN `buses` ON `buses`.`buses_tb_id` = `bus_travel_schedules`.`buses_tb_id`
WHERE `bus_travel_schedules`.`date` = \'2025-08-13\'
AND `bus_travel_schedules`.`date` >= \'2025-08-11\'')
 2 FCPATH\vendor\codeigniter4\framework\system\Database\BaseConnection.php(652): CodeIgniter\Database\BaseConnection->simpleQuery('SELECT `buses`.`buses_tb_id`, `buses`.`bus_name`, `buses`.`bus_no`, `buses`.`bus_type`
FROM `bus_trav_sched_tb`
JOIN `buses` ON `buses`.`buses_tb_id` = `bus_travel_schedules`.`buses_tb_id`
WHERE `bus_travel_schedules`.`date` = \'2025-08-13\'
AND `bus_travel_schedules`.`date` >= \'2025-08-11\'')
 3 FCPATH\vendor\codeigniter4\framework\system\Database\BaseBuilder.php(1649): CodeIgniter\Database\BaseConnection->query('SELECT `buses`.`buses_tb_id`, `buses`.`bus_name`, `buses`.`bus_no`, `buses`.`bus_type`
FROM `bus_trav_sched_tb`
JOIN `buses` ON `buses`.`buses_tb_id` = `bus_travel_schedules`.`buses_tb_id`
WHERE `bus_travel_schedules`.`date` = :bus_travel_schedules.date:
AND `bus_travel_schedules`.`date` >= :bus_travel_schedules.date.1:', [...], false)
 4 FCPATH\vendor\codeigniter4\framework\system\Model.php(286): CodeIgniter\Database\BaseBuilder->get()
 5 FCPATH\vendor\codeigniter4\framework\system\BaseModel.php(675): CodeIgniter\Model->doFindAll(0, 0)
 6 APPPATH\Controllers\Pages\Schedules.php(190): CodeIgniter\BaseModel->findAll()
 7 FCPATH\vendor\codeigniter4\framework\system\CodeIgniter.php(933): App\Controllers\Pages\Schedules->getBusesByDate()
 8 FCPATH\vendor\codeigniter4\framework\system\CodeIgniter.php(507): CodeIgniter\CodeIgniter->runController(Object(App\Controllers\Pages\Schedules))
 9 FCPATH\vendor\codeigniter4\framework\system\CodeIgniter.php(354): CodeIgniter\CodeIgniter->handleRequest(null, Object(Config\Cache), false)
10 SYSTEMPATH\Boot.php(334): CodeIgniter\CodeIgniter->run()
11 SYSTEMPATH\Boot.php(67): CodeIgniter\Boot::runCodeIgniter(Object(CodeIgniter\CodeIgniter))
12 FCPATH\index.php(56): CodeIgniter\Boot::bootWeb(Object(Config\Paths))
CRITICAL - 2025-08-11 18:01:32 --> [Caused by] mysqli_sql_exception: Table 'u474266573_db_brs.buses' doesn't exist
in FCPATH\vendor\codeigniter4\framework\system\Database\MySQLi\Connection.php on line 327.
 1 FCPATH\vendor\codeigniter4\framework\system\Database\MySQLi\Connection.php(327): mysqli->query('SELECT `buses`.`buses_tb_id`, `buses`.`bus_name`, `buses`.`bus_no`, `buses`.`bus_type`
FROM `bus_trav_sched_tb`
JOIN `buses` ON `buses`.`buses_tb_id` = `bus_travel_schedules`.`buses_tb_id`
WHERE `bus_travel_schedules`.`date` = \'2025-08-13\'
AND `bus_travel_schedules`.`date` >= \'2025-08-11\'', 0)
 2 FCPATH\vendor\codeigniter4\framework\system\Database\BaseConnection.php(738): CodeIgniter\Database\MySQLi\Connection->execute('SELECT `buses`.`buses_tb_id`, `buses`.`bus_name`, `buses`.`bus_no`, `buses`.`bus_type`
FROM `bus_trav_sched_tb`
JOIN `buses` ON `buses`.`buses_tb_id` = `bus_travel_schedules`.`buses_tb_id`
WHERE `bus_travel_schedules`.`date` = \'2025-08-13\'
AND `bus_travel_schedules`.`date` >= \'2025-08-11\'')
 3 FCPATH\vendor\codeigniter4\framework\system\Database\BaseConnection.php(652): CodeIgniter\Database\BaseConnection->simpleQuery('SELECT `buses`.`buses_tb_id`, `buses`.`bus_name`, `buses`.`bus_no`, `buses`.`bus_type`
FROM `bus_trav_sched_tb`
JOIN `buses` ON `buses`.`buses_tb_id` = `bus_travel_schedules`.`buses_tb_id`
WHERE `bus_travel_schedules`.`date` = \'2025-08-13\'
AND `bus_travel_schedules`.`date` >= \'2025-08-11\'')
 4 FCPATH\vendor\codeigniter4\framework\system\Database\BaseBuilder.php(1649): CodeIgniter\Database\BaseConnection->query('SELECT `buses`.`buses_tb_id`, `buses`.`bus_name`, `buses`.`bus_no`, `buses`.`bus_type`
FROM `bus_trav_sched_tb`
JOIN `buses` ON `buses`.`buses_tb_id` = `bus_travel_schedules`.`buses_tb_id`
WHERE `bus_travel_schedules`.`date` = :bus_travel_schedules.date:
AND `bus_travel_schedules`.`date` >= :bus_travel_schedules.date.1:', [...], false)
 5 FCPATH\vendor\codeigniter4\framework\system\Model.php(286): CodeIgniter\Database\BaseBuilder->get()
 6 FCPATH\vendor\codeigniter4\framework\system\BaseModel.php(675): CodeIgniter\Model->doFindAll(0, 0)
 7 APPPATH\Controllers\Pages\Schedules.php(190): CodeIgniter\BaseModel->findAll()
 8 FCPATH\vendor\codeigniter4\framework\system\CodeIgniter.php(933): App\Controllers\Pages\Schedules->getBusesByDate()
 9 FCPATH\vendor\codeigniter4\framework\system\CodeIgniter.php(507): CodeIgniter\CodeIgniter->runController(Object(App\Controllers\Pages\Schedules))
10 FCPATH\vendor\codeigniter4\framework\system\CodeIgniter.php(354): CodeIgniter\CodeIgniter->handleRequest(null, Object(Config\Cache), false)
11 SYSTEMPATH\Boot.php(334): CodeIgniter\CodeIgniter->run()
12 SYSTEMPATH\Boot.php(67): CodeIgniter\Boot::runCodeIgniter(Object(CodeIgniter\CodeIgniter))
13 FCPATH\index.php(56): CodeIgniter\Boot::bootWeb(Object(Config\Paths))
CRITICAL - 2025-08-11 18:01:32 --> [Caused by] mysqli_sql_exception: Table 'u474266573_db_brs.buses' doesn't exist
in FCPATH\vendor\codeigniter4\framework\system\Database\MySQLi\Connection.php on line 327.
 1 FCPATH\vendor\codeigniter4\framework\system\Database\MySQLi\Connection.php(327): mysqli->query('SELECT `buses`.`buses_tb_id`, `buses`.`bus_name`, `buses`.`bus_no`, `buses`.`bus_type`
FROM `bus_trav_sched_tb`
JOIN `buses` ON `buses`.`buses_tb_id` = `bus_travel_schedules`.`buses_tb_id`
WHERE `bus_travel_schedules`.`date` = \'2025-08-13\'
AND `bus_travel_schedules`.`date` >= \'2025-08-11\'', 0)
 2 FCPATH\vendor\codeigniter4\framework\system\Database\BaseConnection.php(738): CodeIgniter\Database\MySQLi\Connection->execute('SELECT `buses`.`buses_tb_id`, `buses`.`bus_name`, `buses`.`bus_no`, `buses`.`bus_type`
FROM `bus_trav_sched_tb`
JOIN `buses` ON `buses`.`buses_tb_id` = `bus_travel_schedules`.`buses_tb_id`
WHERE `bus_travel_schedules`.`date` = \'2025-08-13\'
AND `bus_travel_schedules`.`date` >= \'2025-08-11\'')
 3 FCPATH\vendor\codeigniter4\framework\system\Database\BaseConnection.php(652): CodeIgniter\Database\BaseConnection->simpleQuery('SELECT `buses`.`buses_tb_id`, `buses`.`bus_name`, `buses`.`bus_no`, `buses`.`bus_type`
FROM `bus_trav_sched_tb`
JOIN `buses` ON `buses`.`buses_tb_id` = `bus_travel_schedules`.`buses_tb_id`
WHERE `bus_travel_schedules`.`date` = \'2025-08-13\'
AND `bus_travel_schedules`.`date` >= \'2025-08-11\'')
 4 FCPATH\vendor\codeigniter4\framework\system\Database\BaseBuilder.php(1649): CodeIgniter\Database\BaseConnection->query('SELECT `buses`.`buses_tb_id`, `buses`.`bus_name`, `buses`.`bus_no`, `buses`.`bus_type`
FROM `bus_trav_sched_tb`
JOIN `buses` ON `buses`.`buses_tb_id` = `bus_travel_schedules`.`buses_tb_id`
WHERE `bus_travel_schedules`.`date` = :bus_travel_schedules.date:
AND `bus_travel_schedules`.`date` >= :bus_travel_schedules.date.1:', [...], false)
 5 FCPATH\vendor\codeigniter4\framework\system\Model.php(286): CodeIgniter\Database\BaseBuilder->get()
 6 FCPATH\vendor\codeigniter4\framework\system\BaseModel.php(675): CodeIgniter\Model->doFindAll(0, 0)
 7 APPPATH\Controllers\Pages\Schedules.php(190): CodeIgniter\BaseModel->findAll()
 8 FCPATH\vendor\codeigniter4\framework\system\CodeIgniter.php(933): App\Controllers\Pages\Schedules->getBusesByDate()
 9 FCPATH\vendor\codeigniter4\framework\system\CodeIgniter.php(507): CodeIgniter\CodeIgniter->runController(Object(App\Controllers\Pages\Schedules))
10 FCPATH\vendor\codeigniter4\framework\system\CodeIgniter.php(354): CodeIgniter\CodeIgniter->handleRequest(null, Object(Config\Cache), false)
11 SYSTEMPATH\Boot.php(334): CodeIgniter\CodeIgniter->run()
12 SYSTEMPATH\Boot.php(67): CodeIgniter\Boot::runCodeIgniter(Object(CodeIgniter\CodeIgniter))
13 FCPATH\index.php(56): CodeIgniter\Boot::bootWeb(Object(Config\Paths))
ERROR - 2025-08-11 18:01:36 --> mysqli_sql_exception: Table 'u474266573_db_brs.buses' doesn't exist in C:\xampp\htdocs\Bus-Reservation-System\vendor\codeigniter4\framework\system\Database\MySQLi\Connection.php:327
Stack trace:
#0 C:\xampp\htdocs\Bus-Reservation-System\vendor\codeigniter4\framework\system\Database\MySQLi\Connection.php(327): mysqli->query('SELECT `buses`....', 0)
#1 C:\xampp\htdocs\Bus-Reservation-System\vendor\codeigniter4\framework\system\Database\BaseConnection.php(738): CodeIgniter\Database\MySQLi\Connection->execute('SELECT `buses`....')
#2 C:\xampp\htdocs\Bus-Reservation-System\vendor\codeigniter4\framework\system\Database\BaseConnection.php(652): CodeIgniter\Database\BaseConnection->simpleQuery('SELECT `buses`....')
#3 C:\xampp\htdocs\Bus-Reservation-System\vendor\codeigniter4\framework\system\Database\BaseBuilder.php(1649): CodeIgniter\Database\BaseConnection->query('SELECT `buses`....', Array, false)
#4 C:\xampp\htdocs\Bus-Reservation-System\vendor\codeigniter4\framework\system\Model.php(286): CodeIgniter\Database\BaseBuilder->get()
#5 C:\xampp\htdocs\Bus-Reservation-System\vendor\codeigniter4\framework\system\BaseModel.php(675): CodeIgniter\Model->doFindAll(0, 0)
#6 C:\xampp\htdocs\Bus-Reservation-System\app\Controllers\Pages\Schedules.php(190): CodeIgniter\BaseModel->findAll()
#7 C:\xampp\htdocs\Bus-Reservation-System\vendor\codeigniter4\framework\system\CodeIgniter.php(933): App\Controllers\Pages\Schedules->getBusesByDate()
#8 C:\xampp\htdocs\Bus-Reservation-System\vendor\codeigniter4\framework\system\CodeIgniter.php(507): CodeIgniter\CodeIgniter->runController(Object(App\Controllers\Pages\Schedules))
#9 C:\xampp\htdocs\Bus-Reservation-System\vendor\codeigniter4\framework\system\CodeIgniter.php(354): CodeIgniter\CodeIgniter->handleRequest(NULL, Object(Config\Cache), false)
#10 C:\xampp\htdocs\Bus-Reservation-System\system\Boot.php(334): CodeIgniter\CodeIgniter->run()
#11 C:\xampp\htdocs\Bus-Reservation-System\system\Boot.php(67): CodeIgniter\Boot::runCodeIgniter(Object(CodeIgniter\CodeIgniter))
#12 C:\xampp\htdocs\Bus-Reservation-System\index.php(56): CodeIgniter\Boot::bootWeb(Object(Config\Paths))
#13 {main}
CRITICAL - 2025-08-11 18:01:36 --> CodeIgniter\Database\Exceptions\DatabaseException: Table 'u474266573_db_brs.buses' doesn't exist
[Method: POST, Route: admin/schedules/getBusesByDate]
in FCPATH\vendor\codeigniter4\framework\system\Database\BaseConnection.php on line 692.
 1 FCPATH\vendor\codeigniter4\framework\system\Database\BaseBuilder.php(1649): CodeIgniter\Database\BaseConnection->query('SELECT `buses`.`buses_tb_id`, `buses`.`bus_name`, `buses`.`bus_no`, `buses`.`bus_type`
FROM `bus_trav_sched_tb`
JOIN `buses` ON `buses`.`buses_tb_id` = `bus_travel_schedules`.`buses_tb_id`
WHERE `bus_travel_schedules`.`date` = :bus_travel_schedules.date:
AND `bus_travel_schedules`.`date` >= :bus_travel_schedules.date.1:', [...], false)
 2 FCPATH\vendor\codeigniter4\framework\system\Model.php(286): CodeIgniter\Database\BaseBuilder->get()
 3 FCPATH\vendor\codeigniter4\framework\system\BaseModel.php(675): CodeIgniter\Model->doFindAll(0, 0)
 4 APPPATH\Controllers\Pages\Schedules.php(190): CodeIgniter\BaseModel->findAll()
 5 FCPATH\vendor\codeigniter4\framework\system\CodeIgniter.php(933): App\Controllers\Pages\Schedules->getBusesByDate()
 6 FCPATH\vendor\codeigniter4\framework\system\CodeIgniter.php(507): CodeIgniter\CodeIgniter->runController(Object(App\Controllers\Pages\Schedules))
 7 FCPATH\vendor\codeigniter4\framework\system\CodeIgniter.php(354): CodeIgniter\CodeIgniter->handleRequest(null, Object(Config\Cache), false)
 8 SYSTEMPATH\Boot.php(334): CodeIgniter\CodeIgniter->run()
 9 SYSTEMPATH\Boot.php(67): CodeIgniter\Boot::runCodeIgniter(Object(CodeIgniter\CodeIgniter))
10 FCPATH\index.php(56): CodeIgniter\Boot::bootWeb(Object(Config\Paths))
CRITICAL - 2025-08-11 18:01:36 --> [Caused by] CodeIgniter\Database\Exceptions\DatabaseException: Table 'u474266573_db_brs.buses' doesn't exist
in FCPATH\vendor\codeigniter4\framework\system\Database\MySQLi\Connection.php on line 332.
 1 FCPATH\vendor\codeigniter4\framework\system\Database\BaseConnection.php(738): CodeIgniter\Database\MySQLi\Connection->execute('SELECT `buses`.`buses_tb_id`, `buses`.`bus_name`, `buses`.`bus_no`, `buses`.`bus_type`
FROM `bus_trav_sched_tb`
JOIN `buses` ON `buses`.`buses_tb_id` = `bus_travel_schedules`.`buses_tb_id`
WHERE `bus_travel_schedules`.`date` = \'2025-08-13\'
AND `bus_travel_schedules`.`date` >= \'2025-08-11\'')
 2 FCPATH\vendor\codeigniter4\framework\system\Database\BaseConnection.php(652): CodeIgniter\Database\BaseConnection->simpleQuery('SELECT `buses`.`buses_tb_id`, `buses`.`bus_name`, `buses`.`bus_no`, `buses`.`bus_type`
FROM `bus_trav_sched_tb`
JOIN `buses` ON `buses`.`buses_tb_id` = `bus_travel_schedules`.`buses_tb_id`
WHERE `bus_travel_schedules`.`date` = \'2025-08-13\'
AND `bus_travel_schedules`.`date` >= \'2025-08-11\'')
 3 FCPATH\vendor\codeigniter4\framework\system\Database\BaseBuilder.php(1649): CodeIgniter\Database\BaseConnection->query('SELECT `buses`.`buses_tb_id`, `buses`.`bus_name`, `buses`.`bus_no`, `buses`.`bus_type`
FROM `bus_trav_sched_tb`
JOIN `buses` ON `buses`.`buses_tb_id` = `bus_travel_schedules`.`buses_tb_id`
WHERE `bus_travel_schedules`.`date` = :bus_travel_schedules.date:
AND `bus_travel_schedules`.`date` >= :bus_travel_schedules.date.1:', [...], false)
 4 FCPATH\vendor\codeigniter4\framework\system\Model.php(286): CodeIgniter\Database\BaseBuilder->get()
 5 FCPATH\vendor\codeigniter4\framework\system\BaseModel.php(675): CodeIgniter\Model->doFindAll(0, 0)
 6 APPPATH\Controllers\Pages\Schedules.php(190): CodeIgniter\BaseModel->findAll()
 7 FCPATH\vendor\codeigniter4\framework\system\CodeIgniter.php(933): App\Controllers\Pages\Schedules->getBusesByDate()
 8 FCPATH\vendor\codeigniter4\framework\system\CodeIgniter.php(507): CodeIgniter\CodeIgniter->runController(Object(App\Controllers\Pages\Schedules))
 9 FCPATH\vendor\codeigniter4\framework\system\CodeIgniter.php(354): CodeIgniter\CodeIgniter->handleRequest(null, Object(Config\Cache), false)
10 SYSTEMPATH\Boot.php(334): CodeIgniter\CodeIgniter->run()
11 SYSTEMPATH\Boot.php(67): CodeIgniter\Boot::runCodeIgniter(Object(CodeIgniter\CodeIgniter))
12 FCPATH\index.php(56): CodeIgniter\Boot::bootWeb(Object(Config\Paths))
CRITICAL - 2025-08-11 18:01:36 --> [Caused by] mysqli_sql_exception: Table 'u474266573_db_brs.buses' doesn't exist
in FCPATH\vendor\codeigniter4\framework\system\Database\MySQLi\Connection.php on line 327.
 1 FCPATH\vendor\codeigniter4\framework\system\Database\MySQLi\Connection.php(327): mysqli->query('SELECT `buses`.`buses_tb_id`, `buses`.`bus_name`, `buses`.`bus_no`, `buses`.`bus_type`
FROM `bus_trav_sched_tb`
JOIN `buses` ON `buses`.`buses_tb_id` = `bus_travel_schedules`.`buses_tb_id`
WHERE `bus_travel_schedules`.`date` = \'2025-08-13\'
AND `bus_travel_schedules`.`date` >= \'2025-08-11\'', 0)
 2 FCPATH\vendor\codeigniter4\framework\system\Database\BaseConnection.php(738): CodeIgniter\Database\MySQLi\Connection->execute('SELECT `buses`.`buses_tb_id`, `buses`.`bus_name`, `buses`.`bus_no`, `buses`.`bus_type`
FROM `bus_trav_sched_tb`
JOIN `buses` ON `buses`.`buses_tb_id` = `bus_travel_schedules`.`buses_tb_id`
WHERE `bus_travel_schedules`.`date` = \'2025-08-13\'
AND `bus_travel_schedules`.`date` >= \'2025-08-11\'')
 3 FCPATH\vendor\codeigniter4\framework\system\Database\BaseConnection.php(652): CodeIgniter\Database\BaseConnection->simpleQuery('SELECT `buses`.`buses_tb_id`, `buses`.`bus_name`, `buses`.`bus_no`, `buses`.`bus_type`
FROM `bus_trav_sched_tb`
JOIN `buses` ON `buses`.`buses_tb_id` = `bus_travel_schedules`.`buses_tb_id`
WHERE `bus_travel_schedules`.`date` = \'2025-08-13\'
AND `bus_travel_schedules`.`date` >= \'2025-08-11\'')
 4 FCPATH\vendor\codeigniter4\framework\system\Database\BaseBuilder.php(1649): CodeIgniter\Database\BaseConnection->query('SELECT `buses`.`buses_tb_id`, `buses`.`bus_name`, `buses`.`bus_no`, `buses`.`bus_type`
FROM `bus_trav_sched_tb`
JOIN `buses` ON `buses`.`buses_tb_id` = `bus_travel_schedules`.`buses_tb_id`
WHERE `bus_travel_schedules`.`date` = :bus_travel_schedules.date:
AND `bus_travel_schedules`.`date` >= :bus_travel_schedules.date.1:', [...], false)
 5 FCPATH\vendor\codeigniter4\framework\system\Model.php(286): CodeIgniter\Database\BaseBuilder->get()
 6 FCPATH\vendor\codeigniter4\framework\system\BaseModel.php(675): CodeIgniter\Model->doFindAll(0, 0)
 7 APPPATH\Controllers\Pages\Schedules.php(190): CodeIgniter\BaseModel->findAll()
 8 FCPATH\vendor\codeigniter4\framework\system\CodeIgniter.php(933): App\Controllers\Pages\Schedules->getBusesByDate()
 9 FCPATH\vendor\codeigniter4\framework\system\CodeIgniter.php(507): CodeIgniter\CodeIgniter->runController(Object(App\Controllers\Pages\Schedules))
10 FCPATH\vendor\codeigniter4\framework\system\CodeIgniter.php(354): CodeIgniter\CodeIgniter->handleRequest(null, Object(Config\Cache), false)
11 SYSTEMPATH\Boot.php(334): CodeIgniter\CodeIgniter->run()
12 SYSTEMPATH\Boot.php(67): CodeIgniter\Boot::runCodeIgniter(Object(CodeIgniter\CodeIgniter))
13 FCPATH\index.php(56): CodeIgniter\Boot::bootWeb(Object(Config\Paths))
ERROR - 2025-08-11 18:01:37 --> mysqli_sql_exception: Table 'u474266573_db_brs.buses' doesn't exist in C:\xampp\htdocs\Bus-Reservation-System\vendor\codeigniter4\framework\system\Database\MySQLi\Connection.php:327
Stack trace:
#0 C:\xampp\htdocs\Bus-Reservation-System\vendor\codeigniter4\framework\system\Database\MySQLi\Connection.php(327): mysqli->query('SELECT `buses`....', 0)
#1 C:\xampp\htdocs\Bus-Reservation-System\vendor\codeigniter4\framework\system\Database\BaseConnection.php(738): CodeIgniter\Database\MySQLi\Connection->execute('SELECT `buses`....')
#2 C:\xampp\htdocs\Bus-Reservation-System\vendor\codeigniter4\framework\system\Database\BaseConnection.php(652): CodeIgniter\Database\BaseConnection->simpleQuery('SELECT `buses`....')
#3 C:\xampp\htdocs\Bus-Reservation-System\vendor\codeigniter4\framework\system\Database\BaseBuilder.php(1649): CodeIgniter\Database\BaseConnection->query('SELECT `buses`....', Array, false)
#4 C:\xampp\htdocs\Bus-Reservation-System\vendor\codeigniter4\framework\system\Model.php(286): CodeIgniter\Database\BaseBuilder->get()
#5 C:\xampp\htdocs\Bus-Reservation-System\vendor\codeigniter4\framework\system\BaseModel.php(675): CodeIgniter\Model->doFindAll(0, 0)
#6 C:\xampp\htdocs\Bus-Reservation-System\app\Controllers\Pages\Schedules.php(190): CodeIgniter\BaseModel->findAll()
#7 C:\xampp\htdocs\Bus-Reservation-System\vendor\codeigniter4\framework\system\CodeIgniter.php(933): App\Controllers\Pages\Schedules->getBusesByDate()
#8 C:\xampp\htdocs\Bus-Reservation-System\vendor\codeigniter4\framework\system\CodeIgniter.php(507): CodeIgniter\CodeIgniter->runController(Object(App\Controllers\Pages\Schedules))
#9 C:\xampp\htdocs\Bus-Reservation-System\vendor\codeigniter4\framework\system\CodeIgniter.php(354): CodeIgniter\CodeIgniter->handleRequest(NULL, Object(Config\Cache), false)
#10 C:\xampp\htdocs\Bus-Reservation-System\system\Boot.php(334): CodeIgniter\CodeIgniter->run()
#11 C:\xampp\htdocs\Bus-Reservation-System\system\Boot.php(67): CodeIgniter\Boot::runCodeIgniter(Object(CodeIgniter\CodeIgniter))
#12 C:\xampp\htdocs\Bus-Reservation-System\index.php(56): CodeIgniter\Boot::bootWeb(Object(Config\Paths))
#13 {main}
CRITICAL - 2025-08-11 18:01:37 --> CodeIgniter\Database\Exceptions\DatabaseException: Table 'u474266573_db_brs.buses' doesn't exist
[Method: POST, Route: admin/schedules/getBusesByDate]
in FCPATH\vendor\codeigniter4\framework\system\Database\BaseConnection.php on line 692.
 1 FCPATH\vendor\codeigniter4\framework\system\Database\BaseBuilder.php(1649): CodeIgniter\Database\BaseConnection->query('SELECT `buses`.`buses_tb_id`, `buses`.`bus_name`, `buses`.`bus_no`, `buses`.`bus_type`
FROM `bus_trav_sched_tb`
JOIN `buses` ON `buses`.`buses_tb_id` = `bus_travel_schedules`.`buses_tb_id`
WHERE `bus_travel_schedules`.`date` = :bus_travel_schedules.date:
AND `bus_travel_schedules`.`date` >= :bus_travel_schedules.date.1:', [...], false)
 2 FCPATH\vendor\codeigniter4\framework\system\Model.php(286): CodeIgniter\Database\BaseBuilder->get()
 3 FCPATH\vendor\codeigniter4\framework\system\BaseModel.php(675): CodeIgniter\Model->doFindAll(0, 0)
 4 APPPATH\Controllers\Pages\Schedules.php(190): CodeIgniter\BaseModel->findAll()
 5 FCPATH\vendor\codeigniter4\framework\system\CodeIgniter.php(933): App\Controllers\Pages\Schedules->getBusesByDate()
 6 FCPATH\vendor\codeigniter4\framework\system\CodeIgniter.php(507): CodeIgniter\CodeIgniter->runController(Object(App\Controllers\Pages\Schedules))
 7 FCPATH\vendor\codeigniter4\framework\system\CodeIgniter.php(354): CodeIgniter\CodeIgniter->handleRequest(null, Object(Config\Cache), false)
 8 SYSTEMPATH\Boot.php(334): CodeIgniter\CodeIgniter->run()
 9 SYSTEMPATH\Boot.php(67): CodeIgniter\Boot::runCodeIgniter(Object(CodeIgniter\CodeIgniter))
10 FCPATH\index.php(56): CodeIgniter\Boot::bootWeb(Object(Config\Paths))
CRITICAL - 2025-08-11 18:01:37 --> [Caused by] CodeIgniter\Database\Exceptions\DatabaseException: Table 'u474266573_db_brs.buses' doesn't exist
in FCPATH\vendor\codeigniter4\framework\system\Database\MySQLi\Connection.php on line 332.
 1 FCPATH\vendor\codeigniter4\framework\system\Database\BaseConnection.php(738): CodeIgniter\Database\MySQLi\Connection->execute('SELECT `buses`.`buses_tb_id`, `buses`.`bus_name`, `buses`.`bus_no`, `buses`.`bus_type`
FROM `bus_trav_sched_tb`
JOIN `buses` ON `buses`.`buses_tb_id` = `bus_travel_schedules`.`buses_tb_id`
WHERE `bus_travel_schedules`.`date` = \'2025-08-13\'
AND `bus_travel_schedules`.`date` >= \'2025-08-11\'')
 2 FCPATH\vendor\codeigniter4\framework\system\Database\BaseConnection.php(652): CodeIgniter\Database\BaseConnection->simpleQuery('SELECT `buses`.`buses_tb_id`, `buses`.`bus_name`, `buses`.`bus_no`, `buses`.`bus_type`
FROM `bus_trav_sched_tb`
JOIN `buses` ON `buses`.`buses_tb_id` = `bus_travel_schedules`.`buses_tb_id`
WHERE `bus_travel_schedules`.`date` = \'2025-08-13\'
AND `bus_travel_schedules`.`date` >= \'2025-08-11\'')
 3 FCPATH\vendor\codeigniter4\framework\system\Database\BaseBuilder.php(1649): CodeIgniter\Database\BaseConnection->query('SELECT `buses`.`buses_tb_id`, `buses`.`bus_name`, `buses`.`bus_no`, `buses`.`bus_type`
FROM `bus_trav_sched_tb`
JOIN `buses` ON `buses`.`buses_tb_id` = `bus_travel_schedules`.`buses_tb_id`
WHERE `bus_travel_schedules`.`date` = :bus_travel_schedules.date:
AND `bus_travel_schedules`.`date` >= :bus_travel_schedules.date.1:', [...], false)
 4 FCPATH\vendor\codeigniter4\framework\system\Model.php(286): CodeIgniter\Database\BaseBuilder->get()
 5 FCPATH\vendor\codeigniter4\framework\system\BaseModel.php(675): CodeIgniter\Model->doFindAll(0, 0)
 6 APPPATH\Controllers\Pages\Schedules.php(190): CodeIgniter\BaseModel->findAll()
 7 FCPATH\vendor\codeigniter4\framework\system\CodeIgniter.php(933): App\Controllers\Pages\Schedules->getBusesByDate()
 8 FCPATH\vendor\codeigniter4\framework\system\CodeIgniter.php(507): CodeIgniter\CodeIgniter->runController(Object(App\Controllers\Pages\Schedules))
 9 FCPATH\vendor\codeigniter4\framework\system\CodeIgniter.php(354): CodeIgniter\CodeIgniter->handleRequest(null, Object(Config\Cache), false)
10 SYSTEMPATH\Boot.php(334): CodeIgniter\CodeIgniter->run()
11 SYSTEMPATH\Boot.php(67): CodeIgniter\Boot::runCodeIgniter(Object(CodeIgniter\CodeIgniter))
12 FCPATH\index.php(56): CodeIgniter\Boot::bootWeb(Object(Config\Paths))
CRITICAL - 2025-08-11 18:01:37 --> [Caused by] mysqli_sql_exception: Table 'u474266573_db_brs.buses' doesn't exist
in FCPATH\vendor\codeigniter4\framework\system\Database\MySQLi\Connection.php on line 327.
 1 FCPATH\vendor\codeigniter4\framework\system\Database\MySQLi\Connection.php(327): mysqli->query('SELECT `buses`.`buses_tb_id`, `buses`.`bus_name`, `buses`.`bus_no`, `buses`.`bus_type`
FROM `bus_trav_sched_tb`
JOIN `buses` ON `buses`.`buses_tb_id` = `bus_travel_schedules`.`buses_tb_id`
WHERE `bus_travel_schedules`.`date` = \'2025-08-13\'
AND `bus_travel_schedules`.`date` >= \'2025-08-11\'', 0)
 2 FCPATH\vendor\codeigniter4\framework\system\Database\BaseConnection.php(738): CodeIgniter\Database\MySQLi\Connection->execute('SELECT `buses`.`buses_tb_id`, `buses`.`bus_name`, `buses`.`bus_no`, `buses`.`bus_type`
FROM `bus_trav_sched_tb`
JOIN `buses` ON `buses`.`buses_tb_id` = `bus_travel_schedules`.`buses_tb_id`
WHERE `bus_travel_schedules`.`date` = \'2025-08-13\'
AND `bus_travel_schedules`.`date` >= \'2025-08-11\'')
 3 FCPATH\vendor\codeigniter4\framework\system\Database\BaseConnection.php(652): CodeIgniter\Database\BaseConnection->simpleQuery('SELECT `buses`.`buses_tb_id`, `buses`.`bus_name`, `buses`.`bus_no`, `buses`.`bus_type`
FROM `bus_trav_sched_tb`
JOIN `buses` ON `buses`.`buses_tb_id` = `bus_travel_schedules`.`buses_tb_id`
WHERE `bus_travel_schedules`.`date` = \'2025-08-13\'
AND `bus_travel_schedules`.`date` >= \'2025-08-11\'')
 4 FCPATH\vendor\codeigniter4\framework\system\Database\BaseBuilder.php(1649): CodeIgniter\Database\BaseConnection->query('SELECT `buses`.`buses_tb_id`, `buses`.`bus_name`, `buses`.`bus_no`, `buses`.`bus_type`
FROM `bus_trav_sched_tb`
JOIN `buses` ON `buses`.`buses_tb_id` = `bus_travel_schedules`.`buses_tb_id`
WHERE `bus_travel_schedules`.`date` = :bus_travel_schedules.date:
AND `bus_travel_schedules`.`date` >= :bus_travel_schedules.date.1:', [...], false)
 5 FCPATH\vendor\codeigniter4\framework\system\Model.php(286): CodeIgniter\Database\BaseBuilder->get()
 6 FCPATH\vendor\codeigniter4\framework\system\BaseModel.php(675): CodeIgniter\Model->doFindAll(0, 0)
 7 APPPATH\Controllers\Pages\Schedules.php(190): CodeIgniter\BaseModel->findAll()
 8 FCPATH\vendor\codeigniter4\framework\system\CodeIgniter.php(933): App\Controllers\Pages\Schedules->getBusesByDate()
 9 FCPATH\vendor\codeigniter4\framework\system\CodeIgniter.php(507): CodeIgniter\CodeIgniter->runController(Object(App\Controllers\Pages\Schedules))
10 FCPATH\vendor\codeigniter4\framework\system\CodeIgniter.php(354): CodeIgniter\CodeIgniter->handleRequest(null, Object(Config\Cache), false)
11 SYSTEMPATH\Boot.php(334): CodeIgniter\CodeIgniter->run()
12 SYSTEMPATH\Boot.php(67): CodeIgniter\Boot::runCodeIgniter(Object(CodeIgniter\CodeIgniter))
13 FCPATH\index.php(56): CodeIgniter\Boot::bootWeb(Object(Config\Paths))
ERROR - 2025-08-11 18:01:38 --> mysqli_sql_exception: Table 'u474266573_db_brs.buses' doesn't exist in C:\xampp\htdocs\Bus-Reservation-System\vendor\codeigniter4\framework\system\Database\MySQLi\Connection.php:327
Stack trace:
#0 C:\xampp\htdocs\Bus-Reservation-System\vendor\codeigniter4\framework\system\Database\MySQLi\Connection.php(327): mysqli->query('SELECT `buses`....', 0)
#1 C:\xampp\htdocs\Bus-Reservation-System\vendor\codeigniter4\framework\system\Database\BaseConnection.php(738): CodeIgniter\Database\MySQLi\Connection->execute('SELECT `buses`....')
#2 C:\xampp\htdocs\Bus-Reservation-System\vendor\codeigniter4\framework\system\Database\BaseConnection.php(652): CodeIgniter\Database\BaseConnection->simpleQuery('SELECT `buses`....')
#3 C:\xampp\htdocs\Bus-Reservation-System\vendor\codeigniter4\framework\system\Database\BaseBuilder.php(1649): CodeIgniter\Database\BaseConnection->query('SELECT `buses`....', Array, false)
#4 C:\xampp\htdocs\Bus-Reservation-System\vendor\codeigniter4\framework\system\Model.php(286): CodeIgniter\Database\BaseBuilder->get()
#5 C:\xampp\htdocs\Bus-Reservation-System\vendor\codeigniter4\framework\system\BaseModel.php(675): CodeIgniter\Model->doFindAll(0, 0)
#6 C:\xampp\htdocs\Bus-Reservation-System\app\Controllers\Pages\Schedules.php(190): CodeIgniter\BaseModel->findAll()
#7 C:\xampp\htdocs\Bus-Reservation-System\vendor\codeigniter4\framework\system\CodeIgniter.php(933): App\Controllers\Pages\Schedules->getBusesByDate()
#8 C:\xampp\htdocs\Bus-Reservation-System\vendor\codeigniter4\framework\system\CodeIgniter.php(507): CodeIgniter\CodeIgniter->runController(Object(App\Controllers\Pages\Schedules))
#9 C:\xampp\htdocs\Bus-Reservation-System\vendor\codeigniter4\framework\system\CodeIgniter.php(354): CodeIgniter\CodeIgniter->handleRequest(NULL, Object(Config\Cache), false)
#10 C:\xampp\htdocs\Bus-Reservation-System\system\Boot.php(334): CodeIgniter\CodeIgniter->run()
#11 C:\xampp\htdocs\Bus-Reservation-System\system\Boot.php(67): CodeIgniter\Boot::runCodeIgniter(Object(CodeIgniter\CodeIgniter))
#12 C:\xampp\htdocs\Bus-Reservation-System\index.php(56): CodeIgniter\Boot::bootWeb(Object(Config\Paths))
#13 {main}
CRITICAL - 2025-08-11 18:01:38 --> CodeIgniter\Database\Exceptions\DatabaseException: Table 'u474266573_db_brs.buses' doesn't exist
[Method: POST, Route: admin/schedules/getBusesByDate]
in FCPATH\vendor\codeigniter4\framework\system\Database\BaseConnection.php on line 692.
 1 FCPATH\vendor\codeigniter4\framework\system\Database\BaseBuilder.php(1649): CodeIgniter\Database\BaseConnection->query('SELECT `buses`.`buses_tb_id`, `buses`.`bus_name`, `buses`.`bus_no`, `buses`.`bus_type`
FROM `bus_trav_sched_tb`
JOIN `buses` ON `buses`.`buses_tb_id` = `bus_travel_schedules`.`buses_tb_id`
WHERE `bus_travel_schedules`.`date` = :bus_travel_schedules.date:
AND `bus_travel_schedules`.`date` >= :bus_travel_schedules.date.1:', [...], false)
 2 FCPATH\vendor\codeigniter4\framework\system\Model.php(286): CodeIgniter\Database\BaseBuilder->get()
 3 FCPATH\vendor\codeigniter4\framework\system\BaseModel.php(675): CodeIgniter\Model->doFindAll(0, 0)
 4 APPPATH\Controllers\Pages\Schedules.php(190): CodeIgniter\BaseModel->findAll()
 5 FCPATH\vendor\codeigniter4\framework\system\CodeIgniter.php(933): App\Controllers\Pages\Schedules->getBusesByDate()
 6 FCPATH\vendor\codeigniter4\framework\system\CodeIgniter.php(507): CodeIgniter\CodeIgniter->runController(Object(App\Controllers\Pages\Schedules))
 7 FCPATH\vendor\codeigniter4\framework\system\CodeIgniter.php(354): CodeIgniter\CodeIgniter->handleRequest(null, Object(Config\Cache), false)
 8 SYSTEMPATH\Boot.php(334): CodeIgniter\CodeIgniter->run()
 9 SYSTEMPATH\Boot.php(67): CodeIgniter\Boot::runCodeIgniter(Object(CodeIgniter\CodeIgniter))
10 FCPATH\index.php(56): CodeIgniter\Boot::bootWeb(Object(Config\Paths))
CRITICAL - 2025-08-11 18:01:38 --> [Caused by] CodeIgniter\Database\Exceptions\DatabaseException: Table 'u474266573_db_brs.buses' doesn't exist
in FCPATH\vendor\codeigniter4\framework\system\Database\MySQLi\Connection.php on line 332.
 1 FCPATH\vendor\codeigniter4\framework\system\Database\BaseConnection.php(738): CodeIgniter\Database\MySQLi\Connection->execute('SELECT `buses`.`buses_tb_id`, `buses`.`bus_name`, `buses`.`bus_no`, `buses`.`bus_type`
FROM `bus_trav_sched_tb`
JOIN `buses` ON `buses`.`buses_tb_id` = `bus_travel_schedules`.`buses_tb_id`
WHERE `bus_travel_schedules`.`date` = \'2025-08-13\'
AND `bus_travel_schedules`.`date` >= \'2025-08-11\'')
 2 FCPATH\vendor\codeigniter4\framework\system\Database\BaseConnection.php(652): CodeIgniter\Database\BaseConnection->simpleQuery('SELECT `buses`.`buses_tb_id`, `buses`.`bus_name`, `buses`.`bus_no`, `buses`.`bus_type`
FROM `bus_trav_sched_tb`
JOIN `buses` ON `buses`.`buses_tb_id` = `bus_travel_schedules`.`buses_tb_id`
WHERE `bus_travel_schedules`.`date` = \'2025-08-13\'
AND `bus_travel_schedules`.`date` >= \'2025-08-11\'')
 3 FCPATH\vendor\codeigniter4\framework\system\Database\BaseBuilder.php(1649): CodeIgniter\Database\BaseConnection->query('SELECT `buses`.`buses_tb_id`, `buses`.`bus_name`, `buses`.`bus_no`, `buses`.`bus_type`
FROM `bus_trav_sched_tb`
JOIN `buses` ON `buses`.`buses_tb_id` = `bus_travel_schedules`.`buses_tb_id`
WHERE `bus_travel_schedules`.`date` = :bus_travel_schedules.date:
AND `bus_travel_schedules`.`date` >= :bus_travel_schedules.date.1:', [...], false)
 4 FCPATH\vendor\codeigniter4\framework\system\Model.php(286): CodeIgniter\Database\BaseBuilder->get()
 5 FCPATH\vendor\codeigniter4\framework\system\BaseModel.php(675): CodeIgniter\Model->doFindAll(0, 0)
 6 APPPATH\Controllers\Pages\Schedules.php(190): CodeIgniter\BaseModel->findAll()
 7 FCPATH\vendor\codeigniter4\framework\system\CodeIgniter.php(933): App\Controllers\Pages\Schedules->getBusesByDate()
 8 FCPATH\vendor\codeigniter4\framework\system\CodeIgniter.php(507): CodeIgniter\CodeIgniter->runController(Object(App\Controllers\Pages\Schedules))
 9 FCPATH\vendor\codeigniter4\framework\system\CodeIgniter.php(354): CodeIgniter\CodeIgniter->handleRequest(null, Object(Config\Cache), false)
10 SYSTEMPATH\Boot.php(334): CodeIgniter\CodeIgniter->run()
11 SYSTEMPATH\Boot.php(67): CodeIgniter\Boot::runCodeIgniter(Object(CodeIgniter\CodeIgniter))
12 FCPATH\index.php(56): CodeIgniter\Boot::bootWeb(Object(Config\Paths))
CRITICAL - 2025-08-11 18:01:38 --> [Caused by] mysqli_sql_exception: Table 'u474266573_db_brs.buses' doesn't exist
in FCPATH\vendor\codeigniter4\framework\system\Database\MySQLi\Connection.php on line 327.
 1 FCPATH\vendor\codeigniter4\framework\system\Database\MySQLi\Connection.php(327): mysqli->query('SELECT `buses`.`buses_tb_id`, `buses`.`bus_name`, `buses`.`bus_no`, `buses`.`bus_type`
FROM `bus_trav_sched_tb`
JOIN `buses` ON `buses`.`buses_tb_id` = `bus_travel_schedules`.`buses_tb_id`
WHERE `bus_travel_schedules`.`date` = \'2025-08-13\'
AND `bus_travel_schedules`.`date` >= \'2025-08-11\'', 0)
 2 FCPATH\vendor\codeigniter4\framework\system\Database\BaseConnection.php(738): CodeIgniter\Database\MySQLi\Connection->execute('SELECT `buses`.`buses_tb_id`, `buses`.`bus_name`, `buses`.`bus_no`, `buses`.`bus_type`
FROM `bus_trav_sched_tb`
JOIN `buses` ON `buses`.`buses_tb_id` = `bus_travel_schedules`.`buses_tb_id`
WHERE `bus_travel_schedules`.`date` = \'2025-08-13\'
AND `bus_travel_schedules`.`date` >= \'2025-08-11\'')
 3 FCPATH\vendor\codeigniter4\framework\system\Database\BaseConnection.php(652): CodeIgniter\Database\BaseConnection->simpleQuery('SELECT `buses`.`buses_tb_id`, `buses`.`bus_name`, `buses`.`bus_no`, `buses`.`bus_type`
FROM `bus_trav_sched_tb`
JOIN `buses` ON `buses`.`buses_tb_id` = `bus_travel_schedules`.`buses_tb_id`
WHERE `bus_travel_schedules`.`date` = \'2025-08-13\'
AND `bus_travel_schedules`.`date` >= \'2025-08-11\'')
 4 FCPATH\vendor\codeigniter4\framework\system\Database\BaseBuilder.php(1649): CodeIgniter\Database\BaseConnection->query('SELECT `buses`.`buses_tb_id`, `buses`.`bus_name`, `buses`.`bus_no`, `buses`.`bus_type`
FROM `bus_trav_sched_tb`
JOIN `buses` ON `buses`.`buses_tb_id` = `bus_travel_schedules`.`buses_tb_id`
WHERE `bus_travel_schedules`.`date` = :bus_travel_schedules.date:
AND `bus_travel_schedules`.`date` >= :bus_travel_schedules.date.1:', [...], false)
 5 FCPATH\vendor\codeigniter4\framework\system\Model.php(286): CodeIgniter\Database\BaseBuilder->get()
 6 FCPATH\vendor\codeigniter4\framework\system\BaseModel.php(675): CodeIgniter\Model->doFindAll(0, 0)
 7 APPPATH\Controllers\Pages\Schedules.php(190): CodeIgniter\BaseModel->findAll()
 8 FCPATH\vendor\codeigniter4\framework\system\CodeIgniter.php(933): App\Controllers\Pages\Schedules->getBusesByDate()
 9 FCPATH\vendor\codeigniter4\framework\system\CodeIgniter.php(507): CodeIgniter\CodeIgniter->runController(Object(App\Controllers\Pages\Schedules))
10 FCPATH\vendor\codeigniter4\framework\system\CodeIgniter.php(354): CodeIgniter\CodeIgniter->handleRequest(null, Object(Config\Cache), false)
11 SYSTEMPATH\Boot.php(334): CodeIgniter\CodeIgniter->run()
12 SYSTEMPATH\Boot.php(67): CodeIgniter\Boot::runCodeIgniter(Object(CodeIgniter\CodeIgniter))
13 FCPATH\index.php(56): CodeIgniter\Boot::bootWeb(Object(Config\Paths))
ERROR - 2025-08-11 18:02:56 --> mysqli_sql_exception: Table 'u474266573_db_brs.buses' doesn't exist in C:\xampp\htdocs\Bus-Reservation-System\vendor\codeigniter4\framework\system\Database\MySQLi\Connection.php:327
Stack trace:
#0 C:\xampp\htdocs\Bus-Reservation-System\vendor\codeigniter4\framework\system\Database\MySQLi\Connection.php(327): mysqli->query('SELECT `buses`....', 0)
#1 C:\xampp\htdocs\Bus-Reservation-System\vendor\codeigniter4\framework\system\Database\BaseConnection.php(738): CodeIgniter\Database\MySQLi\Connection->execute('SELECT `buses`....')
#2 C:\xampp\htdocs\Bus-Reservation-System\vendor\codeigniter4\framework\system\Database\BaseConnection.php(652): CodeIgniter\Database\BaseConnection->simpleQuery('SELECT `buses`....')
#3 C:\xampp\htdocs\Bus-Reservation-System\vendor\codeigniter4\framework\system\Database\BaseBuilder.php(1649): CodeIgniter\Database\BaseConnection->query('SELECT `buses`....', Array, false)
#4 C:\xampp\htdocs\Bus-Reservation-System\vendor\codeigniter4\framework\system\Model.php(286): CodeIgniter\Database\BaseBuilder->get()
#5 C:\xampp\htdocs\Bus-Reservation-System\vendor\codeigniter4\framework\system\BaseModel.php(675): CodeIgniter\Model->doFindAll(0, 0)
#6 C:\xampp\htdocs\Bus-Reservation-System\app\Controllers\Pages\Schedules.php(190): CodeIgniter\BaseModel->findAll()
#7 C:\xampp\htdocs\Bus-Reservation-System\vendor\codeigniter4\framework\system\CodeIgniter.php(933): App\Controllers\Pages\Schedules->getBusesByDate()
#8 C:\xampp\htdocs\Bus-Reservation-System\vendor\codeigniter4\framework\system\CodeIgniter.php(507): CodeIgniter\CodeIgniter->runController(Object(App\Controllers\Pages\Schedules))
#9 C:\xampp\htdocs\Bus-Reservation-System\vendor\codeigniter4\framework\system\CodeIgniter.php(354): CodeIgniter\CodeIgniter->handleRequest(NULL, Object(Config\Cache), false)
#10 C:\xampp\htdocs\Bus-Reservation-System\system\Boot.php(334): CodeIgniter\CodeIgniter->run()
#11 C:\xampp\htdocs\Bus-Reservation-System\system\Boot.php(67): CodeIgniter\Boot::runCodeIgniter(Object(CodeIgniter\CodeIgniter))
#12 C:\xampp\htdocs\Bus-Reservation-System\index.php(56): CodeIgniter\Boot::bootWeb(Object(Config\Paths))
#13 {main}
CRITICAL - 2025-08-11 18:02:56 --> CodeIgniter\Database\Exceptions\DatabaseException: Table 'u474266573_db_brs.buses' doesn't exist
[Method: POST, Route: admin/schedules/getBusesByDate]
in FCPATH\vendor\codeigniter4\framework\system\Database\BaseConnection.php on line 692.
 1 FCPATH\vendor\codeigniter4\framework\system\Database\BaseBuilder.php(1649): CodeIgniter\Database\BaseConnection->query('SELECT `buses`.`buses_tb_id`, `buses`.`bus_name`, `buses`.`bus_no`, `buses`.`bus_type`
FROM `bus_trav_sched_tb`
JOIN `buses` ON `buses`.`buses_tb_id` = `bus_travel_schedules`.`buses_tb_id`
WHERE `bus_travel_schedules`.`date` = :bus_travel_schedules.date:
AND `bus_travel_schedules`.`date` >= :bus_travel_schedules.date.1:', [...], false)
 2 FCPATH\vendor\codeigniter4\framework\system\Model.php(286): CodeIgniter\Database\BaseBuilder->get()
 3 FCPATH\vendor\codeigniter4\framework\system\BaseModel.php(675): CodeIgniter\Model->doFindAll(0, 0)
 4 APPPATH\Controllers\Pages\Schedules.php(190): CodeIgniter\BaseModel->findAll()
 5 FCPATH\vendor\codeigniter4\framework\system\CodeIgniter.php(933): App\Controllers\Pages\Schedules->getBusesByDate()
 6 FCPATH\vendor\codeigniter4\framework\system\CodeIgniter.php(507): CodeIgniter\CodeIgniter->runController(Object(App\Controllers\Pages\Schedules))
 7 FCPATH\vendor\codeigniter4\framework\system\CodeIgniter.php(354): CodeIgniter\CodeIgniter->handleRequest(null, Object(Config\Cache), false)
 8 SYSTEMPATH\Boot.php(334): CodeIgniter\CodeIgniter->run()
 9 SYSTEMPATH\Boot.php(67): CodeIgniter\Boot::runCodeIgniter(Object(CodeIgniter\CodeIgniter))
10 FCPATH\index.php(56): CodeIgniter\Boot::bootWeb(Object(Config\Paths))
CRITICAL - 2025-08-11 18:02:56 --> [Caused by] CodeIgniter\Database\Exceptions\DatabaseException: Table 'u474266573_db_brs.buses' doesn't exist
in FCPATH\vendor\codeigniter4\framework\system\Database\MySQLi\Connection.php on line 332.
 1 FCPATH\vendor\codeigniter4\framework\system\Database\BaseConnection.php(738): CodeIgniter\Database\MySQLi\Connection->execute('SELECT `buses`.`buses_tb_id`, `buses`.`bus_name`, `buses`.`bus_no`, `buses`.`bus_type`
FROM `bus_trav_sched_tb`
JOIN `buses` ON `buses`.`buses_tb_id` = `bus_travel_schedules`.`buses_tb_id`
WHERE `bus_travel_schedules`.`date` = \'2025-08-13\'
AND `bus_travel_schedules`.`date` >= \'2025-08-11\'')
 2 FCPATH\vendor\codeigniter4\framework\system\Database\BaseConnection.php(652): CodeIgniter\Database\BaseConnection->simpleQuery('SELECT `buses`.`buses_tb_id`, `buses`.`bus_name`, `buses`.`bus_no`, `buses`.`bus_type`
FROM `bus_trav_sched_tb`
JOIN `buses` ON `buses`.`buses_tb_id` = `bus_travel_schedules`.`buses_tb_id`
WHERE `bus_travel_schedules`.`date` = \'2025-08-13\'
AND `bus_travel_schedules`.`date` >= \'2025-08-11\'')
 3 FCPATH\vendor\codeigniter4\framework\system\Database\BaseBuilder.php(1649): CodeIgniter\Database\BaseConnection->query('SELECT `buses`.`buses_tb_id`, `buses`.`bus_name`, `buses`.`bus_no`, `buses`.`bus_type`
FROM `bus_trav_sched_tb`
JOIN `buses` ON `buses`.`buses_tb_id` = `bus_travel_schedules`.`buses_tb_id`
WHERE `bus_travel_schedules`.`date` = :bus_travel_schedules.date:
AND `bus_travel_schedules`.`date` >= :bus_travel_schedules.date.1:', [...], false)
 4 FCPATH\vendor\codeigniter4\framework\system\Model.php(286): CodeIgniter\Database\BaseBuilder->get()
 5 FCPATH\vendor\codeigniter4\framework\system\BaseModel.php(675): CodeIgniter\Model->doFindAll(0, 0)
 6 APPPATH\Controllers\Pages\Schedules.php(190): CodeIgniter\BaseModel->findAll()
 7 FCPATH\vendor\codeigniter4\framework\system\CodeIgniter.php(933): App\Controllers\Pages\Schedules->getBusesByDate()
 8 FCPATH\vendor\codeigniter4\framework\system\CodeIgniter.php(507): CodeIgniter\CodeIgniter->runController(Object(App\Controllers\Pages\Schedules))
 9 FCPATH\vendor\codeigniter4\framework\system\CodeIgniter.php(354): CodeIgniter\CodeIgniter->handleRequest(null, Object(Config\Cache), false)
10 SYSTEMPATH\Boot.php(334): CodeIgniter\CodeIgniter->run()
11 SYSTEMPATH\Boot.php(67): CodeIgniter\Boot::runCodeIgniter(Object(CodeIgniter\CodeIgniter))
12 FCPATH\index.php(56): CodeIgniter\Boot::bootWeb(Object(Config\Paths))
CRITICAL - 2025-08-11 18:02:56 --> [Caused by] mysqli_sql_exception: Table 'u474266573_db_brs.buses' doesn't exist
in FCPATH\vendor\codeigniter4\framework\system\Database\MySQLi\Connection.php on line 327.
 1 FCPATH\vendor\codeigniter4\framework\system\Database\MySQLi\Connection.php(327): mysqli->query('SELECT `buses`.`buses_tb_id`, `buses`.`bus_name`, `buses`.`bus_no`, `buses`.`bus_type`
FROM `bus_trav_sched_tb`
JOIN `buses` ON `buses`.`buses_tb_id` = `bus_travel_schedules`.`buses_tb_id`
WHERE `bus_travel_schedules`.`date` = \'2025-08-13\'
AND `bus_travel_schedules`.`date` >= \'2025-08-11\'', 0)
 2 FCPATH\vendor\codeigniter4\framework\system\Database\BaseConnection.php(738): CodeIgniter\Database\MySQLi\Connection->execute('SELECT `buses`.`buses_tb_id`, `buses`.`bus_name`, `buses`.`bus_no`, `buses`.`bus_type`
FROM `bus_trav_sched_tb`
JOIN `buses` ON `buses`.`buses_tb_id` = `bus_travel_schedules`.`buses_tb_id`
WHERE `bus_travel_schedules`.`date` = \'2025-08-13\'
AND `bus_travel_schedules`.`date` >= \'2025-08-11\'')
 3 FCPATH\vendor\codeigniter4\framework\system\Database\BaseConnection.php(652): CodeIgniter\Database\BaseConnection->simpleQuery('SELECT `buses`.`buses_tb_id`, `buses`.`bus_name`, `buses`.`bus_no`, `buses`.`bus_type`
FROM `bus_trav_sched_tb`
JOIN `buses` ON `buses`.`buses_tb_id` = `bus_travel_schedules`.`buses_tb_id`
WHERE `bus_travel_schedules`.`date` = \'2025-08-13\'
AND `bus_travel_schedules`.`date` >= \'2025-08-11\'')
 4 FCPATH\vendor\codeigniter4\framework\system\Database\BaseBuilder.php(1649): CodeIgniter\Database\BaseConnection->query('SELECT `buses`.`buses_tb_id`, `buses`.`bus_name`, `buses`.`bus_no`, `buses`.`bus_type`
FROM `bus_trav_sched_tb`
JOIN `buses` ON `buses`.`buses_tb_id` = `bus_travel_schedules`.`buses_tb_id`
WHERE `bus_travel_schedules`.`date` = :bus_travel_schedules.date:
AND `bus_travel_schedules`.`date` >= :bus_travel_schedules.date.1:', [...], false)
 5 FCPATH\vendor\codeigniter4\framework\system\Model.php(286): CodeIgniter\Database\BaseBuilder->get()
 6 FCPATH\vendor\codeigniter4\framework\system\BaseModel.php(675): CodeIgniter\Model->doFindAll(0, 0)
 7 APPPATH\Controllers\Pages\Schedules.php(190): CodeIgniter\BaseModel->findAll()
 8 FCPATH\vendor\codeigniter4\framework\system\CodeIgniter.php(933): App\Controllers\Pages\Schedules->getBusesByDate()
 9 FCPATH\vendor\codeigniter4\framework\system\CodeIgniter.php(507): CodeIgniter\CodeIgniter->runController(Object(App\Controllers\Pages\Schedules))
10 FCPATH\vendor\codeigniter4\framework\system\CodeIgniter.php(354): CodeIgniter\CodeIgniter->handleRequest(null, Object(Config\Cache), false)
11 SYSTEMPATH\Boot.php(334): CodeIgniter\CodeIgniter->run()
12 SYSTEMPATH\Boot.php(67): CodeIgniter\Boot::runCodeIgniter(Object(CodeIgniter\CodeIgniter))
13 FCPATH\index.php(56): CodeIgniter\Boot::bootWeb(Object(Config\Paths))
ERROR - 2025-08-11 18:05:07 --> mysqli_sql_exception: Table 'u474266573_db_brs.buses' doesn't exist in C:\xampp\htdocs\Bus-Reservation-System\vendor\codeigniter4\framework\system\Database\MySQLi\Connection.php:327
Stack trace:
#0 C:\xampp\htdocs\Bus-Reservation-System\vendor\codeigniter4\framework\system\Database\MySQLi\Connection.php(327): mysqli->query('SELECT `buses`....', 0)
#1 C:\xampp\htdocs\Bus-Reservation-System\vendor\codeigniter4\framework\system\Database\BaseConnection.php(738): CodeIgniter\Database\MySQLi\Connection->execute('SELECT `buses`....')
#2 C:\xampp\htdocs\Bus-Reservation-System\vendor\codeigniter4\framework\system\Database\BaseConnection.php(652): CodeIgniter\Database\BaseConnection->simpleQuery('SELECT `buses`....')
#3 C:\xampp\htdocs\Bus-Reservation-System\vendor\codeigniter4\framework\system\Database\BaseBuilder.php(1649): CodeIgniter\Database\BaseConnection->query('SELECT `buses`....', Array, false)
#4 C:\xampp\htdocs\Bus-Reservation-System\vendor\codeigniter4\framework\system\Model.php(286): CodeIgniter\Database\BaseBuilder->get()
#5 C:\xampp\htdocs\Bus-Reservation-System\vendor\codeigniter4\framework\system\BaseModel.php(675): CodeIgniter\Model->doFindAll(0, 0)
#6 C:\xampp\htdocs\Bus-Reservation-System\app\Controllers\Pages\Schedules.php(189): CodeIgniter\BaseModel->findAll()
#7 C:\xampp\htdocs\Bus-Reservation-System\vendor\codeigniter4\framework\system\CodeIgniter.php(933): App\Controllers\Pages\Schedules->getBusesByDate()
#8 C:\xampp\htdocs\Bus-Reservation-System\vendor\codeigniter4\framework\system\CodeIgniter.php(507): CodeIgniter\CodeIgniter->runController(Object(App\Controllers\Pages\Schedules))
#9 C:\xampp\htdocs\Bus-Reservation-System\vendor\codeigniter4\framework\system\CodeIgniter.php(354): CodeIgniter\CodeIgniter->handleRequest(NULL, Object(Config\Cache), false)
#10 C:\xampp\htdocs\Bus-Reservation-System\system\Boot.php(334): CodeIgniter\CodeIgniter->run()
#11 C:\xampp\htdocs\Bus-Reservation-System\system\Boot.php(67): CodeIgniter\Boot::runCodeIgniter(Object(CodeIgniter\CodeIgniter))
#12 C:\xampp\htdocs\Bus-Reservation-System\index.php(56): CodeIgniter\Boot::bootWeb(Object(Config\Paths))
#13 {main}
CRITICAL - 2025-08-11 18:05:07 --> CodeIgniter\Database\Exceptions\DatabaseException: Table 'u474266573_db_brs.buses' doesn't exist
[Method: POST, Route: admin/schedules/getBusesByDate]
in FCPATH\vendor\codeigniter4\framework\system\Database\BaseConnection.php on line 692.
 1 FCPATH\vendor\codeigniter4\framework\system\Database\BaseBuilder.php(1649): CodeIgniter\Database\BaseConnection->query('SELECT `buses`.`buses_tb_id`, `buses`.`bus_name`, `buses`.`bus_no`, `buses`.`bus_type`
FROM `bus_trav_sched_tb`
JOIN `buses` ON `buses`.`buses_tb_id` = `bus_travel_schedules`.`buses_tb_id`
WHERE `bus_travel_schedules`.`date` >= :bus_travel_schedules.date:', [...], false)
 2 FCPATH\vendor\codeigniter4\framework\system\Model.php(286): CodeIgniter\Database\BaseBuilder->get()
 3 FCPATH\vendor\codeigniter4\framework\system\BaseModel.php(675): CodeIgniter\Model->doFindAll(0, 0)
 4 APPPATH\Controllers\Pages\Schedules.php(189): CodeIgniter\BaseModel->findAll()
 5 FCPATH\vendor\codeigniter4\framework\system\CodeIgniter.php(933): App\Controllers\Pages\Schedules->getBusesByDate()
 6 FCPATH\vendor\codeigniter4\framework\system\CodeIgniter.php(507): CodeIgniter\CodeIgniter->runController(Object(App\Controllers\Pages\Schedules))
 7 FCPATH\vendor\codeigniter4\framework\system\CodeIgniter.php(354): CodeIgniter\CodeIgniter->handleRequest(null, Object(Config\Cache), false)
 8 SYSTEMPATH\Boot.php(334): CodeIgniter\CodeIgniter->run()
 9 SYSTEMPATH\Boot.php(67): CodeIgniter\Boot::runCodeIgniter(Object(CodeIgniter\CodeIgniter))
10 FCPATH\index.php(56): CodeIgniter\Boot::bootWeb(Object(Config\Paths))
CRITICAL - 2025-08-11 18:05:07 --> [Caused by] CodeIgniter\Database\Exceptions\DatabaseException: Table 'u474266573_db_brs.buses' doesn't exist
in FCPATH\vendor\codeigniter4\framework\system\Database\MySQLi\Connection.php on line 332.
 1 FCPATH\vendor\codeigniter4\framework\system\Database\BaseConnection.php(738): CodeIgniter\Database\MySQLi\Connection->execute('SELECT `buses`.`buses_tb_id`, `buses`.`bus_name`, `buses`.`bus_no`, `buses`.`bus_type`
FROM `bus_trav_sched_tb`
JOIN `buses` ON `buses`.`buses_tb_id` = `bus_travel_schedules`.`buses_tb_id`
WHERE `bus_travel_schedules`.`date` >= \'2025-08-11\'')
 2 FCPATH\vendor\codeigniter4\framework\system\Database\BaseConnection.php(652): CodeIgniter\Database\BaseConnection->simpleQuery('SELECT `buses`.`buses_tb_id`, `buses`.`bus_name`, `buses`.`bus_no`, `buses`.`bus_type`
FROM `bus_trav_sched_tb`
JOIN `buses` ON `buses`.`buses_tb_id` = `bus_travel_schedules`.`buses_tb_id`
WHERE `bus_travel_schedules`.`date` >= \'2025-08-11\'')
 3 FCPATH\vendor\codeigniter4\framework\system\Database\BaseBuilder.php(1649): CodeIgniter\Database\BaseConnection->query('SELECT `buses`.`buses_tb_id`, `buses`.`bus_name`, `buses`.`bus_no`, `buses`.`bus_type`
FROM `bus_trav_sched_tb`
JOIN `buses` ON `buses`.`buses_tb_id` = `bus_travel_schedules`.`buses_tb_id`
WHERE `bus_travel_schedules`.`date` >= :bus_travel_schedules.date:', [...], false)
 4 FCPATH\vendor\codeigniter4\framework\system\Model.php(286): CodeIgniter\Database\BaseBuilder->get()
 5 FCPATH\vendor\codeigniter4\framework\system\BaseModel.php(675): CodeIgniter\Model->doFindAll(0, 0)
 6 APPPATH\Controllers\Pages\Schedules.php(189): CodeIgniter\BaseModel->findAll()
 7 FCPATH\vendor\codeigniter4\framework\system\CodeIgniter.php(933): App\Controllers\Pages\Schedules->getBusesByDate()
 8 FCPATH\vendor\codeigniter4\framework\system\CodeIgniter.php(507): CodeIgniter\CodeIgniter->runController(Object(App\Controllers\Pages\Schedules))
 9 FCPATH\vendor\codeigniter4\framework\system\CodeIgniter.php(354): CodeIgniter\CodeIgniter->handleRequest(null, Object(Config\Cache), false)
10 SYSTEMPATH\Boot.php(334): CodeIgniter\CodeIgniter->run()
11 SYSTEMPATH\Boot.php(67): CodeIgniter\Boot::runCodeIgniter(Object(CodeIgniter\CodeIgniter))
12 FCPATH\index.php(56): CodeIgniter\Boot::bootWeb(Object(Config\Paths))
CRITICAL - 2025-08-11 18:05:07 --> [Caused by] mysqli_sql_exception: Table 'u474266573_db_brs.buses' doesn't exist
in FCPATH\vendor\codeigniter4\framework\system\Database\MySQLi\Connection.php on line 327.
 1 FCPATH\vendor\codeigniter4\framework\system\Database\MySQLi\Connection.php(327): mysqli->query('SELECT `buses`.`buses_tb_id`, `buses`.`bus_name`, `buses`.`bus_no`, `buses`.`bus_type`
FROM `bus_trav_sched_tb`
JOIN `buses` ON `buses`.`buses_tb_id` = `bus_travel_schedules`.`buses_tb_id`
WHERE `bus_travel_schedules`.`date` >= \'2025-08-11\'', 0)
 2 FCPATH\vendor\codeigniter4\framework\system\Database\BaseConnection.php(738): CodeIgniter\Database\MySQLi\Connection->execute('SELECT `buses`.`buses_tb_id`, `buses`.`bus_name`, `buses`.`bus_no`, `buses`.`bus_type`
FROM `bus_trav_sched_tb`
JOIN `buses` ON `buses`.`buses_tb_id` = `bus_travel_schedules`.`buses_tb_id`
WHERE `bus_travel_schedules`.`date` >= \'2025-08-11\'')
 3 FCPATH\vendor\codeigniter4\framework\system\Database\BaseConnection.php(652): CodeIgniter\Database\BaseConnection->simpleQuery('SELECT `buses`.`buses_tb_id`, `buses`.`bus_name`, `buses`.`bus_no`, `buses`.`bus_type`
FROM `bus_trav_sched_tb`
JOIN `buses` ON `buses`.`buses_tb_id` = `bus_travel_schedules`.`buses_tb_id`
WHERE `bus_travel_schedules`.`date` >= \'2025-08-11\'')
 4 FCPATH\vendor\codeigniter4\framework\system\Database\BaseBuilder.php(1649): CodeIgniter\Database\BaseConnection->query('SELECT `buses`.`buses_tb_id`, `buses`.`bus_name`, `buses`.`bus_no`, `buses`.`bus_type`
FROM `bus_trav_sched_tb`
JOIN `buses` ON `buses`.`buses_tb_id` = `bus_travel_schedules`.`buses_tb_id`
WHERE `bus_travel_schedules`.`date` >= :bus_travel_schedules.date:', [...], false)
 5 FCPATH\vendor\codeigniter4\framework\system\Model.php(286): CodeIgniter\Database\BaseBuilder->get()
 6 FCPATH\vendor\codeigniter4\framework\system\BaseModel.php(675): CodeIgniter\Model->doFindAll(0, 0)
 7 APPPATH\Controllers\Pages\Schedules.php(189): CodeIgniter\BaseModel->findAll()
 8 FCPATH\vendor\codeigniter4\framework\system\CodeIgniter.php(933): App\Controllers\Pages\Schedules->getBusesByDate()
 9 FCPATH\vendor\codeigniter4\framework\system\CodeIgniter.php(507): CodeIgniter\CodeIgniter->runController(Object(App\Controllers\Pages\Schedules))
10 FCPATH\vendor\codeigniter4\framework\system\CodeIgniter.php(354): CodeIgniter\CodeIgniter->handleRequest(null, Object(Config\Cache), false)
11 SYSTEMPATH\Boot.php(334): CodeIgniter\CodeIgniter->run()
12 SYSTEMPATH\Boot.php(67): CodeIgniter\Boot::runCodeIgniter(Object(CodeIgniter\CodeIgniter))
13 FCPATH\index.php(56): CodeIgniter\Boot::bootWeb(Object(Config\Paths))
ERROR - 2025-08-11 18:05:17 --> mysqli_sql_exception: Table 'u474266573_db_brs.buses' doesn't exist in C:\xampp\htdocs\Bus-Reservation-System\vendor\codeigniter4\framework\system\Database\MySQLi\Connection.php:327
Stack trace:
#0 C:\xampp\htdocs\Bus-Reservation-System\vendor\codeigniter4\framework\system\Database\MySQLi\Connection.php(327): mysqli->query('SELECT `buses`....', 0)
#1 C:\xampp\htdocs\Bus-Reservation-System\vendor\codeigniter4\framework\system\Database\BaseConnection.php(738): CodeIgniter\Database\MySQLi\Connection->execute('SELECT `buses`....')
#2 C:\xampp\htdocs\Bus-Reservation-System\vendor\codeigniter4\framework\system\Database\BaseConnection.php(652): CodeIgniter\Database\BaseConnection->simpleQuery('SELECT `buses`....')
#3 C:\xampp\htdocs\Bus-Reservation-System\vendor\codeigniter4\framework\system\Database\BaseBuilder.php(1649): CodeIgniter\Database\BaseConnection->query('SELECT `buses`....', Array, false)
#4 C:\xampp\htdocs\Bus-Reservation-System\vendor\codeigniter4\framework\system\Model.php(286): CodeIgniter\Database\BaseBuilder->get()
#5 C:\xampp\htdocs\Bus-Reservation-System\vendor\codeigniter4\framework\system\BaseModel.php(675): CodeIgniter\Model->doFindAll(0, 0)
#6 C:\xampp\htdocs\Bus-Reservation-System\app\Controllers\Pages\Schedules.php(189): CodeIgniter\BaseModel->findAll()
#7 C:\xampp\htdocs\Bus-Reservation-System\vendor\codeigniter4\framework\system\CodeIgniter.php(933): App\Controllers\Pages\Schedules->getBusesByDate()
#8 C:\xampp\htdocs\Bus-Reservation-System\vendor\codeigniter4\framework\system\CodeIgniter.php(507): CodeIgniter\CodeIgniter->runController(Object(App\Controllers\Pages\Schedules))
#9 C:\xampp\htdocs\Bus-Reservation-System\vendor\codeigniter4\framework\system\CodeIgniter.php(354): CodeIgniter\CodeIgniter->handleRequest(NULL, Object(Config\Cache), false)
#10 C:\xampp\htdocs\Bus-Reservation-System\system\Boot.php(334): CodeIgniter\CodeIgniter->run()
#11 C:\xampp\htdocs\Bus-Reservation-System\system\Boot.php(67): CodeIgniter\Boot::runCodeIgniter(Object(CodeIgniter\CodeIgniter))
#12 C:\xampp\htdocs\Bus-Reservation-System\index.php(56): CodeIgniter\Boot::bootWeb(Object(Config\Paths))
#13 {main}
CRITICAL - 2025-08-11 18:05:17 --> CodeIgniter\Database\Exceptions\DatabaseException: Table 'u474266573_db_brs.buses' doesn't exist
[Method: POST, Route: admin/schedules/getBusesByDate]
in FCPATH\vendor\codeigniter4\framework\system\Database\BaseConnection.php on line 692.
 1 FCPATH\vendor\codeigniter4\framework\system\Database\BaseBuilder.php(1649): CodeIgniter\Database\BaseConnection->query('SELECT `buses`.`buses_tb_id`, `buses`.`bus_name`, `buses`.`bus_no`, `buses`.`bus_type`
FROM `bus_trav_sched_tb`
JOIN `buses` ON `buses`.`buses_tb_id` = `bus_travel_schedules`.`buses_tb_id`
WHERE `bus_travel_schedules`.`date` >= :bus_travel_schedules.date:', [...], false)
 2 FCPATH\vendor\codeigniter4\framework\system\Model.php(286): CodeIgniter\Database\BaseBuilder->get()
 3 FCPATH\vendor\codeigniter4\framework\system\BaseModel.php(675): CodeIgniter\Model->doFindAll(0, 0)
 4 APPPATH\Controllers\Pages\Schedules.php(189): CodeIgniter\BaseModel->findAll()
 5 FCPATH\vendor\codeigniter4\framework\system\CodeIgniter.php(933): App\Controllers\Pages\Schedules->getBusesByDate()
 6 FCPATH\vendor\codeigniter4\framework\system\CodeIgniter.php(507): CodeIgniter\CodeIgniter->runController(Object(App\Controllers\Pages\Schedules))
 7 FCPATH\vendor\codeigniter4\framework\system\CodeIgniter.php(354): CodeIgniter\CodeIgniter->handleRequest(null, Object(Config\Cache), false)
 8 SYSTEMPATH\Boot.php(334): CodeIgniter\CodeIgniter->run()
 9 SYSTEMPATH\Boot.php(67): CodeIgniter\Boot::runCodeIgniter(Object(CodeIgniter\CodeIgniter))
10 FCPATH\index.php(56): CodeIgniter\Boot::bootWeb(Object(Config\Paths))
CRITICAL - 2025-08-11 18:05:17 --> [Caused by] CodeIgniter\Database\Exceptions\DatabaseException: Table 'u474266573_db_brs.buses' doesn't exist
in FCPATH\vendor\codeigniter4\framework\system\Database\MySQLi\Connection.php on line 332.
 1 FCPATH\vendor\codeigniter4\framework\system\Database\BaseConnection.php(738): CodeIgniter\Database\MySQLi\Connection->execute('SELECT `buses`.`buses_tb_id`, `buses`.`bus_name`, `buses`.`bus_no`, `buses`.`bus_type`
FROM `bus_trav_sched_tb`
JOIN `buses` ON `buses`.`buses_tb_id` = `bus_travel_schedules`.`buses_tb_id`
WHERE `bus_travel_schedules`.`date` >= \'2025-08-11\'')
 2 FCPATH\vendor\codeigniter4\framework\system\Database\BaseConnection.php(652): CodeIgniter\Database\BaseConnection->simpleQuery('SELECT `buses`.`buses_tb_id`, `buses`.`bus_name`, `buses`.`bus_no`, `buses`.`bus_type`
FROM `bus_trav_sched_tb`
JOIN `buses` ON `buses`.`buses_tb_id` = `bus_travel_schedules`.`buses_tb_id`
WHERE `bus_travel_schedules`.`date` >= \'2025-08-11\'')
 3 FCPATH\vendor\codeigniter4\framework\system\Database\BaseBuilder.php(1649): CodeIgniter\Database\BaseConnection->query('SELECT `buses`.`buses_tb_id`, `buses`.`bus_name`, `buses`.`bus_no`, `buses`.`bus_type`
FROM `bus_trav_sched_tb`
JOIN `buses` ON `buses`.`buses_tb_id` = `bus_travel_schedules`.`buses_tb_id`
WHERE `bus_travel_schedules`.`date` >= :bus_travel_schedules.date:', [...], false)
 4 FCPATH\vendor\codeigniter4\framework\system\Model.php(286): CodeIgniter\Database\BaseBuilder->get()
 5 FCPATH\vendor\codeigniter4\framework\system\BaseModel.php(675): CodeIgniter\Model->doFindAll(0, 0)
 6 APPPATH\Controllers\Pages\Schedules.php(189): CodeIgniter\BaseModel->findAll()
 7 FCPATH\vendor\codeigniter4\framework\system\CodeIgniter.php(933): App\Controllers\Pages\Schedules->getBusesByDate()
 8 FCPATH\vendor\codeigniter4\framework\system\CodeIgniter.php(507): CodeIgniter\CodeIgniter->runController(Object(App\Controllers\Pages\Schedules))
 9 FCPATH\vendor\codeigniter4\framework\system\CodeIgniter.php(354): CodeIgniter\CodeIgniter->handleRequest(null, Object(Config\Cache), false)
10 SYSTEMPATH\Boot.php(334): CodeIgniter\CodeIgniter->run()
11 SYSTEMPATH\Boot.php(67): CodeIgniter\Boot::runCodeIgniter(Object(CodeIgniter\CodeIgniter))
12 FCPATH\index.php(56): CodeIgniter\Boot::bootWeb(Object(Config\Paths))
CRITICAL - 2025-08-11 18:05:17 --> [Caused by] mysqli_sql_exception: Table 'u474266573_db_brs.buses' doesn't exist
in FCPATH\vendor\codeigniter4\framework\system\Database\MySQLi\Connection.php on line 327.
 1 FCPATH\vendor\codeigniter4\framework\system\Database\MySQLi\Connection.php(327): mysqli->query('SELECT `buses`.`buses_tb_id`, `buses`.`bus_name`, `buses`.`bus_no`, `buses`.`bus_type`
FROM `bus_trav_sched_tb`
JOIN `buses` ON `buses`.`buses_tb_id` = `bus_travel_schedules`.`buses_tb_id`
WHERE `bus_travel_schedules`.`date` >= \'2025-08-11\'', 0)
 2 FCPATH\vendor\codeigniter4\framework\system\Database\BaseConnection.php(738): CodeIgniter\Database\MySQLi\Connection->execute('SELECT `buses`.`buses_tb_id`, `buses`.`bus_name`, `buses`.`bus_no`, `buses`.`bus_type`
FROM `bus_trav_sched_tb`
JOIN `buses` ON `buses`.`buses_tb_id` = `bus_travel_schedules`.`buses_tb_id`
WHERE `bus_travel_schedules`.`date` >= \'2025-08-11\'')
 3 FCPATH\vendor\codeigniter4\framework\system\Database\BaseConnection.php(652): CodeIgniter\Database\BaseConnection->simpleQuery('SELECT `buses`.`buses_tb_id`, `buses`.`bus_name`, `buses`.`bus_no`, `buses`.`bus_type`
FROM `bus_trav_sched_tb`
JOIN `buses` ON `buses`.`buses_tb_id` = `bus_travel_schedules`.`buses_tb_id`
WHERE `bus_travel_schedules`.`date` >= \'2025-08-11\'')
 4 FCPATH\vendor\codeigniter4\framework\system\Database\BaseBuilder.php(1649): CodeIgniter\Database\BaseConnection->query('SELECT `buses`.`buses_tb_id`, `buses`.`bus_name`, `buses`.`bus_no`, `buses`.`bus_type`
FROM `bus_trav_sched_tb`
JOIN `buses` ON `buses`.`buses_tb_id` = `bus_travel_schedules`.`buses_tb_id`
WHERE `bus_travel_schedules`.`date` >= :bus_travel_schedules.date:', [...], false)
 5 FCPATH\vendor\codeigniter4\framework\system\Model.php(286): CodeIgniter\Database\BaseBuilder->get()
 6 FCPATH\vendor\codeigniter4\framework\system\BaseModel.php(675): CodeIgniter\Model->doFindAll(0, 0)
 7 APPPATH\Controllers\Pages\Schedules.php(189): CodeIgniter\BaseModel->findAll()
 8 FCPATH\vendor\codeigniter4\framework\system\CodeIgniter.php(933): App\Controllers\Pages\Schedules->getBusesByDate()
 9 FCPATH\vendor\codeigniter4\framework\system\CodeIgniter.php(507): CodeIgniter\CodeIgniter->runController(Object(App\Controllers\Pages\Schedules))
10 FCPATH\vendor\codeigniter4\framework\system\CodeIgniter.php(354): CodeIgniter\CodeIgniter->handleRequest(null, Object(Config\Cache), false)
11 SYSTEMPATH\Boot.php(334): CodeIgniter\CodeIgniter->run()
12 SYSTEMPATH\Boot.php(67): CodeIgniter\Boot::runCodeIgniter(Object(CodeIgniter\CodeIgniter))
13 FCPATH\index.php(56): CodeIgniter\Boot::bootWeb(Object(Config\Paths))
ERROR - 2025-08-11 18:05:17 --> mysqli_sql_exception: Table 'u474266573_db_brs.buses' doesn't exist in C:\xampp\htdocs\Bus-Reservation-System\vendor\codeigniter4\framework\system\Database\MySQLi\Connection.php:327
Stack trace:
#0 C:\xampp\htdocs\Bus-Reservation-System\vendor\codeigniter4\framework\system\Database\MySQLi\Connection.php(327): mysqli->query('SELECT `buses`....', 0)
#1 C:\xampp\htdocs\Bus-Reservation-System\vendor\codeigniter4\framework\system\Database\BaseConnection.php(738): CodeIgniter\Database\MySQLi\Connection->execute('SELECT `buses`....')
#2 C:\xampp\htdocs\Bus-Reservation-System\vendor\codeigniter4\framework\system\Database\BaseConnection.php(652): CodeIgniter\Database\BaseConnection->simpleQuery('SELECT `buses`....')
#3 C:\xampp\htdocs\Bus-Reservation-System\vendor\codeigniter4\framework\system\Database\BaseBuilder.php(1649): CodeIgniter\Database\BaseConnection->query('SELECT `buses`....', Array, false)
#4 C:\xampp\htdocs\Bus-Reservation-System\vendor\codeigniter4\framework\system\Model.php(286): CodeIgniter\Database\BaseBuilder->get()
#5 C:\xampp\htdocs\Bus-Reservation-System\vendor\codeigniter4\framework\system\BaseModel.php(675): CodeIgniter\Model->doFindAll(0, 0)
#6 C:\xampp\htdocs\Bus-Reservation-System\app\Controllers\Pages\Schedules.php(189): CodeIgniter\BaseModel->findAll()
#7 C:\xampp\htdocs\Bus-Reservation-System\vendor\codeigniter4\framework\system\CodeIgniter.php(933): App\Controllers\Pages\Schedules->getBusesByDate()
#8 C:\xampp\htdocs\Bus-Reservation-System\vendor\codeigniter4\framework\system\CodeIgniter.php(507): CodeIgniter\CodeIgniter->runController(Object(App\Controllers\Pages\Schedules))
#9 C:\xampp\htdocs\Bus-Reservation-System\vendor\codeigniter4\framework\system\CodeIgniter.php(354): CodeIgniter\CodeIgniter->handleRequest(NULL, Object(Config\Cache), false)
#10 C:\xampp\htdocs\Bus-Reservation-System\system\Boot.php(334): CodeIgniter\CodeIgniter->run()
#11 C:\xampp\htdocs\Bus-Reservation-System\system\Boot.php(67): CodeIgniter\Boot::runCodeIgniter(Object(CodeIgniter\CodeIgniter))
#12 C:\xampp\htdocs\Bus-Reservation-System\index.php(56): CodeIgniter\Boot::bootWeb(Object(Config\Paths))
#13 {main}
CRITICAL - 2025-08-11 18:05:17 --> CodeIgniter\Database\Exceptions\DatabaseException: Table 'u474266573_db_brs.buses' doesn't exist
[Method: POST, Route: admin/schedules/getBusesByDate]
in FCPATH\vendor\codeigniter4\framework\system\Database\BaseConnection.php on line 692.
 1 FCPATH\vendor\codeigniter4\framework\system\Database\BaseBuilder.php(1649): CodeIgniter\Database\BaseConnection->query('SELECT `buses`.`buses_tb_id`, `buses`.`bus_name`, `buses`.`bus_no`, `buses`.`bus_type`
FROM `bus_trav_sched_tb`
JOIN `buses` ON `buses`.`buses_tb_id` = `bus_travel_schedules`.`buses_tb_id`
WHERE `bus_travel_schedules`.`date` >= :bus_travel_schedules.date:', [...], false)
 2 FCPATH\vendor\codeigniter4\framework\system\Model.php(286): CodeIgniter\Database\BaseBuilder->get()
 3 FCPATH\vendor\codeigniter4\framework\system\BaseModel.php(675): CodeIgniter\Model->doFindAll(0, 0)
 4 APPPATH\Controllers\Pages\Schedules.php(189): CodeIgniter\BaseModel->findAll()
 5 FCPATH\vendor\codeigniter4\framework\system\CodeIgniter.php(933): App\Controllers\Pages\Schedules->getBusesByDate()
 6 FCPATH\vendor\codeigniter4\framework\system\CodeIgniter.php(507): CodeIgniter\CodeIgniter->runController(Object(App\Controllers\Pages\Schedules))
 7 FCPATH\vendor\codeigniter4\framework\system\CodeIgniter.php(354): CodeIgniter\CodeIgniter->handleRequest(null, Object(Config\Cache), false)
 8 SYSTEMPATH\Boot.php(334): CodeIgniter\CodeIgniter->run()
 9 SYSTEMPATH\Boot.php(67): CodeIgniter\Boot::runCodeIgniter(Object(CodeIgniter\CodeIgniter))
10 FCPATH\index.php(56): CodeIgniter\Boot::bootWeb(Object(Config\Paths))
CRITICAL - 2025-08-11 18:05:17 --> [Caused by] CodeIgniter\Database\Exceptions\DatabaseException: Table 'u474266573_db_brs.buses' doesn't exist
in FCPATH\vendor\codeigniter4\framework\system\Database\MySQLi\Connection.php on line 332.
 1 FCPATH\vendor\codeigniter4\framework\system\Database\BaseConnection.php(738): CodeIgniter\Database\MySQLi\Connection->execute('SELECT `buses`.`buses_tb_id`, `buses`.`bus_name`, `buses`.`bus_no`, `buses`.`bus_type`
FROM `bus_trav_sched_tb`
JOIN `buses` ON `buses`.`buses_tb_id` = `bus_travel_schedules`.`buses_tb_id`
WHERE `bus_travel_schedules`.`date` >= \'2025-08-11\'')
 2 FCPATH\vendor\codeigniter4\framework\system\Database\BaseConnection.php(652): CodeIgniter\Database\BaseConnection->simpleQuery('SELECT `buses`.`buses_tb_id`, `buses`.`bus_name`, `buses`.`bus_no`, `buses`.`bus_type`
FROM `bus_trav_sched_tb`
JOIN `buses` ON `buses`.`buses_tb_id` = `bus_travel_schedules`.`buses_tb_id`
WHERE `bus_travel_schedules`.`date` >= \'2025-08-11\'')
 3 FCPATH\vendor\codeigniter4\framework\system\Database\BaseBuilder.php(1649): CodeIgniter\Database\BaseConnection->query('SELECT `buses`.`buses_tb_id`, `buses`.`bus_name`, `buses`.`bus_no`, `buses`.`bus_type`
FROM `bus_trav_sched_tb`
JOIN `buses` ON `buses`.`buses_tb_id` = `bus_travel_schedules`.`buses_tb_id`
WHERE `bus_travel_schedules`.`date` >= :bus_travel_schedules.date:', [...], false)
 4 FCPATH\vendor\codeigniter4\framework\system\Model.php(286): CodeIgniter\Database\BaseBuilder->get()
 5 FCPATH\vendor\codeigniter4\framework\system\BaseModel.php(675): CodeIgniter\Model->doFindAll(0, 0)
 6 APPPATH\Controllers\Pages\Schedules.php(189): CodeIgniter\BaseModel->findAll()
 7 FCPATH\vendor\codeigniter4\framework\system\CodeIgniter.php(933): App\Controllers\Pages\Schedules->getBusesByDate()
 8 FCPATH\vendor\codeigniter4\framework\system\CodeIgniter.php(507): CodeIgniter\CodeIgniter->runController(Object(App\Controllers\Pages\Schedules))
 9 FCPATH\vendor\codeigniter4\framework\system\CodeIgniter.php(354): CodeIgniter\CodeIgniter->handleRequest(null, Object(Config\Cache), false)
10 SYSTEMPATH\Boot.php(334): CodeIgniter\CodeIgniter->run()
11 SYSTEMPATH\Boot.php(67): CodeIgniter\Boot::runCodeIgniter(Object(CodeIgniter\CodeIgniter))
12 FCPATH\index.php(56): CodeIgniter\Boot::bootWeb(Object(Config\Paths))
CRITICAL - 2025-08-11 18:05:17 --> [Caused by] mysqli_sql_exception: Table 'u474266573_db_brs.buses' doesn't exist
in FCPATH\vendor\codeigniter4\framework\system\Database\MySQLi\Connection.php on line 327.
 1 FCPATH\vendor\codeigniter4\framework\system\Database\MySQLi\Connection.php(327): mysqli->query('SELECT `buses`.`buses_tb_id`, `buses`.`bus_name`, `buses`.`bus_no`, `buses`.`bus_type`
FROM `bus_trav_sched_tb`
JOIN `buses` ON `buses`.`buses_tb_id` = `bus_travel_schedules`.`buses_tb_id`
WHERE `bus_travel_schedules`.`date` >= \'2025-08-11\'', 0)
 2 FCPATH\vendor\codeigniter4\framework\system\Database\BaseConnection.php(738): CodeIgniter\Database\MySQLi\Connection->execute('SELECT `buses`.`buses_tb_id`, `buses`.`bus_name`, `buses`.`bus_no`, `buses`.`bus_type`
FROM `bus_trav_sched_tb`
JOIN `buses` ON `buses`.`buses_tb_id` = `bus_travel_schedules`.`buses_tb_id`
WHERE `bus_travel_schedules`.`date` >= \'2025-08-11\'')
 3 FCPATH\vendor\codeigniter4\framework\system\Database\BaseConnection.php(652): CodeIgniter\Database\BaseConnection->simpleQuery('SELECT `buses`.`buses_tb_id`, `buses`.`bus_name`, `buses`.`bus_no`, `buses`.`bus_type`
FROM `bus_trav_sched_tb`
JOIN `buses` ON `buses`.`buses_tb_id` = `bus_travel_schedules`.`buses_tb_id`
WHERE `bus_travel_schedules`.`date` >= \'2025-08-11\'')
 4 FCPATH\vendor\codeigniter4\framework\system\Database\BaseBuilder.php(1649): CodeIgniter\Database\BaseConnection->query('SELECT `buses`.`buses_tb_id`, `buses`.`bus_name`, `buses`.`bus_no`, `buses`.`bus_type`
FROM `bus_trav_sched_tb`
JOIN `buses` ON `buses`.`buses_tb_id` = `bus_travel_schedules`.`buses_tb_id`
WHERE `bus_travel_schedules`.`date` >= :bus_travel_schedules.date:', [...], false)
 5 FCPATH\vendor\codeigniter4\framework\system\Model.php(286): CodeIgniter\Database\BaseBuilder->get()
 6 FCPATH\vendor\codeigniter4\framework\system\BaseModel.php(675): CodeIgniter\Model->doFindAll(0, 0)
 7 APPPATH\Controllers\Pages\Schedules.php(189): CodeIgniter\BaseModel->findAll()
 8 FCPATH\vendor\codeigniter4\framework\system\CodeIgniter.php(933): App\Controllers\Pages\Schedules->getBusesByDate()
 9 FCPATH\vendor\codeigniter4\framework\system\CodeIgniter.php(507): CodeIgniter\CodeIgniter->runController(Object(App\Controllers\Pages\Schedules))
10 FCPATH\vendor\codeigniter4\framework\system\CodeIgniter.php(354): CodeIgniter\CodeIgniter->handleRequest(null, Object(Config\Cache), false)
11 SYSTEMPATH\Boot.php(334): CodeIgniter\CodeIgniter->run()
12 SYSTEMPATH\Boot.php(67): CodeIgniter\Boot::runCodeIgniter(Object(CodeIgniter\CodeIgniter))
13 FCPATH\index.php(56): CodeIgniter\Boot::bootWeb(Object(Config\Paths))
ERROR - 2025-08-11 18:08:53 --> mysqli_sql_exception: Table 'u474266573_db_brs.buses' doesn't exist in C:\xampp\htdocs\Bus-Reservation-System\vendor\codeigniter4\framework\system\Database\MySQLi\Connection.php:327
Stack trace:
#0 C:\xampp\htdocs\Bus-Reservation-System\vendor\codeigniter4\framework\system\Database\MySQLi\Connection.php(327): mysqli->query('SELECT `buses`....', 0)
#1 C:\xampp\htdocs\Bus-Reservation-System\vendor\codeigniter4\framework\system\Database\BaseConnection.php(738): CodeIgniter\Database\MySQLi\Connection->execute('SELECT `buses`....')
#2 C:\xampp\htdocs\Bus-Reservation-System\vendor\codeigniter4\framework\system\Database\BaseConnection.php(652): CodeIgniter\Database\BaseConnection->simpleQuery('SELECT `buses`....')
#3 C:\xampp\htdocs\Bus-Reservation-System\vendor\codeigniter4\framework\system\Database\BaseBuilder.php(1649): CodeIgniter\Database\BaseConnection->query('SELECT `buses`....', Array, false)
#4 C:\xampp\htdocs\Bus-Reservation-System\vendor\codeigniter4\framework\system\Model.php(286): CodeIgniter\Database\BaseBuilder->get()
#5 C:\xampp\htdocs\Bus-Reservation-System\vendor\codeigniter4\framework\system\BaseModel.php(675): CodeIgniter\Model->doFindAll(0, 0)
#6 C:\xampp\htdocs\Bus-Reservation-System\app\Controllers\Pages\Schedules.php(189): CodeIgniter\BaseModel->findAll()
#7 C:\xampp\htdocs\Bus-Reservation-System\vendor\codeigniter4\framework\system\CodeIgniter.php(933): App\Controllers\Pages\Schedules->getBusesByDate()
#8 C:\xampp\htdocs\Bus-Reservation-System\vendor\codeigniter4\framework\system\CodeIgniter.php(507): CodeIgniter\CodeIgniter->runController(Object(App\Controllers\Pages\Schedules))
#9 C:\xampp\htdocs\Bus-Reservation-System\vendor\codeigniter4\framework\system\CodeIgniter.php(354): CodeIgniter\CodeIgniter->handleRequest(NULL, Object(Config\Cache), false)
#10 C:\xampp\htdocs\Bus-Reservation-System\system\Boot.php(334): CodeIgniter\CodeIgniter->run()
#11 C:\xampp\htdocs\Bus-Reservation-System\system\Boot.php(67): CodeIgniter\Boot::runCodeIgniter(Object(CodeIgniter\CodeIgniter))
#12 C:\xampp\htdocs\Bus-Reservation-System\index.php(56): CodeIgniter\Boot::bootWeb(Object(Config\Paths))
#13 {main}
CRITICAL - 2025-08-11 18:08:53 --> CodeIgniter\Database\Exceptions\DatabaseException: Table 'u474266573_db_brs.buses' doesn't exist
[Method: POST, Route: admin/schedules/getBusesByDate]
in FCPATH\vendor\codeigniter4\framework\system\Database\BaseConnection.php on line 692.
 1 FCPATH\vendor\codeigniter4\framework\system\Database\BaseBuilder.php(1649): CodeIgniter\Database\BaseConnection->query('SELECT `buses`.`buses_tb_id`, `buses`.`bus_name`, `buses`.`bus_no`, `buses`.`bus_type`
FROM `bus_trav_sched_tb`
JOIN `buses` ON `buses`.`buses_tb_id` = `bus_travel_schedules`.`buses_tb_id`
WHERE `bus_travel_schedules`.`date` >= :bus_travel_schedules.date:', [...], false)
 2 FCPATH\vendor\codeigniter4\framework\system\Model.php(286): CodeIgniter\Database\BaseBuilder->get()
 3 FCPATH\vendor\codeigniter4\framework\system\BaseModel.php(675): CodeIgniter\Model->doFindAll(0, 0)
 4 APPPATH\Controllers\Pages\Schedules.php(189): CodeIgniter\BaseModel->findAll()
 5 FCPATH\vendor\codeigniter4\framework\system\CodeIgniter.php(933): App\Controllers\Pages\Schedules->getBusesByDate()
 6 FCPATH\vendor\codeigniter4\framework\system\CodeIgniter.php(507): CodeIgniter\CodeIgniter->runController(Object(App\Controllers\Pages\Schedules))
 7 FCPATH\vendor\codeigniter4\framework\system\CodeIgniter.php(354): CodeIgniter\CodeIgniter->handleRequest(null, Object(Config\Cache), false)
 8 SYSTEMPATH\Boot.php(334): CodeIgniter\CodeIgniter->run()
 9 SYSTEMPATH\Boot.php(67): CodeIgniter\Boot::runCodeIgniter(Object(CodeIgniter\CodeIgniter))
10 FCPATH\index.php(56): CodeIgniter\Boot::bootWeb(Object(Config\Paths))
CRITICAL - 2025-08-11 18:08:53 --> [Caused by] CodeIgniter\Database\Exceptions\DatabaseException: Table 'u474266573_db_brs.buses' doesn't exist
in FCPATH\vendor\codeigniter4\framework\system\Database\MySQLi\Connection.php on line 332.
 1 FCPATH\vendor\codeigniter4\framework\system\Database\BaseConnection.php(738): CodeIgniter\Database\MySQLi\Connection->execute('SELECT `buses`.`buses_tb_id`, `buses`.`bus_name`, `buses`.`bus_no`, `buses`.`bus_type`
FROM `bus_trav_sched_tb`
JOIN `buses` ON `buses`.`buses_tb_id` = `bus_travel_schedules`.`buses_tb_id`
WHERE `bus_travel_schedules`.`date` >= \'2025-08-11\'')
 2 FCPATH\vendor\codeigniter4\framework\system\Database\BaseConnection.php(652): CodeIgniter\Database\BaseConnection->simpleQuery('SELECT `buses`.`buses_tb_id`, `buses`.`bus_name`, `buses`.`bus_no`, `buses`.`bus_type`
FROM `bus_trav_sched_tb`
JOIN `buses` ON `buses`.`buses_tb_id` = `bus_travel_schedules`.`buses_tb_id`
WHERE `bus_travel_schedules`.`date` >= \'2025-08-11\'')
 3 FCPATH\vendor\codeigniter4\framework\system\Database\BaseBuilder.php(1649): CodeIgniter\Database\BaseConnection->query('SELECT `buses`.`buses_tb_id`, `buses`.`bus_name`, `buses`.`bus_no`, `buses`.`bus_type`
FROM `bus_trav_sched_tb`
JOIN `buses` ON `buses`.`buses_tb_id` = `bus_travel_schedules`.`buses_tb_id`
WHERE `bus_travel_schedules`.`date` >= :bus_travel_schedules.date:', [...], false)
 4 FCPATH\vendor\codeigniter4\framework\system\Model.php(286): CodeIgniter\Database\BaseBuilder->get()
 5 FCPATH\vendor\codeigniter4\framework\system\BaseModel.php(675): CodeIgniter\Model->doFindAll(0, 0)
 6 APPPATH\Controllers\Pages\Schedules.php(189): CodeIgniter\BaseModel->findAll()
 7 FCPATH\vendor\codeigniter4\framework\system\CodeIgniter.php(933): App\Controllers\Pages\Schedules->getBusesByDate()
 8 FCPATH\vendor\codeigniter4\framework\system\CodeIgniter.php(507): CodeIgniter\CodeIgniter->runController(Object(App\Controllers\Pages\Schedules))
 9 FCPATH\vendor\codeigniter4\framework\system\CodeIgniter.php(354): CodeIgniter\CodeIgniter->handleRequest(null, Object(Config\Cache), false)
10 SYSTEMPATH\Boot.php(334): CodeIgniter\CodeIgniter->run()
11 SYSTEMPATH\Boot.php(67): CodeIgniter\Boot::runCodeIgniter(Object(CodeIgniter\CodeIgniter))
12 FCPATH\index.php(56): CodeIgniter\Boot::bootWeb(Object(Config\Paths))
CRITICAL - 2025-08-11 18:08:53 --> [Caused by] mysqli_sql_exception: Table 'u474266573_db_brs.buses' doesn't exist
in FCPATH\vendor\codeigniter4\framework\system\Database\MySQLi\Connection.php on line 327.
 1 FCPATH\vendor\codeigniter4\framework\system\Database\MySQLi\Connection.php(327): mysqli->query('SELECT `buses`.`buses_tb_id`, `buses`.`bus_name`, `buses`.`bus_no`, `buses`.`bus_type`
FROM `bus_trav_sched_tb`
JOIN `buses` ON `buses`.`buses_tb_id` = `bus_travel_schedules`.`buses_tb_id`
WHERE `bus_travel_schedules`.`date` >= \'2025-08-11\'', 0)
 2 FCPATH\vendor\codeigniter4\framework\system\Database\BaseConnection.php(738): CodeIgniter\Database\MySQLi\Connection->execute('SELECT `buses`.`buses_tb_id`, `buses`.`bus_name`, `buses`.`bus_no`, `buses`.`bus_type`
FROM `bus_trav_sched_tb`
JOIN `buses` ON `buses`.`buses_tb_id` = `bus_travel_schedules`.`buses_tb_id`
WHERE `bus_travel_schedules`.`date` >= \'2025-08-11\'')
 3 FCPATH\vendor\codeigniter4\framework\system\Database\BaseConnection.php(652): CodeIgniter\Database\BaseConnection->simpleQuery('SELECT `buses`.`buses_tb_id`, `buses`.`bus_name`, `buses`.`bus_no`, `buses`.`bus_type`
FROM `bus_trav_sched_tb`
JOIN `buses` ON `buses`.`buses_tb_id` = `bus_travel_schedules`.`buses_tb_id`
WHERE `bus_travel_schedules`.`date` >= \'2025-08-11\'')
 4 FCPATH\vendor\codeigniter4\framework\system\Database\BaseBuilder.php(1649): CodeIgniter\Database\BaseConnection->query('SELECT `buses`.`buses_tb_id`, `buses`.`bus_name`, `buses`.`bus_no`, `buses`.`bus_type`
FROM `bus_trav_sched_tb`
JOIN `buses` ON `buses`.`buses_tb_id` = `bus_travel_schedules`.`buses_tb_id`
WHERE `bus_travel_schedules`.`date` >= :bus_travel_schedules.date:', [...], false)
 5 FCPATH\vendor\codeigniter4\framework\system\Model.php(286): CodeIgniter\Database\BaseBuilder->get()
 6 FCPATH\vendor\codeigniter4\framework\system\BaseModel.php(675): CodeIgniter\Model->doFindAll(0, 0)
 7 APPPATH\Controllers\Pages\Schedules.php(189): CodeIgniter\BaseModel->findAll()
 8 FCPATH\vendor\codeigniter4\framework\system\CodeIgniter.php(933): App\Controllers\Pages\Schedules->getBusesByDate()
 9 FCPATH\vendor\codeigniter4\framework\system\CodeIgniter.php(507): CodeIgniter\CodeIgniter->runController(Object(App\Controllers\Pages\Schedules))
10 FCPATH\vendor\codeigniter4\framework\system\CodeIgniter.php(354): CodeIgniter\CodeIgniter->handleRequest(null, Object(Config\Cache), false)
11 SYSTEMPATH\Boot.php(334): CodeIgniter\CodeIgniter->run()
12 SYSTEMPATH\Boot.php(67): CodeIgniter\Boot::runCodeIgniter(Object(CodeIgniter\CodeIgniter))
13 FCPATH\index.php(56): CodeIgniter\Boot::bootWeb(Object(Config\Paths))
ERROR - 2025-08-11 18:08:53 --> mysqli_sql_exception: Table 'u474266573_db_brs.buses' doesn't exist in C:\xampp\htdocs\Bus-Reservation-System\vendor\codeigniter4\framework\system\Database\MySQLi\Connection.php:327
Stack trace:
#0 C:\xampp\htdocs\Bus-Reservation-System\vendor\codeigniter4\framework\system\Database\MySQLi\Connection.php(327): mysqli->query('SELECT `buses`....', 0)
#1 C:\xampp\htdocs\Bus-Reservation-System\vendor\codeigniter4\framework\system\Database\BaseConnection.php(738): CodeIgniter\Database\MySQLi\Connection->execute('SELECT `buses`....')
#2 C:\xampp\htdocs\Bus-Reservation-System\vendor\codeigniter4\framework\system\Database\BaseConnection.php(652): CodeIgniter\Database\BaseConnection->simpleQuery('SELECT `buses`....')
#3 C:\xampp\htdocs\Bus-Reservation-System\vendor\codeigniter4\framework\system\Database\BaseBuilder.php(1649): CodeIgniter\Database\BaseConnection->query('SELECT `buses`....', Array, false)
#4 C:\xampp\htdocs\Bus-Reservation-System\vendor\codeigniter4\framework\system\Model.php(286): CodeIgniter\Database\BaseBuilder->get()
#5 C:\xampp\htdocs\Bus-Reservation-System\vendor\codeigniter4\framework\system\BaseModel.php(675): CodeIgniter\Model->doFindAll(0, 0)
#6 C:\xampp\htdocs\Bus-Reservation-System\app\Controllers\Pages\Schedules.php(189): CodeIgniter\BaseModel->findAll()
#7 C:\xampp\htdocs\Bus-Reservation-System\vendor\codeigniter4\framework\system\CodeIgniter.php(933): App\Controllers\Pages\Schedules->getBusesByDate()
#8 C:\xampp\htdocs\Bus-Reservation-System\vendor\codeigniter4\framework\system\CodeIgniter.php(507): CodeIgniter\CodeIgniter->runController(Object(App\Controllers\Pages\Schedules))
#9 C:\xampp\htdocs\Bus-Reservation-System\vendor\codeigniter4\framework\system\CodeIgniter.php(354): CodeIgniter\CodeIgniter->handleRequest(NULL, Object(Config\Cache), false)
#10 C:\xampp\htdocs\Bus-Reservation-System\system\Boot.php(334): CodeIgniter\CodeIgniter->run()
#11 C:\xampp\htdocs\Bus-Reservation-System\system\Boot.php(67): CodeIgniter\Boot::runCodeIgniter(Object(CodeIgniter\CodeIgniter))
#12 C:\xampp\htdocs\Bus-Reservation-System\index.php(56): CodeIgniter\Boot::bootWeb(Object(Config\Paths))
#13 {main}
CRITICAL - 2025-08-11 18:08:53 --> CodeIgniter\Database\Exceptions\DatabaseException: Table 'u474266573_db_brs.buses' doesn't exist
[Method: POST, Route: admin/schedules/getBusesByDate]
in FCPATH\vendor\codeigniter4\framework\system\Database\BaseConnection.php on line 692.
 1 FCPATH\vendor\codeigniter4\framework\system\Database\BaseBuilder.php(1649): CodeIgniter\Database\BaseConnection->query('SELECT `buses`.`buses_tb_id`, `buses`.`bus_name`, `buses`.`bus_no`, `buses`.`bus_type`
FROM `bus_trav_sched_tb`
JOIN `buses` ON `buses`.`buses_tb_id` = `bus_travel_schedules`.`buses_tb_id`
WHERE `bus_travel_schedules`.`date` >= :bus_travel_schedules.date:', [...], false)
 2 FCPATH\vendor\codeigniter4\framework\system\Model.php(286): CodeIgniter\Database\BaseBuilder->get()
 3 FCPATH\vendor\codeigniter4\framework\system\BaseModel.php(675): CodeIgniter\Model->doFindAll(0, 0)
 4 APPPATH\Controllers\Pages\Schedules.php(189): CodeIgniter\BaseModel->findAll()
 5 FCPATH\vendor\codeigniter4\framework\system\CodeIgniter.php(933): App\Controllers\Pages\Schedules->getBusesByDate()
 6 FCPATH\vendor\codeigniter4\framework\system\CodeIgniter.php(507): CodeIgniter\CodeIgniter->runController(Object(App\Controllers\Pages\Schedules))
 7 FCPATH\vendor\codeigniter4\framework\system\CodeIgniter.php(354): CodeIgniter\CodeIgniter->handleRequest(null, Object(Config\Cache), false)
 8 SYSTEMPATH\Boot.php(334): CodeIgniter\CodeIgniter->run()
 9 SYSTEMPATH\Boot.php(67): CodeIgniter\Boot::runCodeIgniter(Object(CodeIgniter\CodeIgniter))
10 FCPATH\index.php(56): CodeIgniter\Boot::bootWeb(Object(Config\Paths))
CRITICAL - 2025-08-11 18:08:53 --> [Caused by] CodeIgniter\Database\Exceptions\DatabaseException: Table 'u474266573_db_brs.buses' doesn't exist
in FCPATH\vendor\codeigniter4\framework\system\Database\MySQLi\Connection.php on line 332.
 1 FCPATH\vendor\codeigniter4\framework\system\Database\BaseConnection.php(738): CodeIgniter\Database\MySQLi\Connection->execute('SELECT `buses`.`buses_tb_id`, `buses`.`bus_name`, `buses`.`bus_no`, `buses`.`bus_type`
FROM `bus_trav_sched_tb`
JOIN `buses` ON `buses`.`buses_tb_id` = `bus_travel_schedules`.`buses_tb_id`
WHERE `bus_travel_schedules`.`date` >= \'2025-08-11\'')
 2 FCPATH\vendor\codeigniter4\framework\system\Database\BaseConnection.php(652): CodeIgniter\Database\BaseConnection->simpleQuery('SELECT `buses`.`buses_tb_id`, `buses`.`bus_name`, `buses`.`bus_no`, `buses`.`bus_type`
FROM `bus_trav_sched_tb`
JOIN `buses` ON `buses`.`buses_tb_id` = `bus_travel_schedules`.`buses_tb_id`
WHERE `bus_travel_schedules`.`date` >= \'2025-08-11\'')
 3 FCPATH\vendor\codeigniter4\framework\system\Database\BaseBuilder.php(1649): CodeIgniter\Database\BaseConnection->query('SELECT `buses`.`buses_tb_id`, `buses`.`bus_name`, `buses`.`bus_no`, `buses`.`bus_type`
FROM `bus_trav_sched_tb`
JOIN `buses` ON `buses`.`buses_tb_id` = `bus_travel_schedules`.`buses_tb_id`
WHERE `bus_travel_schedules`.`date` >= :bus_travel_schedules.date:', [...], false)
 4 FCPATH\vendor\codeigniter4\framework\system\Model.php(286): CodeIgniter\Database\BaseBuilder->get()
 5 FCPATH\vendor\codeigniter4\framework\system\BaseModel.php(675): CodeIgniter\Model->doFindAll(0, 0)
 6 APPPATH\Controllers\Pages\Schedules.php(189): CodeIgniter\BaseModel->findAll()
 7 FCPATH\vendor\codeigniter4\framework\system\CodeIgniter.php(933): App\Controllers\Pages\Schedules->getBusesByDate()
 8 FCPATH\vendor\codeigniter4\framework\system\CodeIgniter.php(507): CodeIgniter\CodeIgniter->runController(Object(App\Controllers\Pages\Schedules))
 9 FCPATH\vendor\codeigniter4\framework\system\CodeIgniter.php(354): CodeIgniter\CodeIgniter->handleRequest(null, Object(Config\Cache), false)
10 SYSTEMPATH\Boot.php(334): CodeIgniter\CodeIgniter->run()
11 SYSTEMPATH\Boot.php(67): CodeIgniter\Boot::runCodeIgniter(Object(CodeIgniter\CodeIgniter))
12 FCPATH\index.php(56): CodeIgniter\Boot::bootWeb(Object(Config\Paths))
CRITICAL - 2025-08-11 18:08:53 --> [Caused by] mysqli_sql_exception: Table 'u474266573_db_brs.buses' doesn't exist
in FCPATH\vendor\codeigniter4\framework\system\Database\MySQLi\Connection.php on line 327.
 1 FCPATH\vendor\codeigniter4\framework\system\Database\MySQLi\Connection.php(327): mysqli->query('SELECT `buses`.`buses_tb_id`, `buses`.`bus_name`, `buses`.`bus_no`, `buses`.`bus_type`
FROM `bus_trav_sched_tb`
JOIN `buses` ON `buses`.`buses_tb_id` = `bus_travel_schedules`.`buses_tb_id`
WHERE `bus_travel_schedules`.`date` >= \'2025-08-11\'', 0)
 2 FCPATH\vendor\codeigniter4\framework\system\Database\BaseConnection.php(738): CodeIgniter\Database\MySQLi\Connection->execute('SELECT `buses`.`buses_tb_id`, `buses`.`bus_name`, `buses`.`bus_no`, `buses`.`bus_type`
FROM `bus_trav_sched_tb`
JOIN `buses` ON `buses`.`buses_tb_id` = `bus_travel_schedules`.`buses_tb_id`
WHERE `bus_travel_schedules`.`date` >= \'2025-08-11\'')
 3 FCPATH\vendor\codeigniter4\framework\system\Database\BaseConnection.php(652): CodeIgniter\Database\BaseConnection->simpleQuery('SELECT `buses`.`buses_tb_id`, `buses`.`bus_name`, `buses`.`bus_no`, `buses`.`bus_type`
FROM `bus_trav_sched_tb`
JOIN `buses` ON `buses`.`buses_tb_id` = `bus_travel_schedules`.`buses_tb_id`
WHERE `bus_travel_schedules`.`date` >= \'2025-08-11\'')
 4 FCPATH\vendor\codeigniter4\framework\system\Database\BaseBuilder.php(1649): CodeIgniter\Database\BaseConnection->query('SELECT `buses`.`buses_tb_id`, `buses`.`bus_name`, `buses`.`bus_no`, `buses`.`bus_type`
FROM `bus_trav_sched_tb`
JOIN `buses` ON `buses`.`buses_tb_id` = `bus_travel_schedules`.`buses_tb_id`
WHERE `bus_travel_schedules`.`date` >= :bus_travel_schedules.date:', [...], false)
 5 FCPATH\vendor\codeigniter4\framework\system\Model.php(286): CodeIgniter\Database\BaseBuilder->get()
 6 FCPATH\vendor\codeigniter4\framework\system\BaseModel.php(675): CodeIgniter\Model->doFindAll(0, 0)
 7 APPPATH\Controllers\Pages\Schedules.php(189): CodeIgniter\BaseModel->findAll()
 8 FCPATH\vendor\codeigniter4\framework\system\CodeIgniter.php(933): App\Controllers\Pages\Schedules->getBusesByDate()
 9 FCPATH\vendor\codeigniter4\framework\system\CodeIgniter.php(507): CodeIgniter\CodeIgniter->runController(Object(App\Controllers\Pages\Schedules))
10 FCPATH\vendor\codeigniter4\framework\system\CodeIgniter.php(354): CodeIgniter\CodeIgniter->handleRequest(null, Object(Config\Cache), false)
11 SYSTEMPATH\Boot.php(334): CodeIgniter\CodeIgniter->run()
12 SYSTEMPATH\Boot.php(67): CodeIgniter\Boot::runCodeIgniter(Object(CodeIgniter\CodeIgniter))
13 FCPATH\index.php(56): CodeIgniter\Boot::bootWeb(Object(Config\Paths))
ERROR - 2025-08-11 18:13:16 --> mysqli_sql_exception: Table 'u474266573_db_brs.buses' doesn't exist in C:\xampp\htdocs\Bus-Reservation-System\vendor\codeigniter4\framework\system\Database\MySQLi\Connection.php:327
Stack trace:
#0 C:\xampp\htdocs\Bus-Reservation-System\vendor\codeigniter4\framework\system\Database\MySQLi\Connection.php(327): mysqli->query('SELECT `buses`....', 0)
#1 C:\xampp\htdocs\Bus-Reservation-System\vendor\codeigniter4\framework\system\Database\BaseConnection.php(738): CodeIgniter\Database\MySQLi\Connection->execute('SELECT `buses`....')
#2 C:\xampp\htdocs\Bus-Reservation-System\vendor\codeigniter4\framework\system\Database\BaseConnection.php(652): CodeIgniter\Database\BaseConnection->simpleQuery('SELECT `buses`....')
#3 C:\xampp\htdocs\Bus-Reservation-System\vendor\codeigniter4\framework\system\Database\BaseBuilder.php(1649): CodeIgniter\Database\BaseConnection->query('SELECT `buses`....', Array, false)
#4 C:\xampp\htdocs\Bus-Reservation-System\vendor\codeigniter4\framework\system\Model.php(286): CodeIgniter\Database\BaseBuilder->get()
#5 C:\xampp\htdocs\Bus-Reservation-System\vendor\codeigniter4\framework\system\BaseModel.php(675): CodeIgniter\Model->doFindAll(0, 0)
#6 C:\xampp\htdocs\Bus-Reservation-System\app\Controllers\Pages\Schedules.php(190): CodeIgniter\BaseModel->findAll()
#7 C:\xampp\htdocs\Bus-Reservation-System\vendor\codeigniter4\framework\system\CodeIgniter.php(933): App\Controllers\Pages\Schedules->getBusesByDate()
#8 C:\xampp\htdocs\Bus-Reservation-System\vendor\codeigniter4\framework\system\CodeIgniter.php(507): CodeIgniter\CodeIgniter->runController(Object(App\Controllers\Pages\Schedules))
#9 C:\xampp\htdocs\Bus-Reservation-System\vendor\codeigniter4\framework\system\CodeIgniter.php(354): CodeIgniter\CodeIgniter->handleRequest(NULL, Object(Config\Cache), false)
#10 C:\xampp\htdocs\Bus-Reservation-System\system\Boot.php(334): CodeIgniter\CodeIgniter->run()
#11 C:\xampp\htdocs\Bus-Reservation-System\system\Boot.php(67): CodeIgniter\Boot::runCodeIgniter(Object(CodeIgniter\CodeIgniter))
#12 C:\xampp\htdocs\Bus-Reservation-System\index.php(56): CodeIgniter\Boot::bootWeb(Object(Config\Paths))
#13 {main}
CRITICAL - 2025-08-11 18:13:16 --> CodeIgniter\Database\Exceptions\DatabaseException: Table 'u474266573_db_brs.buses' doesn't exist
[Method: POST, Route: admin/schedules/getBusesByDate]
in FCPATH\vendor\codeigniter4\framework\system\Database\BaseConnection.php on line 692.
 1 FCPATH\vendor\codeigniter4\framework\system\Database\BaseBuilder.php(1649): CodeIgniter\Database\BaseConnection->query('SELECT `buses`.`buses_tb_id`, `buses`.`bus_name`, `buses`.`bus_no`, `buses`.`bus_type`
FROM `buses_tb`
JOIN `buses` ON `buses`.`buses_tb_id` = `bus_travel_schedules`.`buses_tb_id`
WHERE `bus_travel_schedules`.`date` >= :bus_travel_schedules.date:', [...], false)
 2 FCPATH\vendor\codeigniter4\framework\system\Model.php(286): CodeIgniter\Database\BaseBuilder->get()
 3 FCPATH\vendor\codeigniter4\framework\system\BaseModel.php(675): CodeIgniter\Model->doFindAll(0, 0)
 4 APPPATH\Controllers\Pages\Schedules.php(190): CodeIgniter\BaseModel->findAll()
 5 FCPATH\vendor\codeigniter4\framework\system\CodeIgniter.php(933): App\Controllers\Pages\Schedules->getBusesByDate()
 6 FCPATH\vendor\codeigniter4\framework\system\CodeIgniter.php(507): CodeIgniter\CodeIgniter->runController(Object(App\Controllers\Pages\Schedules))
 7 FCPATH\vendor\codeigniter4\framework\system\CodeIgniter.php(354): CodeIgniter\CodeIgniter->handleRequest(null, Object(Config\Cache), false)
 8 SYSTEMPATH\Boot.php(334): CodeIgniter\CodeIgniter->run()
 9 SYSTEMPATH\Boot.php(67): CodeIgniter\Boot::runCodeIgniter(Object(CodeIgniter\CodeIgniter))
10 FCPATH\index.php(56): CodeIgniter\Boot::bootWeb(Object(Config\Paths))
CRITICAL - 2025-08-11 18:13:16 --> [Caused by] CodeIgniter\Database\Exceptions\DatabaseException: Table 'u474266573_db_brs.buses' doesn't exist
in FCPATH\vendor\codeigniter4\framework\system\Database\MySQLi\Connection.php on line 332.
 1 FCPATH\vendor\codeigniter4\framework\system\Database\BaseConnection.php(738): CodeIgniter\Database\MySQLi\Connection->execute('SELECT `buses`.`buses_tb_id`, `buses`.`bus_name`, `buses`.`bus_no`, `buses`.`bus_type`
FROM `buses_tb`
JOIN `buses` ON `buses`.`buses_tb_id` = `bus_travel_schedules`.`buses_tb_id`
WHERE `bus_travel_schedules`.`date` >= \'2025-08-11\'')
 2 FCPATH\vendor\codeigniter4\framework\system\Database\BaseConnection.php(652): CodeIgniter\Database\BaseConnection->simpleQuery('SELECT `buses`.`buses_tb_id`, `buses`.`bus_name`, `buses`.`bus_no`, `buses`.`bus_type`
FROM `buses_tb`
JOIN `buses` ON `buses`.`buses_tb_id` = `bus_travel_schedules`.`buses_tb_id`
WHERE `bus_travel_schedules`.`date` >= \'2025-08-11\'')
 3 FCPATH\vendor\codeigniter4\framework\system\Database\BaseBuilder.php(1649): CodeIgniter\Database\BaseConnection->query('SELECT `buses`.`buses_tb_id`, `buses`.`bus_name`, `buses`.`bus_no`, `buses`.`bus_type`
FROM `buses_tb`
JOIN `buses` ON `buses`.`buses_tb_id` = `bus_travel_schedules`.`buses_tb_id`
WHERE `bus_travel_schedules`.`date` >= :bus_travel_schedules.date:', [...], false)
 4 FCPATH\vendor\codeigniter4\framework\system\Model.php(286): CodeIgniter\Database\BaseBuilder->get()
 5 FCPATH\vendor\codeigniter4\framework\system\BaseModel.php(675): CodeIgniter\Model->doFindAll(0, 0)
 6 APPPATH\Controllers\Pages\Schedules.php(190): CodeIgniter\BaseModel->findAll()
 7 FCPATH\vendor\codeigniter4\framework\system\CodeIgniter.php(933): App\Controllers\Pages\Schedules->getBusesByDate()
 8 FCPATH\vendor\codeigniter4\framework\system\CodeIgniter.php(507): CodeIgniter\CodeIgniter->runController(Object(App\Controllers\Pages\Schedules))
 9 FCPATH\vendor\codeigniter4\framework\system\CodeIgniter.php(354): CodeIgniter\CodeIgniter->handleRequest(null, Object(Config\Cache), false)
10 SYSTEMPATH\Boot.php(334): CodeIgniter\CodeIgniter->run()
11 SYSTEMPATH\Boot.php(67): CodeIgniter\Boot::runCodeIgniter(Object(CodeIgniter\CodeIgniter))
12 FCPATH\index.php(56): CodeIgniter\Boot::bootWeb(Object(Config\Paths))
CRITICAL - 2025-08-11 18:13:16 --> [Caused by] mysqli_sql_exception: Table 'u474266573_db_brs.buses' doesn't exist
in FCPATH\vendor\codeigniter4\framework\system\Database\MySQLi\Connection.php on line 327.
 1 FCPATH\vendor\codeigniter4\framework\system\Database\MySQLi\Connection.php(327): mysqli->query('SELECT `buses`.`buses_tb_id`, `buses`.`bus_name`, `buses`.`bus_no`, `buses`.`bus_type`
FROM `buses_tb`
JOIN `buses` ON `buses`.`buses_tb_id` = `bus_travel_schedules`.`buses_tb_id`
WHERE `bus_travel_schedules`.`date` >= \'2025-08-11\'', 0)
 2 FCPATH\vendor\codeigniter4\framework\system\Database\BaseConnection.php(738): CodeIgniter\Database\MySQLi\Connection->execute('SELECT `buses`.`buses_tb_id`, `buses`.`bus_name`, `buses`.`bus_no`, `buses`.`bus_type`
FROM `buses_tb`
JOIN `buses` ON `buses`.`buses_tb_id` = `bus_travel_schedules`.`buses_tb_id`
WHERE `bus_travel_schedules`.`date` >= \'2025-08-11\'')
 3 FCPATH\vendor\codeigniter4\framework\system\Database\BaseConnection.php(652): CodeIgniter\Database\BaseConnection->simpleQuery('SELECT `buses`.`buses_tb_id`, `buses`.`bus_name`, `buses`.`bus_no`, `buses`.`bus_type`
FROM `buses_tb`
JOIN `buses` ON `buses`.`buses_tb_id` = `bus_travel_schedules`.`buses_tb_id`
WHERE `bus_travel_schedules`.`date` >= \'2025-08-11\'')
 4 FCPATH\vendor\codeigniter4\framework\system\Database\BaseBuilder.php(1649): CodeIgniter\Database\BaseConnection->query('SELECT `buses`.`buses_tb_id`, `buses`.`bus_name`, `buses`.`bus_no`, `buses`.`bus_type`
FROM `buses_tb`
JOIN `buses` ON `buses`.`buses_tb_id` = `bus_travel_schedules`.`buses_tb_id`
WHERE `bus_travel_schedules`.`date` >= :bus_travel_schedules.date:', [...], false)
 5 FCPATH\vendor\codeigniter4\framework\system\Model.php(286): CodeIgniter\Database\BaseBuilder->get()
 6 FCPATH\vendor\codeigniter4\framework\system\BaseModel.php(675): CodeIgniter\Model->doFindAll(0, 0)
 7 APPPATH\Controllers\Pages\Schedules.php(190): CodeIgniter\BaseModel->findAll()
 8 FCPATH\vendor\codeigniter4\framework\system\CodeIgniter.php(933): App\Controllers\Pages\Schedules->getBusesByDate()
 9 FCPATH\vendor\codeigniter4\framework\system\CodeIgniter.php(507): CodeIgniter\CodeIgniter->runController(Object(App\Controllers\Pages\Schedules))
10 FCPATH\vendor\codeigniter4\framework\system\CodeIgniter.php(354): CodeIgniter\CodeIgniter->handleRequest(null, Object(Config\Cache), false)
11 SYSTEMPATH\Boot.php(334): CodeIgniter\CodeIgniter->run()
12 SYSTEMPATH\Boot.php(67): CodeIgniter\Boot::runCodeIgniter(Object(CodeIgniter\CodeIgniter))
13 FCPATH\index.php(56): CodeIgniter\Boot::bootWeb(Object(Config\Paths))
ERROR - 2025-08-11 18:13:16 --> mysqli_sql_exception: Table 'u474266573_db_brs.buses' doesn't exist in C:\xampp\htdocs\Bus-Reservation-System\vendor\codeigniter4\framework\system\Database\MySQLi\Connection.php:327
Stack trace:
#0 C:\xampp\htdocs\Bus-Reservation-System\vendor\codeigniter4\framework\system\Database\MySQLi\Connection.php(327): mysqli->query('SELECT `buses`....', 0)
#1 C:\xampp\htdocs\Bus-Reservation-System\vendor\codeigniter4\framework\system\Database\BaseConnection.php(738): CodeIgniter\Database\MySQLi\Connection->execute('SELECT `buses`....')
#2 C:\xampp\htdocs\Bus-Reservation-System\vendor\codeigniter4\framework\system\Database\BaseConnection.php(652): CodeIgniter\Database\BaseConnection->simpleQuery('SELECT `buses`....')
#3 C:\xampp\htdocs\Bus-Reservation-System\vendor\codeigniter4\framework\system\Database\BaseBuilder.php(1649): CodeIgniter\Database\BaseConnection->query('SELECT `buses`....', Array, false)
#4 C:\xampp\htdocs\Bus-Reservation-System\vendor\codeigniter4\framework\system\Model.php(286): CodeIgniter\Database\BaseBuilder->get()
#5 C:\xampp\htdocs\Bus-Reservation-System\vendor\codeigniter4\framework\system\BaseModel.php(675): CodeIgniter\Model->doFindAll(0, 0)
#6 C:\xampp\htdocs\Bus-Reservation-System\app\Controllers\Pages\Schedules.php(190): CodeIgniter\BaseModel->findAll()
#7 C:\xampp\htdocs\Bus-Reservation-System\vendor\codeigniter4\framework\system\CodeIgniter.php(933): App\Controllers\Pages\Schedules->getBusesByDate()
#8 C:\xampp\htdocs\Bus-Reservation-System\vendor\codeigniter4\framework\system\CodeIgniter.php(507): CodeIgniter\CodeIgniter->runController(Object(App\Controllers\Pages\Schedules))
#9 C:\xampp\htdocs\Bus-Reservation-System\vendor\codeigniter4\framework\system\CodeIgniter.php(354): CodeIgniter\CodeIgniter->handleRequest(NULL, Object(Config\Cache), false)
#10 C:\xampp\htdocs\Bus-Reservation-System\system\Boot.php(334): CodeIgniter\CodeIgniter->run()
#11 C:\xampp\htdocs\Bus-Reservation-System\system\Boot.php(67): CodeIgniter\Boot::runCodeIgniter(Object(CodeIgniter\CodeIgniter))
#12 C:\xampp\htdocs\Bus-Reservation-System\index.php(56): CodeIgniter\Boot::bootWeb(Object(Config\Paths))
#13 {main}
CRITICAL - 2025-08-11 18:13:16 --> CodeIgniter\Database\Exceptions\DatabaseException: Table 'u474266573_db_brs.buses' doesn't exist
[Method: POST, Route: admin/schedules/getBusesByDate]
in FCPATH\vendor\codeigniter4\framework\system\Database\BaseConnection.php on line 692.
 1 FCPATH\vendor\codeigniter4\framework\system\Database\BaseBuilder.php(1649): CodeIgniter\Database\BaseConnection->query('SELECT `buses`.`buses_tb_id`, `buses`.`bus_name`, `buses`.`bus_no`, `buses`.`bus_type`
FROM `buses_tb`
JOIN `buses` ON `buses`.`buses_tb_id` = `bus_travel_schedules`.`buses_tb_id`
WHERE `bus_travel_schedules`.`date` >= :bus_travel_schedules.date:', [...], false)
 2 FCPATH\vendor\codeigniter4\framework\system\Model.php(286): CodeIgniter\Database\BaseBuilder->get()
 3 FCPATH\vendor\codeigniter4\framework\system\BaseModel.php(675): CodeIgniter\Model->doFindAll(0, 0)
 4 APPPATH\Controllers\Pages\Schedules.php(190): CodeIgniter\BaseModel->findAll()
 5 FCPATH\vendor\codeigniter4\framework\system\CodeIgniter.php(933): App\Controllers\Pages\Schedules->getBusesByDate()
 6 FCPATH\vendor\codeigniter4\framework\system\CodeIgniter.php(507): CodeIgniter\CodeIgniter->runController(Object(App\Controllers\Pages\Schedules))
 7 FCPATH\vendor\codeigniter4\framework\system\CodeIgniter.php(354): CodeIgniter\CodeIgniter->handleRequest(null, Object(Config\Cache), false)
 8 SYSTEMPATH\Boot.php(334): CodeIgniter\CodeIgniter->run()
 9 SYSTEMPATH\Boot.php(67): CodeIgniter\Boot::runCodeIgniter(Object(CodeIgniter\CodeIgniter))
10 FCPATH\index.php(56): CodeIgniter\Boot::bootWeb(Object(Config\Paths))
CRITICAL - 2025-08-11 18:13:16 --> [Caused by] CodeIgniter\Database\Exceptions\DatabaseException: Table 'u474266573_db_brs.buses' doesn't exist
in FCPATH\vendor\codeigniter4\framework\system\Database\MySQLi\Connection.php on line 332.
 1 FCPATH\vendor\codeigniter4\framework\system\Database\BaseConnection.php(738): CodeIgniter\Database\MySQLi\Connection->execute('SELECT `buses`.`buses_tb_id`, `buses`.`bus_name`, `buses`.`bus_no`, `buses`.`bus_type`
FROM `buses_tb`
JOIN `buses` ON `buses`.`buses_tb_id` = `bus_travel_schedules`.`buses_tb_id`
WHERE `bus_travel_schedules`.`date` >= \'2025-08-11\'')
 2 FCPATH\vendor\codeigniter4\framework\system\Database\BaseConnection.php(652): CodeIgniter\Database\BaseConnection->simpleQuery('SELECT `buses`.`buses_tb_id`, `buses`.`bus_name`, `buses`.`bus_no`, `buses`.`bus_type`
FROM `buses_tb`
JOIN `buses` ON `buses`.`buses_tb_id` = `bus_travel_schedules`.`buses_tb_id`
WHERE `bus_travel_schedules`.`date` >= \'2025-08-11\'')
 3 FCPATH\vendor\codeigniter4\framework\system\Database\BaseBuilder.php(1649): CodeIgniter\Database\BaseConnection->query('SELECT `buses`.`buses_tb_id`, `buses`.`bus_name`, `buses`.`bus_no`, `buses`.`bus_type`
FROM `buses_tb`
JOIN `buses` ON `buses`.`buses_tb_id` = `bus_travel_schedules`.`buses_tb_id`
WHERE `bus_travel_schedules`.`date` >= :bus_travel_schedules.date:', [...], false)
 4 FCPATH\vendor\codeigniter4\framework\system\Model.php(286): CodeIgniter\Database\BaseBuilder->get()
 5 FCPATH\vendor\codeigniter4\framework\system\BaseModel.php(675): CodeIgniter\Model->doFindAll(0, 0)
 6 APPPATH\Controllers\Pages\Schedules.php(190): CodeIgniter\BaseModel->findAll()
 7 FCPATH\vendor\codeigniter4\framework\system\CodeIgniter.php(933): App\Controllers\Pages\Schedules->getBusesByDate()
 8 FCPATH\vendor\codeigniter4\framework\system\CodeIgniter.php(507): CodeIgniter\CodeIgniter->runController(Object(App\Controllers\Pages\Schedules))
 9 FCPATH\vendor\codeigniter4\framework\system\CodeIgniter.php(354): CodeIgniter\CodeIgniter->handleRequest(null, Object(Config\Cache), false)
10 SYSTEMPATH\Boot.php(334): CodeIgniter\CodeIgniter->run()
11 SYSTEMPATH\Boot.php(67): CodeIgniter\Boot::runCodeIgniter(Object(CodeIgniter\CodeIgniter))
12 FCPATH\index.php(56): CodeIgniter\Boot::bootWeb(Object(Config\Paths))
CRITICAL - 2025-08-11 18:13:16 --> [Caused by] mysqli_sql_exception: Table 'u474266573_db_brs.buses' doesn't exist
in FCPATH\vendor\codeigniter4\framework\system\Database\MySQLi\Connection.php on line 327.
 1 FCPATH\vendor\codeigniter4\framework\system\Database\MySQLi\Connection.php(327): mysqli->query('SELECT `buses`.`buses_tb_id`, `buses`.`bus_name`, `buses`.`bus_no`, `buses`.`bus_type`
FROM `buses_tb`
JOIN `buses` ON `buses`.`buses_tb_id` = `bus_travel_schedules`.`buses_tb_id`
WHERE `bus_travel_schedules`.`date` >= \'2025-08-11\'', 0)
 2 FCPATH\vendor\codeigniter4\framework\system\Database\BaseConnection.php(738): CodeIgniter\Database\MySQLi\Connection->execute('SELECT `buses`.`buses_tb_id`, `buses`.`bus_name`, `buses`.`bus_no`, `buses`.`bus_type`
FROM `buses_tb`
JOIN `buses` ON `buses`.`buses_tb_id` = `bus_travel_schedules`.`buses_tb_id`
WHERE `bus_travel_schedules`.`date` >= \'2025-08-11\'')
 3 FCPATH\vendor\codeigniter4\framework\system\Database\BaseConnection.php(652): CodeIgniter\Database\BaseConnection->simpleQuery('SELECT `buses`.`buses_tb_id`, `buses`.`bus_name`, `buses`.`bus_no`, `buses`.`bus_type`
FROM `buses_tb`
JOIN `buses` ON `buses`.`buses_tb_id` = `bus_travel_schedules`.`buses_tb_id`
WHERE `bus_travel_schedules`.`date` >= \'2025-08-11\'')
 4 FCPATH\vendor\codeigniter4\framework\system\Database\BaseBuilder.php(1649): CodeIgniter\Database\BaseConnection->query('SELECT `buses`.`buses_tb_id`, `buses`.`bus_name`, `buses`.`bus_no`, `buses`.`bus_type`
FROM `buses_tb`
JOIN `buses` ON `buses`.`buses_tb_id` = `bus_travel_schedules`.`buses_tb_id`
WHERE `bus_travel_schedules`.`date` >= :bus_travel_schedules.date:', [...], false)
 5 FCPATH\vendor\codeigniter4\framework\system\Model.php(286): CodeIgniter\Database\BaseBuilder->get()
 6 FCPATH\vendor\codeigniter4\framework\system\BaseModel.php(675): CodeIgniter\Model->doFindAll(0, 0)
 7 APPPATH\Controllers\Pages\Schedules.php(190): CodeIgniter\BaseModel->findAll()
 8 FCPATH\vendor\codeigniter4\framework\system\CodeIgniter.php(933): App\Controllers\Pages\Schedules->getBusesByDate()
 9 FCPATH\vendor\codeigniter4\framework\system\CodeIgniter.php(507): CodeIgniter\CodeIgniter->runController(Object(App\Controllers\Pages\Schedules))
10 FCPATH\vendor\codeigniter4\framework\system\CodeIgniter.php(354): CodeIgniter\CodeIgniter->handleRequest(null, Object(Config\Cache), false)
11 SYSTEMPATH\Boot.php(334): CodeIgniter\CodeIgniter->run()
12 SYSTEMPATH\Boot.php(67): CodeIgniter\Boot::runCodeIgniter(Object(CodeIgniter\CodeIgniter))
13 FCPATH\index.php(56): CodeIgniter\Boot::bootWeb(Object(Config\Paths))
ERROR - 2025-08-11 18:15:16 --> mysqli_sql_exception: Table 'u474266573_db_brs.buses' doesn't exist in C:\xampp\htdocs\Bus-Reservation-System\vendor\codeigniter4\framework\system\Database\MySQLi\Connection.php:327
Stack trace:
#0 C:\xampp\htdocs\Bus-Reservation-System\vendor\codeigniter4\framework\system\Database\MySQLi\Connection.php(327): mysqli->query('SELECT `buses`....', 0)
#1 C:\xampp\htdocs\Bus-Reservation-System\vendor\codeigniter4\framework\system\Database\BaseConnection.php(738): CodeIgniter\Database\MySQLi\Connection->execute('SELECT `buses`....')
#2 C:\xampp\htdocs\Bus-Reservation-System\vendor\codeigniter4\framework\system\Database\BaseConnection.php(652): CodeIgniter\Database\BaseConnection->simpleQuery('SELECT `buses`....')
#3 C:\xampp\htdocs\Bus-Reservation-System\vendor\codeigniter4\framework\system\Database\BaseBuilder.php(1649): CodeIgniter\Database\BaseConnection->query('SELECT `buses`....', Array, false)
#4 C:\xampp\htdocs\Bus-Reservation-System\vendor\codeigniter4\framework\system\Model.php(286): CodeIgniter\Database\BaseBuilder->get()
#5 C:\xampp\htdocs\Bus-Reservation-System\vendor\codeigniter4\framework\system\BaseModel.php(675): CodeIgniter\Model->doFindAll(0, 0)
#6 C:\xampp\htdocs\Bus-Reservation-System\app\Controllers\Pages\Schedules.php(190): CodeIgniter\BaseModel->findAll()
#7 C:\xampp\htdocs\Bus-Reservation-System\vendor\codeigniter4\framework\system\CodeIgniter.php(933): App\Controllers\Pages\Schedules->getBusesByDate()
#8 C:\xampp\htdocs\Bus-Reservation-System\vendor\codeigniter4\framework\system\CodeIgniter.php(507): CodeIgniter\CodeIgniter->runController(Object(App\Controllers\Pages\Schedules))
#9 C:\xampp\htdocs\Bus-Reservation-System\vendor\codeigniter4\framework\system\CodeIgniter.php(354): CodeIgniter\CodeIgniter->handleRequest(NULL, Object(Config\Cache), false)
#10 C:\xampp\htdocs\Bus-Reservation-System\system\Boot.php(334): CodeIgniter\CodeIgniter->run()
#11 C:\xampp\htdocs\Bus-Reservation-System\system\Boot.php(67): CodeIgniter\Boot::runCodeIgniter(Object(CodeIgniter\CodeIgniter))
#12 C:\xampp\htdocs\Bus-Reservation-System\index.php(56): CodeIgniter\Boot::bootWeb(Object(Config\Paths))
#13 {main}
CRITICAL - 2025-08-11 18:15:16 --> CodeIgniter\Database\Exceptions\DatabaseException: Table 'u474266573_db_brs.buses' doesn't exist
[Method: POST, Route: admin/schedules/getBusesByDate]
in FCPATH\vendor\codeigniter4\framework\system\Database\BaseConnection.php on line 692.
 1 FCPATH\vendor\codeigniter4\framework\system\Database\BaseBuilder.php(1649): CodeIgniter\Database\BaseConnection->query('SELECT `buses`.`buses_tb_id`, `buses`.`bus_name`, `buses`.`bus_no`, `buses`.`bus_type`
FROM `bus_trav_sched_tb`
JOIN `buses` ON `buses`.`buses_tb_id` = `bus_travel_schedules`.`buses_tb_id`
WHERE `bus_travel_schedules`.`date` = :bus_travel_schedules.date:', [...], false)
 2 FCPATH\vendor\codeigniter4\framework\system\Model.php(286): CodeIgniter\Database\BaseBuilder->get()
 3 FCPATH\vendor\codeigniter4\framework\system\BaseModel.php(675): CodeIgniter\Model->doFindAll(0, 0)
 4 APPPATH\Controllers\Pages\Schedules.php(190): CodeIgniter\BaseModel->findAll()
 5 FCPATH\vendor\codeigniter4\framework\system\CodeIgniter.php(933): App\Controllers\Pages\Schedules->getBusesByDate()
 6 FCPATH\vendor\codeigniter4\framework\system\CodeIgniter.php(507): CodeIgniter\CodeIgniter->runController(Object(App\Controllers\Pages\Schedules))
 7 FCPATH\vendor\codeigniter4\framework\system\CodeIgniter.php(354): CodeIgniter\CodeIgniter->handleRequest(null, Object(Config\Cache), false)
 8 SYSTEMPATH\Boot.php(334): CodeIgniter\CodeIgniter->run()
 9 SYSTEMPATH\Boot.php(67): CodeIgniter\Boot::runCodeIgniter(Object(CodeIgniter\CodeIgniter))
10 FCPATH\index.php(56): CodeIgniter\Boot::bootWeb(Object(Config\Paths))
CRITICAL - 2025-08-11 18:15:16 --> [Caused by] CodeIgniter\Database\Exceptions\DatabaseException: Table 'u474266573_db_brs.buses' doesn't exist
in FCPATH\vendor\codeigniter4\framework\system\Database\MySQLi\Connection.php on line 332.
 1 FCPATH\vendor\codeigniter4\framework\system\Database\BaseConnection.php(738): CodeIgniter\Database\MySQLi\Connection->execute('SELECT `buses`.`buses_tb_id`, `buses`.`bus_name`, `buses`.`bus_no`, `buses`.`bus_type`
FROM `bus_trav_sched_tb`
JOIN `buses` ON `buses`.`buses_tb_id` = `bus_travel_schedules`.`buses_tb_id`
WHERE `bus_travel_schedules`.`date` = \'2025-08-13\'')
 2 FCPATH\vendor\codeigniter4\framework\system\Database\BaseConnection.php(652): CodeIgniter\Database\BaseConnection->simpleQuery('SELECT `buses`.`buses_tb_id`, `buses`.`bus_name`, `buses`.`bus_no`, `buses`.`bus_type`
FROM `bus_trav_sched_tb`
JOIN `buses` ON `buses`.`buses_tb_id` = `bus_travel_schedules`.`buses_tb_id`
WHERE `bus_travel_schedules`.`date` = \'2025-08-13\'')
 3 FCPATH\vendor\codeigniter4\framework\system\Database\BaseBuilder.php(1649): CodeIgniter\Database\BaseConnection->query('SELECT `buses`.`buses_tb_id`, `buses`.`bus_name`, `buses`.`bus_no`, `buses`.`bus_type`
FROM `bus_trav_sched_tb`
JOIN `buses` ON `buses`.`buses_tb_id` = `bus_travel_schedules`.`buses_tb_id`
WHERE `bus_travel_schedules`.`date` = :bus_travel_schedules.date:', [...], false)
 4 FCPATH\vendor\codeigniter4\framework\system\Model.php(286): CodeIgniter\Database\BaseBuilder->get()
 5 FCPATH\vendor\codeigniter4\framework\system\BaseModel.php(675): CodeIgniter\Model->doFindAll(0, 0)
 6 APPPATH\Controllers\Pages\Schedules.php(190): CodeIgniter\BaseModel->findAll()
 7 FCPATH\vendor\codeigniter4\framework\system\CodeIgniter.php(933): App\Controllers\Pages\Schedules->getBusesByDate()
 8 FCPATH\vendor\codeigniter4\framework\system\CodeIgniter.php(507): CodeIgniter\CodeIgniter->runController(Object(App\Controllers\Pages\Schedules))
 9 FCPATH\vendor\codeigniter4\framework\system\CodeIgniter.php(354): CodeIgniter\CodeIgniter->handleRequest(null, Object(Config\Cache), false)
10 SYSTEMPATH\Boot.php(334): CodeIgniter\CodeIgniter->run()
11 SYSTEMPATH\Boot.php(67): CodeIgniter\Boot::runCodeIgniter(Object(CodeIgniter\CodeIgniter))
12 FCPATH\index.php(56): CodeIgniter\Boot::bootWeb(Object(Config\Paths))
CRITICAL - 2025-08-11 18:15:16 --> [Caused by] mysqli_sql_exception: Table 'u474266573_db_brs.buses' doesn't exist
in FCPATH\vendor\codeigniter4\framework\system\Database\MySQLi\Connection.php on line 327.
 1 FCPATH\vendor\codeigniter4\framework\system\Database\MySQLi\Connection.php(327): mysqli->query('SELECT `buses`.`buses_tb_id`, `buses`.`bus_name`, `buses`.`bus_no`, `buses`.`bus_type`
FROM `bus_trav_sched_tb`
JOIN `buses` ON `buses`.`buses_tb_id` = `bus_travel_schedules`.`buses_tb_id`
WHERE `bus_travel_schedules`.`date` = \'2025-08-13\'', 0)
 2 FCPATH\vendor\codeigniter4\framework\system\Database\BaseConnection.php(738): CodeIgniter\Database\MySQLi\Connection->execute('SELECT `buses`.`buses_tb_id`, `buses`.`bus_name`, `buses`.`bus_no`, `buses`.`bus_type`
FROM `bus_trav_sched_tb`
JOIN `buses` ON `buses`.`buses_tb_id` = `bus_travel_schedules`.`buses_tb_id`
WHERE `bus_travel_schedules`.`date` = \'2025-08-13\'')
 3 FCPATH\vendor\codeigniter4\framework\system\Database\BaseConnection.php(652): CodeIgniter\Database\BaseConnection->simpleQuery('SELECT `buses`.`buses_tb_id`, `buses`.`bus_name`, `buses`.`bus_no`, `buses`.`bus_type`
FROM `bus_trav_sched_tb`
JOIN `buses` ON `buses`.`buses_tb_id` = `bus_travel_schedules`.`buses_tb_id`
WHERE `bus_travel_schedules`.`date` = \'2025-08-13\'')
 4 FCPATH\vendor\codeigniter4\framework\system\Database\BaseBuilder.php(1649): CodeIgniter\Database\BaseConnection->query('SELECT `buses`.`buses_tb_id`, `buses`.`bus_name`, `buses`.`bus_no`, `buses`.`bus_type`
FROM `bus_trav_sched_tb`
JOIN `buses` ON `buses`.`buses_tb_id` = `bus_travel_schedules`.`buses_tb_id`
WHERE `bus_travel_schedules`.`date` = :bus_travel_schedules.date:', [...], false)
 5 FCPATH\vendor\codeigniter4\framework\system\Model.php(286): CodeIgniter\Database\BaseBuilder->get()
 6 FCPATH\vendor\codeigniter4\framework\system\BaseModel.php(675): CodeIgniter\Model->doFindAll(0, 0)
 7 APPPATH\Controllers\Pages\Schedules.php(190): CodeIgniter\BaseModel->findAll()
 8 FCPATH\vendor\codeigniter4\framework\system\CodeIgniter.php(933): App\Controllers\Pages\Schedules->getBusesByDate()
 9 FCPATH\vendor\codeigniter4\framework\system\CodeIgniter.php(507): CodeIgniter\CodeIgniter->runController(Object(App\Controllers\Pages\Schedules))
10 FCPATH\vendor\codeigniter4\framework\system\CodeIgniter.php(354): CodeIgniter\CodeIgniter->handleRequest(null, Object(Config\Cache), false)
11 SYSTEMPATH\Boot.php(334): CodeIgniter\CodeIgniter->run()
12 SYSTEMPATH\Boot.php(67): CodeIgniter\Boot::runCodeIgniter(Object(CodeIgniter\CodeIgniter))
13 FCPATH\index.php(56): CodeIgniter\Boot::bootWeb(Object(Config\Paths))
ERROR - 2025-08-11 18:15:16 --> mysqli_sql_exception: Table 'u474266573_db_brs.buses' doesn't exist in C:\xampp\htdocs\Bus-Reservation-System\vendor\codeigniter4\framework\system\Database\MySQLi\Connection.php:327
Stack trace:
#0 C:\xampp\htdocs\Bus-Reservation-System\vendor\codeigniter4\framework\system\Database\MySQLi\Connection.php(327): mysqli->query('SELECT `buses`....', 0)
#1 C:\xampp\htdocs\Bus-Reservation-System\vendor\codeigniter4\framework\system\Database\BaseConnection.php(738): CodeIgniter\Database\MySQLi\Connection->execute('SELECT `buses`....')
#2 C:\xampp\htdocs\Bus-Reservation-System\vendor\codeigniter4\framework\system\Database\BaseConnection.php(652): CodeIgniter\Database\BaseConnection->simpleQuery('SELECT `buses`....')
#3 C:\xampp\htdocs\Bus-Reservation-System\vendor\codeigniter4\framework\system\Database\BaseBuilder.php(1649): CodeIgniter\Database\BaseConnection->query('SELECT `buses`....', Array, false)
#4 C:\xampp\htdocs\Bus-Reservation-System\vendor\codeigniter4\framework\system\Model.php(286): CodeIgniter\Database\BaseBuilder->get()
#5 C:\xampp\htdocs\Bus-Reservation-System\vendor\codeigniter4\framework\system\BaseModel.php(675): CodeIgniter\Model->doFindAll(0, 0)
#6 C:\xampp\htdocs\Bus-Reservation-System\app\Controllers\Pages\Schedules.php(190): CodeIgniter\BaseModel->findAll()
#7 C:\xampp\htdocs\Bus-Reservation-System\vendor\codeigniter4\framework\system\CodeIgniter.php(933): App\Controllers\Pages\Schedules->getBusesByDate()
#8 C:\xampp\htdocs\Bus-Reservation-System\vendor\codeigniter4\framework\system\CodeIgniter.php(507): CodeIgniter\CodeIgniter->runController(Object(App\Controllers\Pages\Schedules))
#9 C:\xampp\htdocs\Bus-Reservation-System\vendor\codeigniter4\framework\system\CodeIgniter.php(354): CodeIgniter\CodeIgniter->handleRequest(NULL, Object(Config\Cache), false)
#10 C:\xampp\htdocs\Bus-Reservation-System\system\Boot.php(334): CodeIgniter\CodeIgniter->run()
#11 C:\xampp\htdocs\Bus-Reservation-System\system\Boot.php(67): CodeIgniter\Boot::runCodeIgniter(Object(CodeIgniter\CodeIgniter))
#12 C:\xampp\htdocs\Bus-Reservation-System\index.php(56): CodeIgniter\Boot::bootWeb(Object(Config\Paths))
#13 {main}
CRITICAL - 2025-08-11 18:15:16 --> CodeIgniter\Database\Exceptions\DatabaseException: Table 'u474266573_db_brs.buses' doesn't exist
[Method: POST, Route: admin/schedules/getBusesByDate]
in FCPATH\vendor\codeigniter4\framework\system\Database\BaseConnection.php on line 692.
 1 FCPATH\vendor\codeigniter4\framework\system\Database\BaseBuilder.php(1649): CodeIgniter\Database\BaseConnection->query('SELECT `buses`.`buses_tb_id`, `buses`.`bus_name`, `buses`.`bus_no`, `buses`.`bus_type`
FROM `bus_trav_sched_tb`
JOIN `buses` ON `buses`.`buses_tb_id` = `bus_travel_schedules`.`buses_tb_id`
WHERE `bus_travel_schedules`.`date` = :bus_travel_schedules.date:', [...], false)
 2 FCPATH\vendor\codeigniter4\framework\system\Model.php(286): CodeIgniter\Database\BaseBuilder->get()
 3 FCPATH\vendor\codeigniter4\framework\system\BaseModel.php(675): CodeIgniter\Model->doFindAll(0, 0)
 4 APPPATH\Controllers\Pages\Schedules.php(190): CodeIgniter\BaseModel->findAll()
 5 FCPATH\vendor\codeigniter4\framework\system\CodeIgniter.php(933): App\Controllers\Pages\Schedules->getBusesByDate()
 6 FCPATH\vendor\codeigniter4\framework\system\CodeIgniter.php(507): CodeIgniter\CodeIgniter->runController(Object(App\Controllers\Pages\Schedules))
 7 FCPATH\vendor\codeigniter4\framework\system\CodeIgniter.php(354): CodeIgniter\CodeIgniter->handleRequest(null, Object(Config\Cache), false)
 8 SYSTEMPATH\Boot.php(334): CodeIgniter\CodeIgniter->run()
 9 SYSTEMPATH\Boot.php(67): CodeIgniter\Boot::runCodeIgniter(Object(CodeIgniter\CodeIgniter))
10 FCPATH\index.php(56): CodeIgniter\Boot::bootWeb(Object(Config\Paths))
CRITICAL - 2025-08-11 18:15:16 --> [Caused by] CodeIgniter\Database\Exceptions\DatabaseException: Table 'u474266573_db_brs.buses' doesn't exist
in FCPATH\vendor\codeigniter4\framework\system\Database\MySQLi\Connection.php on line 332.
 1 FCPATH\vendor\codeigniter4\framework\system\Database\BaseConnection.php(738): CodeIgniter\Database\MySQLi\Connection->execute('SELECT `buses`.`buses_tb_id`, `buses`.`bus_name`, `buses`.`bus_no`, `buses`.`bus_type`
FROM `bus_trav_sched_tb`
JOIN `buses` ON `buses`.`buses_tb_id` = `bus_travel_schedules`.`buses_tb_id`
WHERE `bus_travel_schedules`.`date` = \'2025-08-13\'')
 2 FCPATH\vendor\codeigniter4\framework\system\Database\BaseConnection.php(652): CodeIgniter\Database\BaseConnection->simpleQuery('SELECT `buses`.`buses_tb_id`, `buses`.`bus_name`, `buses`.`bus_no`, `buses`.`bus_type`
FROM `bus_trav_sched_tb`
JOIN `buses` ON `buses`.`buses_tb_id` = `bus_travel_schedules`.`buses_tb_id`
WHERE `bus_travel_schedules`.`date` = \'2025-08-13\'')
 3 FCPATH\vendor\codeigniter4\framework\system\Database\BaseBuilder.php(1649): CodeIgniter\Database\BaseConnection->query('SELECT `buses`.`buses_tb_id`, `buses`.`bus_name`, `buses`.`bus_no`, `buses`.`bus_type`
FROM `bus_trav_sched_tb`
JOIN `buses` ON `buses`.`buses_tb_id` = `bus_travel_schedules`.`buses_tb_id`
WHERE `bus_travel_schedules`.`date` = :bus_travel_schedules.date:', [...], false)
 4 FCPATH\vendor\codeigniter4\framework\system\Model.php(286): CodeIgniter\Database\BaseBuilder->get()
 5 FCPATH\vendor\codeigniter4\framework\system\BaseModel.php(675): CodeIgniter\Model->doFindAll(0, 0)
 6 APPPATH\Controllers\Pages\Schedules.php(190): CodeIgniter\BaseModel->findAll()
 7 FCPATH\vendor\codeigniter4\framework\system\CodeIgniter.php(933): App\Controllers\Pages\Schedules->getBusesByDate()
 8 FCPATH\vendor\codeigniter4\framework\system\CodeIgniter.php(507): CodeIgniter\CodeIgniter->runController(Object(App\Controllers\Pages\Schedules))
 9 FCPATH\vendor\codeigniter4\framework\system\CodeIgniter.php(354): CodeIgniter\CodeIgniter->handleRequest(null, Object(Config\Cache), false)
10 SYSTEMPATH\Boot.php(334): CodeIgniter\CodeIgniter->run()
11 SYSTEMPATH\Boot.php(67): CodeIgniter\Boot::runCodeIgniter(Object(CodeIgniter\CodeIgniter))
12 FCPATH\index.php(56): CodeIgniter\Boot::bootWeb(Object(Config\Paths))
CRITICAL - 2025-08-11 18:15:16 --> [Caused by] mysqli_sql_exception: Table 'u474266573_db_brs.buses' doesn't exist
in FCPATH\vendor\codeigniter4\framework\system\Database\MySQLi\Connection.php on line 327.
 1 FCPATH\vendor\codeigniter4\framework\system\Database\MySQLi\Connection.php(327): mysqli->query('SELECT `buses`.`buses_tb_id`, `buses`.`bus_name`, `buses`.`bus_no`, `buses`.`bus_type`
FROM `bus_trav_sched_tb`
JOIN `buses` ON `buses`.`buses_tb_id` = `bus_travel_schedules`.`buses_tb_id`
WHERE `bus_travel_schedules`.`date` = \'2025-08-13\'', 0)
 2 FCPATH\vendor\codeigniter4\framework\system\Database\BaseConnection.php(738): CodeIgniter\Database\MySQLi\Connection->execute('SELECT `buses`.`buses_tb_id`, `buses`.`bus_name`, `buses`.`bus_no`, `buses`.`bus_type`
FROM `bus_trav_sched_tb`
JOIN `buses` ON `buses`.`buses_tb_id` = `bus_travel_schedules`.`buses_tb_id`
WHERE `bus_travel_schedules`.`date` = \'2025-08-13\'')
 3 FCPATH\vendor\codeigniter4\framework\system\Database\BaseConnection.php(652): CodeIgniter\Database\BaseConnection->simpleQuery('SELECT `buses`.`buses_tb_id`, `buses`.`bus_name`, `buses`.`bus_no`, `buses`.`bus_type`
FROM `bus_trav_sched_tb`
JOIN `buses` ON `buses`.`buses_tb_id` = `bus_travel_schedules`.`buses_tb_id`
WHERE `bus_travel_schedules`.`date` = \'2025-08-13\'')
 4 FCPATH\vendor\codeigniter4\framework\system\Database\BaseBuilder.php(1649): CodeIgniter\Database\BaseConnection->query('SELECT `buses`.`buses_tb_id`, `buses`.`bus_name`, `buses`.`bus_no`, `buses`.`bus_type`
FROM `bus_trav_sched_tb`
JOIN `buses` ON `buses`.`buses_tb_id` = `bus_travel_schedules`.`buses_tb_id`
WHERE `bus_travel_schedules`.`date` = :bus_travel_schedules.date:', [...], false)
 5 FCPATH\vendor\codeigniter4\framework\system\Model.php(286): CodeIgniter\Database\BaseBuilder->get()
 6 FCPATH\vendor\codeigniter4\framework\system\BaseModel.php(675): CodeIgniter\Model->doFindAll(0, 0)
 7 APPPATH\Controllers\Pages\Schedules.php(190): CodeIgniter\BaseModel->findAll()
 8 FCPATH\vendor\codeigniter4\framework\system\CodeIgniter.php(933): App\Controllers\Pages\Schedules->getBusesByDate()
 9 FCPATH\vendor\codeigniter4\framework\system\CodeIgniter.php(507): CodeIgniter\CodeIgniter->runController(Object(App\Controllers\Pages\Schedules))
10 FCPATH\vendor\codeigniter4\framework\system\CodeIgniter.php(354): CodeIgniter\CodeIgniter->handleRequest(null, Object(Config\Cache), false)
11 SYSTEMPATH\Boot.php(334): CodeIgniter\CodeIgniter->run()
12 SYSTEMPATH\Boot.php(67): CodeIgniter\Boot::runCodeIgniter(Object(CodeIgniter\CodeIgniter))
13 FCPATH\index.php(56): CodeIgniter\Boot::bootWeb(Object(Config\Paths))
ERROR - 2025-08-11 18:18:43 --> mysqli_sql_exception: Unknown column 'bus_travel_schedules.date' in 'where clause' in C:\xampp\htdocs\Bus-Reservation-System\vendor\codeigniter4\framework\system\Database\MySQLi\Connection.php:327
Stack trace:
#0 C:\xampp\htdocs\Bus-Reservation-System\vendor\codeigniter4\framework\system\Database\MySQLi\Connection.php(327): mysqli->query('SELECT `buses_t...', 0)
#1 C:\xampp\htdocs\Bus-Reservation-System\vendor\codeigniter4\framework\system\Database\BaseConnection.php(738): CodeIgniter\Database\MySQLi\Connection->execute('SELECT `buses_t...')
#2 C:\xampp\htdocs\Bus-Reservation-System\vendor\codeigniter4\framework\system\Database\BaseConnection.php(652): CodeIgniter\Database\BaseConnection->simpleQuery('SELECT `buses_t...')
#3 C:\xampp\htdocs\Bus-Reservation-System\vendor\codeigniter4\framework\system\Database\BaseBuilder.php(1649): CodeIgniter\Database\BaseConnection->query('SELECT `buses_t...', Array, false)
#4 C:\xampp\htdocs\Bus-Reservation-System\vendor\codeigniter4\framework\system\Model.php(286): CodeIgniter\Database\BaseBuilder->get()
#5 C:\xampp\htdocs\Bus-Reservation-System\vendor\codeigniter4\framework\system\BaseModel.php(675): CodeIgniter\Model->doFindAll(0, 0)
#6 C:\xampp\htdocs\Bus-Reservation-System\app\Controllers\Pages\Schedules.php(190): CodeIgniter\BaseModel->findAll()
#7 C:\xampp\htdocs\Bus-Reservation-System\vendor\codeigniter4\framework\system\CodeIgniter.php(933): App\Controllers\Pages\Schedules->getBusesByDate()
#8 C:\xampp\htdocs\Bus-Reservation-System\vendor\codeigniter4\framework\system\CodeIgniter.php(507): CodeIgniter\CodeIgniter->runController(Object(App\Controllers\Pages\Schedules))
#9 C:\xampp\htdocs\Bus-Reservation-System\vendor\codeigniter4\framework\system\CodeIgniter.php(354): CodeIgniter\CodeIgniter->handleRequest(NULL, Object(Config\Cache), false)
#10 C:\xampp\htdocs\Bus-Reservation-System\system\Boot.php(334): CodeIgniter\CodeIgniter->run()
#11 C:\xampp\htdocs\Bus-Reservation-System\system\Boot.php(67): CodeIgniter\Boot::runCodeIgniter(Object(CodeIgniter\CodeIgniter))
#12 C:\xampp\htdocs\Bus-Reservation-System\index.php(56): CodeIgniter\Boot::bootWeb(Object(Config\Paths))
#13 {main}
CRITICAL - 2025-08-11 18:18:43 --> CodeIgniter\Database\Exceptions\DatabaseException: Unknown column 'bus_travel_schedules.date' in 'where clause'
[Method: POST, Route: admin/schedules/getBusesByDate]
in FCPATH\vendor\codeigniter4\framework\system\Database\BaseConnection.php on line 692.
 1 FCPATH\vendor\codeigniter4\framework\system\Database\BaseBuilder.php(1649): CodeIgniter\Database\BaseConnection->query('SELECT `buses_tb`.`buses_tb_id`, `buses_tb`.`bus_name`, `buses_tb`.`bus_no`, `buses_tb`.`bus_type`
FROM `bus_trav_sched_tb`
JOIN `buses_tb` ON `buses_tb`.`buses_tb_id` = `bus_travel_schedules`.`buses_tb_id`
WHERE `bus_travel_schedules`.`date` = :bus_travel_schedules.date:', [...], false)
 2 FCPATH\vendor\codeigniter4\framework\system\Model.php(286): CodeIgniter\Database\BaseBuilder->get()
 3 FCPATH\vendor\codeigniter4\framework\system\BaseModel.php(675): CodeIgniter\Model->doFindAll(0, 0)
 4 APPPATH\Controllers\Pages\Schedules.php(190): CodeIgniter\BaseModel->findAll()
 5 FCPATH\vendor\codeigniter4\framework\system\CodeIgniter.php(933): App\Controllers\Pages\Schedules->getBusesByDate()
 6 FCPATH\vendor\codeigniter4\framework\system\CodeIgniter.php(507): CodeIgniter\CodeIgniter->runController(Object(App\Controllers\Pages\Schedules))
 7 FCPATH\vendor\codeigniter4\framework\system\CodeIgniter.php(354): CodeIgniter\CodeIgniter->handleRequest(null, Object(Config\Cache), false)
 8 SYSTEMPATH\Boot.php(334): CodeIgniter\CodeIgniter->run()
 9 SYSTEMPATH\Boot.php(67): CodeIgniter\Boot::runCodeIgniter(Object(CodeIgniter\CodeIgniter))
10 FCPATH\index.php(56): CodeIgniter\Boot::bootWeb(Object(Config\Paths))
CRITICAL - 2025-08-11 18:18:43 --> [Caused by] CodeIgniter\Database\Exceptions\DatabaseException: Unknown column 'bus_travel_schedules.date' in 'where clause'
in FCPATH\vendor\codeigniter4\framework\system\Database\MySQLi\Connection.php on line 332.
 1 FCPATH\vendor\codeigniter4\framework\system\Database\BaseConnection.php(738): CodeIgniter\Database\MySQLi\Connection->execute('SELECT `buses_tb`.`buses_tb_id`, `buses_tb`.`bus_name`, `buses_tb`.`bus_no`, `buses_tb`.`bus_type`
FROM `bus_trav_sched_tb`
JOIN `buses_tb` ON `buses_tb`.`buses_tb_id` = `bus_travel_schedules`.`buses_tb_id`
WHERE `bus_travel_schedules`.`date` = \'2025-08-13\'')
 2 FCPATH\vendor\codeigniter4\framework\system\Database\BaseConnection.php(652): CodeIgniter\Database\BaseConnection->simpleQuery('SELECT `buses_tb`.`buses_tb_id`, `buses_tb`.`bus_name`, `buses_tb`.`bus_no`, `buses_tb`.`bus_type`
FROM `bus_trav_sched_tb`
JOIN `buses_tb` ON `buses_tb`.`buses_tb_id` = `bus_travel_schedules`.`buses_tb_id`
WHERE `bus_travel_schedules`.`date` = \'2025-08-13\'')
 3 FCPATH\vendor\codeigniter4\framework\system\Database\BaseBuilder.php(1649): CodeIgniter\Database\BaseConnection->query('SELECT `buses_tb`.`buses_tb_id`, `buses_tb`.`bus_name`, `buses_tb`.`bus_no`, `buses_tb`.`bus_type`
FROM `bus_trav_sched_tb`
JOIN `buses_tb` ON `buses_tb`.`buses_tb_id` = `bus_travel_schedules`.`buses_tb_id`
WHERE `bus_travel_schedules`.`date` = :bus_travel_schedules.date:', [...], false)
 4 FCPATH\vendor\codeigniter4\framework\system\Model.php(286): CodeIgniter\Database\BaseBuilder->get()
 5 FCPATH\vendor\codeigniter4\framework\system\BaseModel.php(675): CodeIgniter\Model->doFindAll(0, 0)
 6 APPPATH\Controllers\Pages\Schedules.php(190): CodeIgniter\BaseModel->findAll()
 7 FCPATH\vendor\codeigniter4\framework\system\CodeIgniter.php(933): App\Controllers\Pages\Schedules->getBusesByDate()
 8 FCPATH\vendor\codeigniter4\framework\system\CodeIgniter.php(507): CodeIgniter\CodeIgniter->runController(Object(App\Controllers\Pages\Schedules))
 9 FCPATH\vendor\codeigniter4\framework\system\CodeIgniter.php(354): CodeIgniter\CodeIgniter->handleRequest(null, Object(Config\Cache), false)
10 SYSTEMPATH\Boot.php(334): CodeIgniter\CodeIgniter->run()
11 SYSTEMPATH\Boot.php(67): CodeIgniter\Boot::runCodeIgniter(Object(CodeIgniter\CodeIgniter))
12 FCPATH\index.php(56): CodeIgniter\Boot::bootWeb(Object(Config\Paths))
CRITICAL - 2025-08-11 18:18:43 --> [Caused by] mysqli_sql_exception: Unknown column 'bus_travel_schedules.date' in 'where clause'
in FCPATH\vendor\codeigniter4\framework\system\Database\MySQLi\Connection.php on line 327.
 1 FCPATH\vendor\codeigniter4\framework\system\Database\MySQLi\Connection.php(327): mysqli->query('SELECT `buses_tb`.`buses_tb_id`, `buses_tb`.`bus_name`, `buses_tb`.`bus_no`, `buses_tb`.`bus_type`
FROM `bus_trav_sched_tb`
JOIN `buses_tb` ON `buses_tb`.`buses_tb_id` = `bus_travel_schedules`.`buses_tb_id`
WHERE `bus_travel_schedules`.`date` = \'2025-08-13\'', 0)
 2 FCPATH\vendor\codeigniter4\framework\system\Database\BaseConnection.php(738): CodeIgniter\Database\MySQLi\Connection->execute('SELECT `buses_tb`.`buses_tb_id`, `buses_tb`.`bus_name`, `buses_tb`.`bus_no`, `buses_tb`.`bus_type`
FROM `bus_trav_sched_tb`
JOIN `buses_tb` ON `buses_tb`.`buses_tb_id` = `bus_travel_schedules`.`buses_tb_id`
WHERE `bus_travel_schedules`.`date` = \'2025-08-13\'')
 3 FCPATH\vendor\codeigniter4\framework\system\Database\BaseConnection.php(652): CodeIgniter\Database\BaseConnection->simpleQuery('SELECT `buses_tb`.`buses_tb_id`, `buses_tb`.`bus_name`, `buses_tb`.`bus_no`, `buses_tb`.`bus_type`
FROM `bus_trav_sched_tb`
JOIN `buses_tb` ON `buses_tb`.`buses_tb_id` = `bus_travel_schedules`.`buses_tb_id`
WHERE `bus_travel_schedules`.`date` = \'2025-08-13\'')
 4 FCPATH\vendor\codeigniter4\framework\system\Database\BaseBuilder.php(1649): CodeIgniter\Database\BaseConnection->query('SELECT `buses_tb`.`buses_tb_id`, `buses_tb`.`bus_name`, `buses_tb`.`bus_no`, `buses_tb`.`bus_type`
FROM `bus_trav_sched_tb`
JOIN `buses_tb` ON `buses_tb`.`buses_tb_id` = `bus_travel_schedules`.`buses_tb_id`
WHERE `bus_travel_schedules`.`date` = :bus_travel_schedules.date:', [...], false)
 5 FCPATH\vendor\codeigniter4\framework\system\Model.php(286): CodeIgniter\Database\BaseBuilder->get()
 6 FCPATH\vendor\codeigniter4\framework\system\BaseModel.php(675): CodeIgniter\Model->doFindAll(0, 0)
 7 APPPATH\Controllers\Pages\Schedules.php(190): CodeIgniter\BaseModel->findAll()
 8 FCPATH\vendor\codeigniter4\framework\system\CodeIgniter.php(933): App\Controllers\Pages\Schedules->getBusesByDate()
 9 FCPATH\vendor\codeigniter4\framework\system\CodeIgniter.php(507): CodeIgniter\CodeIgniter->runController(Object(App\Controllers\Pages\Schedules))
10 FCPATH\vendor\codeigniter4\framework\system\CodeIgniter.php(354): CodeIgniter\CodeIgniter->handleRequest(null, Object(Config\Cache), false)
11 SYSTEMPATH\Boot.php(334): CodeIgniter\CodeIgniter->run()
12 SYSTEMPATH\Boot.php(67): CodeIgniter\Boot::runCodeIgniter(Object(CodeIgniter\CodeIgniter))
13 FCPATH\index.php(56): CodeIgniter\Boot::bootWeb(Object(Config\Paths))
ERROR - 2025-08-11 18:18:55 --> mysqli_sql_exception: Unknown column 'bus_travel_schedules.date' in 'where clause' in C:\xampp\htdocs\Bus-Reservation-System\vendor\codeigniter4\framework\system\Database\MySQLi\Connection.php:327
Stack trace:
#0 C:\xampp\htdocs\Bus-Reservation-System\vendor\codeigniter4\framework\system\Database\MySQLi\Connection.php(327): mysqli->query('SELECT `buses_t...', 0)
#1 C:\xampp\htdocs\Bus-Reservation-System\vendor\codeigniter4\framework\system\Database\BaseConnection.php(738): CodeIgniter\Database\MySQLi\Connection->execute('SELECT `buses_t...')
#2 C:\xampp\htdocs\Bus-Reservation-System\vendor\codeigniter4\framework\system\Database\BaseConnection.php(652): CodeIgniter\Database\BaseConnection->simpleQuery('SELECT `buses_t...')
#3 C:\xampp\htdocs\Bus-Reservation-System\vendor\codeigniter4\framework\system\Database\BaseBuilder.php(1649): CodeIgniter\Database\BaseConnection->query('SELECT `buses_t...', Array, false)
#4 C:\xampp\htdocs\Bus-Reservation-System\vendor\codeigniter4\framework\system\Model.php(286): CodeIgniter\Database\BaseBuilder->get()
#5 C:\xampp\htdocs\Bus-Reservation-System\vendor\codeigniter4\framework\system\BaseModel.php(675): CodeIgniter\Model->doFindAll(0, 0)
#6 C:\xampp\htdocs\Bus-Reservation-System\app\Controllers\Pages\Schedules.php(190): CodeIgniter\BaseModel->findAll()
#7 C:\xampp\htdocs\Bus-Reservation-System\vendor\codeigniter4\framework\system\CodeIgniter.php(933): App\Controllers\Pages\Schedules->getBusesByDate()
#8 C:\xampp\htdocs\Bus-Reservation-System\vendor\codeigniter4\framework\system\CodeIgniter.php(507): CodeIgniter\CodeIgniter->runController(Object(App\Controllers\Pages\Schedules))
#9 C:\xampp\htdocs\Bus-Reservation-System\vendor\codeigniter4\framework\system\CodeIgniter.php(354): CodeIgniter\CodeIgniter->handleRequest(NULL, Object(Config\Cache), false)
#10 C:\xampp\htdocs\Bus-Reservation-System\system\Boot.php(334): CodeIgniter\CodeIgniter->run()
#11 C:\xampp\htdocs\Bus-Reservation-System\system\Boot.php(67): CodeIgniter\Boot::runCodeIgniter(Object(CodeIgniter\CodeIgniter))
#12 C:\xampp\htdocs\Bus-Reservation-System\index.php(56): CodeIgniter\Boot::bootWeb(Object(Config\Paths))
#13 {main}
CRITICAL - 2025-08-11 18:18:55 --> CodeIgniter\Database\Exceptions\DatabaseException: Unknown column 'bus_travel_schedules.date' in 'where clause'
[Method: POST, Route: admin/schedules/getBusesByDate]
in FCPATH\vendor\codeigniter4\framework\system\Database\BaseConnection.php on line 692.
 1 FCPATH\vendor\codeigniter4\framework\system\Database\BaseBuilder.php(1649): CodeIgniter\Database\BaseConnection->query('SELECT `buses_tb`.`buses_tb_id`, `buses_tb`.`bus_name`, `buses_tb`.`bus_no`, `buses_tb`.`bus_type`
FROM `bus_trav_sched_tb`
JOIN `buses_tb` ON `buses_tb`.`buses_tb_id` = `bus_travel_schedules`.`buses_tb_id`
WHERE `bus_travel_schedules`.`date` = :bus_travel_schedules.date:', [...], false)
 2 FCPATH\vendor\codeigniter4\framework\system\Model.php(286): CodeIgniter\Database\BaseBuilder->get()
 3 FCPATH\vendor\codeigniter4\framework\system\BaseModel.php(675): CodeIgniter\Model->doFindAll(0, 0)
 4 APPPATH\Controllers\Pages\Schedules.php(190): CodeIgniter\BaseModel->findAll()
 5 FCPATH\vendor\codeigniter4\framework\system\CodeIgniter.php(933): App\Controllers\Pages\Schedules->getBusesByDate()
 6 FCPATH\vendor\codeigniter4\framework\system\CodeIgniter.php(507): CodeIgniter\CodeIgniter->runController(Object(App\Controllers\Pages\Schedules))
 7 FCPATH\vendor\codeigniter4\framework\system\CodeIgniter.php(354): CodeIgniter\CodeIgniter->handleRequest(null, Object(Config\Cache), false)
 8 SYSTEMPATH\Boot.php(334): CodeIgniter\CodeIgniter->run()
 9 SYSTEMPATH\Boot.php(67): CodeIgniter\Boot::runCodeIgniter(Object(CodeIgniter\CodeIgniter))
10 FCPATH\index.php(56): CodeIgniter\Boot::bootWeb(Object(Config\Paths))
CRITICAL - 2025-08-11 18:18:55 --> [Caused by] CodeIgniter\Database\Exceptions\DatabaseException: Unknown column 'bus_travel_schedules.date' in 'where clause'
in FCPATH\vendor\codeigniter4\framework\system\Database\MySQLi\Connection.php on line 332.
 1 FCPATH\vendor\codeigniter4\framework\system\Database\BaseConnection.php(738): CodeIgniter\Database\MySQLi\Connection->execute('SELECT `buses_tb`.`buses_tb_id`, `buses_tb`.`bus_name`, `buses_tb`.`bus_no`, `buses_tb`.`bus_type`
FROM `bus_trav_sched_tb`
JOIN `buses_tb` ON `buses_tb`.`buses_tb_id` = `bus_travel_schedules`.`buses_tb_id`
WHERE `bus_travel_schedules`.`date` = \'2025-08-13\'')
 2 FCPATH\vendor\codeigniter4\framework\system\Database\BaseConnection.php(652): CodeIgniter\Database\BaseConnection->simpleQuery('SELECT `buses_tb`.`buses_tb_id`, `buses_tb`.`bus_name`, `buses_tb`.`bus_no`, `buses_tb`.`bus_type`
FROM `bus_trav_sched_tb`
JOIN `buses_tb` ON `buses_tb`.`buses_tb_id` = `bus_travel_schedules`.`buses_tb_id`
WHERE `bus_travel_schedules`.`date` = \'2025-08-13\'')
 3 FCPATH\vendor\codeigniter4\framework\system\Database\BaseBuilder.php(1649): CodeIgniter\Database\BaseConnection->query('SELECT `buses_tb`.`buses_tb_id`, `buses_tb`.`bus_name`, `buses_tb`.`bus_no`, `buses_tb`.`bus_type`
FROM `bus_trav_sched_tb`
JOIN `buses_tb` ON `buses_tb`.`buses_tb_id` = `bus_travel_schedules`.`buses_tb_id`
WHERE `bus_travel_schedules`.`date` = :bus_travel_schedules.date:', [...], false)
 4 FCPATH\vendor\codeigniter4\framework\system\Model.php(286): CodeIgniter\Database\BaseBuilder->get()
 5 FCPATH\vendor\codeigniter4\framework\system\BaseModel.php(675): CodeIgniter\Model->doFindAll(0, 0)
 6 APPPATH\Controllers\Pages\Schedules.php(190): CodeIgniter\BaseModel->findAll()
 7 FCPATH\vendor\codeigniter4\framework\system\CodeIgniter.php(933): App\Controllers\Pages\Schedules->getBusesByDate()
 8 FCPATH\vendor\codeigniter4\framework\system\CodeIgniter.php(507): CodeIgniter\CodeIgniter->runController(Object(App\Controllers\Pages\Schedules))
 9 FCPATH\vendor\codeigniter4\framework\system\CodeIgniter.php(354): CodeIgniter\CodeIgniter->handleRequest(null, Object(Config\Cache), false)
10 SYSTEMPATH\Boot.php(334): CodeIgniter\CodeIgniter->run()
11 SYSTEMPATH\Boot.php(67): CodeIgniter\Boot::runCodeIgniter(Object(CodeIgniter\CodeIgniter))
12 FCPATH\index.php(56): CodeIgniter\Boot::bootWeb(Object(Config\Paths))
CRITICAL - 2025-08-11 18:18:55 --> [Caused by] mysqli_sql_exception: Unknown column 'bus_travel_schedules.date' in 'where clause'
in FCPATH\vendor\codeigniter4\framework\system\Database\MySQLi\Connection.php on line 327.
 1 FCPATH\vendor\codeigniter4\framework\system\Database\MySQLi\Connection.php(327): mysqli->query('SELECT `buses_tb`.`buses_tb_id`, `buses_tb`.`bus_name`, `buses_tb`.`bus_no`, `buses_tb`.`bus_type`
FROM `bus_trav_sched_tb`
JOIN `buses_tb` ON `buses_tb`.`buses_tb_id` = `bus_travel_schedules`.`buses_tb_id`
WHERE `bus_travel_schedules`.`date` = \'2025-08-13\'', 0)
 2 FCPATH\vendor\codeigniter4\framework\system\Database\BaseConnection.php(738): CodeIgniter\Database\MySQLi\Connection->execute('SELECT `buses_tb`.`buses_tb_id`, `buses_tb`.`bus_name`, `buses_tb`.`bus_no`, `buses_tb`.`bus_type`
FROM `bus_trav_sched_tb`
JOIN `buses_tb` ON `buses_tb`.`buses_tb_id` = `bus_travel_schedules`.`buses_tb_id`
WHERE `bus_travel_schedules`.`date` = \'2025-08-13\'')
 3 FCPATH\vendor\codeigniter4\framework\system\Database\BaseConnection.php(652): CodeIgniter\Database\BaseConnection->simpleQuery('SELECT `buses_tb`.`buses_tb_id`, `buses_tb`.`bus_name`, `buses_tb`.`bus_no`, `buses_tb`.`bus_type`
FROM `bus_trav_sched_tb`
JOIN `buses_tb` ON `buses_tb`.`buses_tb_id` = `bus_travel_schedules`.`buses_tb_id`
WHERE `bus_travel_schedules`.`date` = \'2025-08-13\'')
 4 FCPATH\vendor\codeigniter4\framework\system\Database\BaseBuilder.php(1649): CodeIgniter\Database\BaseConnection->query('SELECT `buses_tb`.`buses_tb_id`, `buses_tb`.`bus_name`, `buses_tb`.`bus_no`, `buses_tb`.`bus_type`
FROM `bus_trav_sched_tb`
JOIN `buses_tb` ON `buses_tb`.`buses_tb_id` = `bus_travel_schedules`.`buses_tb_id`
WHERE `bus_travel_schedules`.`date` = :bus_travel_schedules.date:', [...], false)
 5 FCPATH\vendor\codeigniter4\framework\system\Model.php(286): CodeIgniter\Database\BaseBuilder->get()
 6 FCPATH\vendor\codeigniter4\framework\system\BaseModel.php(675): CodeIgniter\Model->doFindAll(0, 0)
 7 APPPATH\Controllers\Pages\Schedules.php(190): CodeIgniter\BaseModel->findAll()
 8 FCPATH\vendor\codeigniter4\framework\system\CodeIgniter.php(933): App\Controllers\Pages\Schedules->getBusesByDate()
 9 FCPATH\vendor\codeigniter4\framework\system\CodeIgniter.php(507): CodeIgniter\CodeIgniter->runController(Object(App\Controllers\Pages\Schedules))
10 FCPATH\vendor\codeigniter4\framework\system\CodeIgniter.php(354): CodeIgniter\CodeIgniter->handleRequest(null, Object(Config\Cache), false)
11 SYSTEMPATH\Boot.php(334): CodeIgniter\CodeIgniter->run()
12 SYSTEMPATH\Boot.php(67): CodeIgniter\Boot::runCodeIgniter(Object(CodeIgniter\CodeIgniter))
13 FCPATH\index.php(56): CodeIgniter\Boot::bootWeb(Object(Config\Paths))
ERROR - 2025-08-11 18:18:55 --> mysqli_sql_exception: Unknown column 'bus_travel_schedules.date' in 'where clause' in C:\xampp\htdocs\Bus-Reservation-System\vendor\codeigniter4\framework\system\Database\MySQLi\Connection.php:327
Stack trace:
#0 C:\xampp\htdocs\Bus-Reservation-System\vendor\codeigniter4\framework\system\Database\MySQLi\Connection.php(327): mysqli->query('SELECT `buses_t...', 0)
#1 C:\xampp\htdocs\Bus-Reservation-System\vendor\codeigniter4\framework\system\Database\BaseConnection.php(738): CodeIgniter\Database\MySQLi\Connection->execute('SELECT `buses_t...')
#2 C:\xampp\htdocs\Bus-Reservation-System\vendor\codeigniter4\framework\system\Database\BaseConnection.php(652): CodeIgniter\Database\BaseConnection->simpleQuery('SELECT `buses_t...')
#3 C:\xampp\htdocs\Bus-Reservation-System\vendor\codeigniter4\framework\system\Database\BaseBuilder.php(1649): CodeIgniter\Database\BaseConnection->query('SELECT `buses_t...', Array, false)
#4 C:\xampp\htdocs\Bus-Reservation-System\vendor\codeigniter4\framework\system\Model.php(286): CodeIgniter\Database\BaseBuilder->get()
#5 C:\xampp\htdocs\Bus-Reservation-System\vendor\codeigniter4\framework\system\BaseModel.php(675): CodeIgniter\Model->doFindAll(0, 0)
#6 C:\xampp\htdocs\Bus-Reservation-System\app\Controllers\Pages\Schedules.php(190): CodeIgniter\BaseModel->findAll()
#7 C:\xampp\htdocs\Bus-Reservation-System\vendor\codeigniter4\framework\system\CodeIgniter.php(933): App\Controllers\Pages\Schedules->getBusesByDate()
#8 C:\xampp\htdocs\Bus-Reservation-System\vendor\codeigniter4\framework\system\CodeIgniter.php(507): CodeIgniter\CodeIgniter->runController(Object(App\Controllers\Pages\Schedules))
#9 C:\xampp\htdocs\Bus-Reservation-System\vendor\codeigniter4\framework\system\CodeIgniter.php(354): CodeIgniter\CodeIgniter->handleRequest(NULL, Object(Config\Cache), false)
#10 C:\xampp\htdocs\Bus-Reservation-System\system\Boot.php(334): CodeIgniter\CodeIgniter->run()
#11 C:\xampp\htdocs\Bus-Reservation-System\system\Boot.php(67): CodeIgniter\Boot::runCodeIgniter(Object(CodeIgniter\CodeIgniter))
#12 C:\xampp\htdocs\Bus-Reservation-System\index.php(56): CodeIgniter\Boot::bootWeb(Object(Config\Paths))
#13 {main}
CRITICAL - 2025-08-11 18:18:55 --> CodeIgniter\Database\Exceptions\DatabaseException: Unknown column 'bus_travel_schedules.date' in 'where clause'
[Method: POST, Route: admin/schedules/getBusesByDate]
in FCPATH\vendor\codeigniter4\framework\system\Database\BaseConnection.php on line 692.
 1 FCPATH\vendor\codeigniter4\framework\system\Database\BaseBuilder.php(1649): CodeIgniter\Database\BaseConnection->query('SELECT `buses_tb`.`buses_tb_id`, `buses_tb`.`bus_name`, `buses_tb`.`bus_no`, `buses_tb`.`bus_type`
FROM `bus_trav_sched_tb`
JOIN `buses_tb` ON `buses_tb`.`buses_tb_id` = `bus_travel_schedules`.`buses_tb_id`
WHERE `bus_travel_schedules`.`date` = :bus_travel_schedules.date:', [...], false)
 2 FCPATH\vendor\codeigniter4\framework\system\Model.php(286): CodeIgniter\Database\BaseBuilder->get()
 3 FCPATH\vendor\codeigniter4\framework\system\BaseModel.php(675): CodeIgniter\Model->doFindAll(0, 0)
 4 APPPATH\Controllers\Pages\Schedules.php(190): CodeIgniter\BaseModel->findAll()
 5 FCPATH\vendor\codeigniter4\framework\system\CodeIgniter.php(933): App\Controllers\Pages\Schedules->getBusesByDate()
 6 FCPATH\vendor\codeigniter4\framework\system\CodeIgniter.php(507): CodeIgniter\CodeIgniter->runController(Object(App\Controllers\Pages\Schedules))
 7 FCPATH\vendor\codeigniter4\framework\system\CodeIgniter.php(354): CodeIgniter\CodeIgniter->handleRequest(null, Object(Config\Cache), false)
 8 SYSTEMPATH\Boot.php(334): CodeIgniter\CodeIgniter->run()
 9 SYSTEMPATH\Boot.php(67): CodeIgniter\Boot::runCodeIgniter(Object(CodeIgniter\CodeIgniter))
10 FCPATH\index.php(56): CodeIgniter\Boot::bootWeb(Object(Config\Paths))
CRITICAL - 2025-08-11 18:18:55 --> [Caused by] CodeIgniter\Database\Exceptions\DatabaseException: Unknown column 'bus_travel_schedules.date' in 'where clause'
in FCPATH\vendor\codeigniter4\framework\system\Database\MySQLi\Connection.php on line 332.
 1 FCPATH\vendor\codeigniter4\framework\system\Database\BaseConnection.php(738): CodeIgniter\Database\MySQLi\Connection->execute('SELECT `buses_tb`.`buses_tb_id`, `buses_tb`.`bus_name`, `buses_tb`.`bus_no`, `buses_tb`.`bus_type`
FROM `bus_trav_sched_tb`
JOIN `buses_tb` ON `buses_tb`.`buses_tb_id` = `bus_travel_schedules`.`buses_tb_id`
WHERE `bus_travel_schedules`.`date` = \'2025-08-13\'')
 2 FCPATH\vendor\codeigniter4\framework\system\Database\BaseConnection.php(652): CodeIgniter\Database\BaseConnection->simpleQuery('SELECT `buses_tb`.`buses_tb_id`, `buses_tb`.`bus_name`, `buses_tb`.`bus_no`, `buses_tb`.`bus_type`
FROM `bus_trav_sched_tb`
JOIN `buses_tb` ON `buses_tb`.`buses_tb_id` = `bus_travel_schedules`.`buses_tb_id`
WHERE `bus_travel_schedules`.`date` = \'2025-08-13\'')
 3 FCPATH\vendor\codeigniter4\framework\system\Database\BaseBuilder.php(1649): CodeIgniter\Database\BaseConnection->query('SELECT `buses_tb`.`buses_tb_id`, `buses_tb`.`bus_name`, `buses_tb`.`bus_no`, `buses_tb`.`bus_type`
FROM `bus_trav_sched_tb`
JOIN `buses_tb` ON `buses_tb`.`buses_tb_id` = `bus_travel_schedules`.`buses_tb_id`
WHERE `bus_travel_schedules`.`date` = :bus_travel_schedules.date:', [...], false)
 4 FCPATH\vendor\codeigniter4\framework\system\Model.php(286): CodeIgniter\Database\BaseBuilder->get()
 5 FCPATH\vendor\codeigniter4\framework\system\BaseModel.php(675): CodeIgniter\Model->doFindAll(0, 0)
 6 APPPATH\Controllers\Pages\Schedules.php(190): CodeIgniter\BaseModel->findAll()
 7 FCPATH\vendor\codeigniter4\framework\system\CodeIgniter.php(933): App\Controllers\Pages\Schedules->getBusesByDate()
 8 FCPATH\vendor\codeigniter4\framework\system\CodeIgniter.php(507): CodeIgniter\CodeIgniter->runController(Object(App\Controllers\Pages\Schedules))
 9 FCPATH\vendor\codeigniter4\framework\system\CodeIgniter.php(354): CodeIgniter\CodeIgniter->handleRequest(null, Object(Config\Cache), false)
10 SYSTEMPATH\Boot.php(334): CodeIgniter\CodeIgniter->run()
11 SYSTEMPATH\Boot.php(67): CodeIgniter\Boot::runCodeIgniter(Object(CodeIgniter\CodeIgniter))
12 FCPATH\index.php(56): CodeIgniter\Boot::bootWeb(Object(Config\Paths))
CRITICAL - 2025-08-11 18:18:55 --> [Caused by] mysqli_sql_exception: Unknown column 'bus_travel_schedules.date' in 'where clause'
in FCPATH\vendor\codeigniter4\framework\system\Database\MySQLi\Connection.php on line 327.
 1 FCPATH\vendor\codeigniter4\framework\system\Database\MySQLi\Connection.php(327): mysqli->query('SELECT `buses_tb`.`buses_tb_id`, `buses_tb`.`bus_name`, `buses_tb`.`bus_no`, `buses_tb`.`bus_type`
FROM `bus_trav_sched_tb`
JOIN `buses_tb` ON `buses_tb`.`buses_tb_id` = `bus_travel_schedules`.`buses_tb_id`
WHERE `bus_travel_schedules`.`date` = \'2025-08-13\'', 0)
 2 FCPATH\vendor\codeigniter4\framework\system\Database\BaseConnection.php(738): CodeIgniter\Database\MySQLi\Connection->execute('SELECT `buses_tb`.`buses_tb_id`, `buses_tb`.`bus_name`, `buses_tb`.`bus_no`, `buses_tb`.`bus_type`
FROM `bus_trav_sched_tb`
JOIN `buses_tb` ON `buses_tb`.`buses_tb_id` = `bus_travel_schedules`.`buses_tb_id`
WHERE `bus_travel_schedules`.`date` = \'2025-08-13\'')
 3 FCPATH\vendor\codeigniter4\framework\system\Database\BaseConnection.php(652): CodeIgniter\Database\BaseConnection->simpleQuery('SELECT `buses_tb`.`buses_tb_id`, `buses_tb`.`bus_name`, `buses_tb`.`bus_no`, `buses_tb`.`bus_type`
FROM `bus_trav_sched_tb`
JOIN `buses_tb` ON `buses_tb`.`buses_tb_id` = `bus_travel_schedules`.`buses_tb_id`
WHERE `bus_travel_schedules`.`date` = \'2025-08-13\'')
 4 FCPATH\vendor\codeigniter4\framework\system\Database\BaseBuilder.php(1649): CodeIgniter\Database\BaseConnection->query('SELECT `buses_tb`.`buses_tb_id`, `buses_tb`.`bus_name`, `buses_tb`.`bus_no`, `buses_tb`.`bus_type`
FROM `bus_trav_sched_tb`
JOIN `buses_tb` ON `buses_tb`.`buses_tb_id` = `bus_travel_schedules`.`buses_tb_id`
WHERE `bus_travel_schedules`.`date` = :bus_travel_schedules.date:', [...], false)
 5 FCPATH\vendor\codeigniter4\framework\system\Model.php(286): CodeIgniter\Database\BaseBuilder->get()
 6 FCPATH\vendor\codeigniter4\framework\system\BaseModel.php(675): CodeIgniter\Model->doFindAll(0, 0)
 7 APPPATH\Controllers\Pages\Schedules.php(190): CodeIgniter\BaseModel->findAll()
 8 FCPATH\vendor\codeigniter4\framework\system\CodeIgniter.php(933): App\Controllers\Pages\Schedules->getBusesByDate()
 9 FCPATH\vendor\codeigniter4\framework\system\CodeIgniter.php(507): CodeIgniter\CodeIgniter->runController(Object(App\Controllers\Pages\Schedules))
10 FCPATH\vendor\codeigniter4\framework\system\CodeIgniter.php(354): CodeIgniter\CodeIgniter->handleRequest(null, Object(Config\Cache), false)
11 SYSTEMPATH\Boot.php(334): CodeIgniter\CodeIgniter->run()
12 SYSTEMPATH\Boot.php(67): CodeIgniter\Boot::runCodeIgniter(Object(CodeIgniter\CodeIgniter))
13 FCPATH\index.php(56): CodeIgniter\Boot::bootWeb(Object(Config\Paths))
ERROR - 2025-08-11 18:20:13 --> mysqli_sql_exception: Unknown column 'bus_travel_schedules.date' in 'where clause' in C:\xampp\htdocs\Bus-Reservation-System\vendor\codeigniter4\framework\system\Database\MySQLi\Connection.php:327
Stack trace:
#0 C:\xampp\htdocs\Bus-Reservation-System\vendor\codeigniter4\framework\system\Database\MySQLi\Connection.php(327): mysqli->query('SELECT `buses_t...', 0)
#1 C:\xampp\htdocs\Bus-Reservation-System\vendor\codeigniter4\framework\system\Database\BaseConnection.php(738): CodeIgniter\Database\MySQLi\Connection->execute('SELECT `buses_t...')
#2 C:\xampp\htdocs\Bus-Reservation-System\vendor\codeigniter4\framework\system\Database\BaseConnection.php(652): CodeIgniter\Database\BaseConnection->simpleQuery('SELECT `buses_t...')
#3 C:\xampp\htdocs\Bus-Reservation-System\vendor\codeigniter4\framework\system\Database\BaseBuilder.php(1649): CodeIgniter\Database\BaseConnection->query('SELECT `buses_t...', Array, false)
#4 C:\xampp\htdocs\Bus-Reservation-System\vendor\codeigniter4\framework\system\Model.php(286): CodeIgniter\Database\BaseBuilder->get()
#5 C:\xampp\htdocs\Bus-Reservation-System\vendor\codeigniter4\framework\system\BaseModel.php(675): CodeIgniter\Model->doFindAll(0, 0)
#6 C:\xampp\htdocs\Bus-Reservation-System\app\Controllers\Pages\Schedules.php(190): CodeIgniter\BaseModel->findAll()
#7 C:\xampp\htdocs\Bus-Reservation-System\vendor\codeigniter4\framework\system\CodeIgniter.php(933): App\Controllers\Pages\Schedules->getBusesByDate()
#8 C:\xampp\htdocs\Bus-Reservation-System\vendor\codeigniter4\framework\system\CodeIgniter.php(507): CodeIgniter\CodeIgniter->runController(Object(App\Controllers\Pages\Schedules))
#9 C:\xampp\htdocs\Bus-Reservation-System\vendor\codeigniter4\framework\system\CodeIgniter.php(354): CodeIgniter\CodeIgniter->handleRequest(NULL, Object(Config\Cache), false)
#10 C:\xampp\htdocs\Bus-Reservation-System\system\Boot.php(334): CodeIgniter\CodeIgniter->run()
#11 C:\xampp\htdocs\Bus-Reservation-System\system\Boot.php(67): CodeIgniter\Boot::runCodeIgniter(Object(CodeIgniter\CodeIgniter))
#12 C:\xampp\htdocs\Bus-Reservation-System\index.php(56): CodeIgniter\Boot::bootWeb(Object(Config\Paths))
#13 {main}
CRITICAL - 2025-08-11 18:20:13 --> CodeIgniter\Database\Exceptions\DatabaseException: Unknown column 'bus_travel_schedules.date' in 'where clause'
[Method: POST, Route: admin/schedules/getBusesByDate]
in FCPATH\vendor\codeigniter4\framework\system\Database\BaseConnection.php on line 692.
 1 FCPATH\vendor\codeigniter4\framework\system\Database\BaseBuilder.php(1649): CodeIgniter\Database\BaseConnection->query('SELECT `buses_tb`.`buses_tb_id`, `buses_tb`.`bus_name`, `buses_tb`.`bus_no`, `buses_tb`.`bus_type`
FROM `bus_trav_sched_tb`
JOIN `buses_tb` ON `buses_tb`.`buses_tb_id` = `bus_travel_schedules`.`buses_tb_id`
WHERE `bus_travel_schedules`.`date` = :bus_travel_schedules.date:', [...], false)
 2 FCPATH\vendor\codeigniter4\framework\system\Model.php(286): CodeIgniter\Database\BaseBuilder->get()
 3 FCPATH\vendor\codeigniter4\framework\system\BaseModel.php(675): CodeIgniter\Model->doFindAll(0, 0)
 4 APPPATH\Controllers\Pages\Schedules.php(190): CodeIgniter\BaseModel->findAll()
 5 FCPATH\vendor\codeigniter4\framework\system\CodeIgniter.php(933): App\Controllers\Pages\Schedules->getBusesByDate()
 6 FCPATH\vendor\codeigniter4\framework\system\CodeIgniter.php(507): CodeIgniter\CodeIgniter->runController(Object(App\Controllers\Pages\Schedules))
 7 FCPATH\vendor\codeigniter4\framework\system\CodeIgniter.php(354): CodeIgniter\CodeIgniter->handleRequest(null, Object(Config\Cache), false)
 8 SYSTEMPATH\Boot.php(334): CodeIgniter\CodeIgniter->run()
 9 SYSTEMPATH\Boot.php(67): CodeIgniter\Boot::runCodeIgniter(Object(CodeIgniter\CodeIgniter))
10 FCPATH\index.php(56): CodeIgniter\Boot::bootWeb(Object(Config\Paths))
CRITICAL - 2025-08-11 18:20:13 --> [Caused by] CodeIgniter\Database\Exceptions\DatabaseException: Unknown column 'bus_travel_schedules.date' in 'where clause'
in FCPATH\vendor\codeigniter4\framework\system\Database\MySQLi\Connection.php on line 332.
 1 FCPATH\vendor\codeigniter4\framework\system\Database\BaseConnection.php(738): CodeIgniter\Database\MySQLi\Connection->execute('SELECT `buses_tb`.`buses_tb_id`, `buses_tb`.`bus_name`, `buses_tb`.`bus_no`, `buses_tb`.`bus_type`
FROM `bus_trav_sched_tb`
JOIN `buses_tb` ON `buses_tb`.`buses_tb_id` = `bus_travel_schedules`.`buses_tb_id`
WHERE `bus_travel_schedules`.`date` = \'2025-08-13\'')
 2 FCPATH\vendor\codeigniter4\framework\system\Database\BaseConnection.php(652): CodeIgniter\Database\BaseConnection->simpleQuery('SELECT `buses_tb`.`buses_tb_id`, `buses_tb`.`bus_name`, `buses_tb`.`bus_no`, `buses_tb`.`bus_type`
FROM `bus_trav_sched_tb`
JOIN `buses_tb` ON `buses_tb`.`buses_tb_id` = `bus_travel_schedules`.`buses_tb_id`
WHERE `bus_travel_schedules`.`date` = \'2025-08-13\'')
 3 FCPATH\vendor\codeigniter4\framework\system\Database\BaseBuilder.php(1649): CodeIgniter\Database\BaseConnection->query('SELECT `buses_tb`.`buses_tb_id`, `buses_tb`.`bus_name`, `buses_tb`.`bus_no`, `buses_tb`.`bus_type`
FROM `bus_trav_sched_tb`
JOIN `buses_tb` ON `buses_tb`.`buses_tb_id` = `bus_travel_schedules`.`buses_tb_id`
WHERE `bus_travel_schedules`.`date` = :bus_travel_schedules.date:', [...], false)
 4 FCPATH\vendor\codeigniter4\framework\system\Model.php(286): CodeIgniter\Database\BaseBuilder->get()
 5 FCPATH\vendor\codeigniter4\framework\system\BaseModel.php(675): CodeIgniter\Model->doFindAll(0, 0)
 6 APPPATH\Controllers\Pages\Schedules.php(190): CodeIgniter\BaseModel->findAll()
 7 FCPATH\vendor\codeigniter4\framework\system\CodeIgniter.php(933): App\Controllers\Pages\Schedules->getBusesByDate()
 8 FCPATH\vendor\codeigniter4\framework\system\CodeIgniter.php(507): CodeIgniter\CodeIgniter->runController(Object(App\Controllers\Pages\Schedules))
 9 FCPATH\vendor\codeigniter4\framework\system\CodeIgniter.php(354): CodeIgniter\CodeIgniter->handleRequest(null, Object(Config\Cache), false)
10 SYSTEMPATH\Boot.php(334): CodeIgniter\CodeIgniter->run()
11 SYSTEMPATH\Boot.php(67): CodeIgniter\Boot::runCodeIgniter(Object(CodeIgniter\CodeIgniter))
12 FCPATH\index.php(56): CodeIgniter\Boot::bootWeb(Object(Config\Paths))
CRITICAL - 2025-08-11 18:20:13 --> [Caused by] mysqli_sql_exception: Unknown column 'bus_travel_schedules.date' in 'where clause'
in FCPATH\vendor\codeigniter4\framework\system\Database\MySQLi\Connection.php on line 327.
 1 FCPATH\vendor\codeigniter4\framework\system\Database\MySQLi\Connection.php(327): mysqli->query('SELECT `buses_tb`.`buses_tb_id`, `buses_tb`.`bus_name`, `buses_tb`.`bus_no`, `buses_tb`.`bus_type`
FROM `bus_trav_sched_tb`
JOIN `buses_tb` ON `buses_tb`.`buses_tb_id` = `bus_travel_schedules`.`buses_tb_id`
WHERE `bus_travel_schedules`.`date` = \'2025-08-13\'', 0)
 2 FCPATH\vendor\codeigniter4\framework\system\Database\BaseConnection.php(738): CodeIgniter\Database\MySQLi\Connection->execute('SELECT `buses_tb`.`buses_tb_id`, `buses_tb`.`bus_name`, `buses_tb`.`bus_no`, `buses_tb`.`bus_type`
FROM `bus_trav_sched_tb`
JOIN `buses_tb` ON `buses_tb`.`buses_tb_id` = `bus_travel_schedules`.`buses_tb_id`
WHERE `bus_travel_schedules`.`date` = \'2025-08-13\'')
 3 FCPATH\vendor\codeigniter4\framework\system\Database\BaseConnection.php(652): CodeIgniter\Database\BaseConnection->simpleQuery('SELECT `buses_tb`.`buses_tb_id`, `buses_tb`.`bus_name`, `buses_tb`.`bus_no`, `buses_tb`.`bus_type`
FROM `bus_trav_sched_tb`
JOIN `buses_tb` ON `buses_tb`.`buses_tb_id` = `bus_travel_schedules`.`buses_tb_id`
WHERE `bus_travel_schedules`.`date` = \'2025-08-13\'')
 4 FCPATH\vendor\codeigniter4\framework\system\Database\BaseBuilder.php(1649): CodeIgniter\Database\BaseConnection->query('SELECT `buses_tb`.`buses_tb_id`, `buses_tb`.`bus_name`, `buses_tb`.`bus_no`, `buses_tb`.`bus_type`
FROM `bus_trav_sched_tb`
JOIN `buses_tb` ON `buses_tb`.`buses_tb_id` = `bus_travel_schedules`.`buses_tb_id`
WHERE `bus_travel_schedules`.`date` = :bus_travel_schedules.date:', [...], false)
 5 FCPATH\vendor\codeigniter4\framework\system\Model.php(286): CodeIgniter\Database\BaseBuilder->get()
 6 FCPATH\vendor\codeigniter4\framework\system\BaseModel.php(675): CodeIgniter\Model->doFindAll(0, 0)
 7 APPPATH\Controllers\Pages\Schedules.php(190): CodeIgniter\BaseModel->findAll()
 8 FCPATH\vendor\codeigniter4\framework\system\CodeIgniter.php(933): App\Controllers\Pages\Schedules->getBusesByDate()
 9 FCPATH\vendor\codeigniter4\framework\system\CodeIgniter.php(507): CodeIgniter\CodeIgniter->runController(Object(App\Controllers\Pages\Schedules))
10 FCPATH\vendor\codeigniter4\framework\system\CodeIgniter.php(354): CodeIgniter\CodeIgniter->handleRequest(null, Object(Config\Cache), false)
11 SYSTEMPATH\Boot.php(334): CodeIgniter\CodeIgniter->run()
12 SYSTEMPATH\Boot.php(67): CodeIgniter\Boot::runCodeIgniter(Object(CodeIgniter\CodeIgniter))
13 FCPATH\index.php(56): CodeIgniter\Boot::bootWeb(Object(Config\Paths))
ERROR - 2025-08-11 18:20:13 --> mysqli_sql_exception: Unknown column 'bus_travel_schedules.date' in 'where clause' in C:\xampp\htdocs\Bus-Reservation-System\vendor\codeigniter4\framework\system\Database\MySQLi\Connection.php:327
Stack trace:
#0 C:\xampp\htdocs\Bus-Reservation-System\vendor\codeigniter4\framework\system\Database\MySQLi\Connection.php(327): mysqli->query('SELECT `buses_t...', 0)
#1 C:\xampp\htdocs\Bus-Reservation-System\vendor\codeigniter4\framework\system\Database\BaseConnection.php(738): CodeIgniter\Database\MySQLi\Connection->execute('SELECT `buses_t...')
#2 C:\xampp\htdocs\Bus-Reservation-System\vendor\codeigniter4\framework\system\Database\BaseConnection.php(652): CodeIgniter\Database\BaseConnection->simpleQuery('SELECT `buses_t...')
#3 C:\xampp\htdocs\Bus-Reservation-System\vendor\codeigniter4\framework\system\Database\BaseBuilder.php(1649): CodeIgniter\Database\BaseConnection->query('SELECT `buses_t...', Array, false)
#4 C:\xampp\htdocs\Bus-Reservation-System\vendor\codeigniter4\framework\system\Model.php(286): CodeIgniter\Database\BaseBuilder->get()
#5 C:\xampp\htdocs\Bus-Reservation-System\vendor\codeigniter4\framework\system\BaseModel.php(675): CodeIgniter\Model->doFindAll(0, 0)
#6 C:\xampp\htdocs\Bus-Reservation-System\app\Controllers\Pages\Schedules.php(190): CodeIgniter\BaseModel->findAll()
#7 C:\xampp\htdocs\Bus-Reservation-System\vendor\codeigniter4\framework\system\CodeIgniter.php(933): App\Controllers\Pages\Schedules->getBusesByDate()
#8 C:\xampp\htdocs\Bus-Reservation-System\vendor\codeigniter4\framework\system\CodeIgniter.php(507): CodeIgniter\CodeIgniter->runController(Object(App\Controllers\Pages\Schedules))
#9 C:\xampp\htdocs\Bus-Reservation-System\vendor\codeigniter4\framework\system\CodeIgniter.php(354): CodeIgniter\CodeIgniter->handleRequest(NULL, Object(Config\Cache), false)
#10 C:\xampp\htdocs\Bus-Reservation-System\system\Boot.php(334): CodeIgniter\CodeIgniter->run()
#11 C:\xampp\htdocs\Bus-Reservation-System\system\Boot.php(67): CodeIgniter\Boot::runCodeIgniter(Object(CodeIgniter\CodeIgniter))
#12 C:\xampp\htdocs\Bus-Reservation-System\index.php(56): CodeIgniter\Boot::bootWeb(Object(Config\Paths))
#13 {main}
CRITICAL - 2025-08-11 18:20:13 --> CodeIgniter\Database\Exceptions\DatabaseException: Unknown column 'bus_travel_schedules.date' in 'where clause'
[Method: POST, Route: admin/schedules/getBusesByDate]
in FCPATH\vendor\codeigniter4\framework\system\Database\BaseConnection.php on line 692.
 1 FCPATH\vendor\codeigniter4\framework\system\Database\BaseBuilder.php(1649): CodeIgniter\Database\BaseConnection->query('SELECT `buses_tb`.`buses_tb_id`, `buses_tb`.`bus_name`, `buses_tb`.`bus_no`, `buses_tb`.`bus_type`
FROM `bus_trav_sched_tb`
JOIN `buses_tb` ON `buses_tb`.`buses_tb_id` = `bus_travel_schedules`.`buses_tb_id`
WHERE `bus_travel_schedules`.`date` = :bus_travel_schedules.date:', [...], false)
 2 FCPATH\vendor\codeigniter4\framework\system\Model.php(286): CodeIgniter\Database\BaseBuilder->get()
 3 FCPATH\vendor\codeigniter4\framework\system\BaseModel.php(675): CodeIgniter\Model->doFindAll(0, 0)
 4 APPPATH\Controllers\Pages\Schedules.php(190): CodeIgniter\BaseModel->findAll()
 5 FCPATH\vendor\codeigniter4\framework\system\CodeIgniter.php(933): App\Controllers\Pages\Schedules->getBusesByDate()
 6 FCPATH\vendor\codeigniter4\framework\system\CodeIgniter.php(507): CodeIgniter\CodeIgniter->runController(Object(App\Controllers\Pages\Schedules))
 7 FCPATH\vendor\codeigniter4\framework\system\CodeIgniter.php(354): CodeIgniter\CodeIgniter->handleRequest(null, Object(Config\Cache), false)
 8 SYSTEMPATH\Boot.php(334): CodeIgniter\CodeIgniter->run()
 9 SYSTEMPATH\Boot.php(67): CodeIgniter\Boot::runCodeIgniter(Object(CodeIgniter\CodeIgniter))
10 FCPATH\index.php(56): CodeIgniter\Boot::bootWeb(Object(Config\Paths))
CRITICAL - 2025-08-11 18:20:13 --> [Caused by] CodeIgniter\Database\Exceptions\DatabaseException: Unknown column 'bus_travel_schedules.date' in 'where clause'
in FCPATH\vendor\codeigniter4\framework\system\Database\MySQLi\Connection.php on line 332.
 1 FCPATH\vendor\codeigniter4\framework\system\Database\BaseConnection.php(738): CodeIgniter\Database\MySQLi\Connection->execute('SELECT `buses_tb`.`buses_tb_id`, `buses_tb`.`bus_name`, `buses_tb`.`bus_no`, `buses_tb`.`bus_type`
FROM `bus_trav_sched_tb`
JOIN `buses_tb` ON `buses_tb`.`buses_tb_id` = `bus_travel_schedules`.`buses_tb_id`
WHERE `bus_travel_schedules`.`date` = \'2025-08-13\'')
 2 FCPATH\vendor\codeigniter4\framework\system\Database\BaseConnection.php(652): CodeIgniter\Database\BaseConnection->simpleQuery('SELECT `buses_tb`.`buses_tb_id`, `buses_tb`.`bus_name`, `buses_tb`.`bus_no`, `buses_tb`.`bus_type`
FROM `bus_trav_sched_tb`
JOIN `buses_tb` ON `buses_tb`.`buses_tb_id` = `bus_travel_schedules`.`buses_tb_id`
WHERE `bus_travel_schedules`.`date` = \'2025-08-13\'')
 3 FCPATH\vendor\codeigniter4\framework\system\Database\BaseBuilder.php(1649): CodeIgniter\Database\BaseConnection->query('SELECT `buses_tb`.`buses_tb_id`, `buses_tb`.`bus_name`, `buses_tb`.`bus_no`, `buses_tb`.`bus_type`
FROM `bus_trav_sched_tb`
JOIN `buses_tb` ON `buses_tb`.`buses_tb_id` = `bus_travel_schedules`.`buses_tb_id`
WHERE `bus_travel_schedules`.`date` = :bus_travel_schedules.date:', [...], false)
 4 FCPATH\vendor\codeigniter4\framework\system\Model.php(286): CodeIgniter\Database\BaseBuilder->get()
 5 FCPATH\vendor\codeigniter4\framework\system\BaseModel.php(675): CodeIgniter\Model->doFindAll(0, 0)
 6 APPPATH\Controllers\Pages\Schedules.php(190): CodeIgniter\BaseModel->findAll()
 7 FCPATH\vendor\codeigniter4\framework\system\CodeIgniter.php(933): App\Controllers\Pages\Schedules->getBusesByDate()
 8 FCPATH\vendor\codeigniter4\framework\system\CodeIgniter.php(507): CodeIgniter\CodeIgniter->runController(Object(App\Controllers\Pages\Schedules))
 9 FCPATH\vendor\codeigniter4\framework\system\CodeIgniter.php(354): CodeIgniter\CodeIgniter->handleRequest(null, Object(Config\Cache), false)
10 SYSTEMPATH\Boot.php(334): CodeIgniter\CodeIgniter->run()
11 SYSTEMPATH\Boot.php(67): CodeIgniter\Boot::runCodeIgniter(Object(CodeIgniter\CodeIgniter))
12 FCPATH\index.php(56): CodeIgniter\Boot::bootWeb(Object(Config\Paths))
CRITICAL - 2025-08-11 18:20:13 --> [Caused by] mysqli_sql_exception: Unknown column 'bus_travel_schedules.date' in 'where clause'
in FCPATH\vendor\codeigniter4\framework\system\Database\MySQLi\Connection.php on line 327.
 1 FCPATH\vendor\codeigniter4\framework\system\Database\MySQLi\Connection.php(327): mysqli->query('SELECT `buses_tb`.`buses_tb_id`, `buses_tb`.`bus_name`, `buses_tb`.`bus_no`, `buses_tb`.`bus_type`
FROM `bus_trav_sched_tb`
JOIN `buses_tb` ON `buses_tb`.`buses_tb_id` = `bus_travel_schedules`.`buses_tb_id`
WHERE `bus_travel_schedules`.`date` = \'2025-08-13\'', 0)
 2 FCPATH\vendor\codeigniter4\framework\system\Database\BaseConnection.php(738): CodeIgniter\Database\MySQLi\Connection->execute('SELECT `buses_tb`.`buses_tb_id`, `buses_tb`.`bus_name`, `buses_tb`.`bus_no`, `buses_tb`.`bus_type`
FROM `bus_trav_sched_tb`
JOIN `buses_tb` ON `buses_tb`.`buses_tb_id` = `bus_travel_schedules`.`buses_tb_id`
WHERE `bus_travel_schedules`.`date` = \'2025-08-13\'')
 3 FCPATH\vendor\codeigniter4\framework\system\Database\BaseConnection.php(652): CodeIgniter\Database\BaseConnection->simpleQuery('SELECT `buses_tb`.`buses_tb_id`, `buses_tb`.`bus_name`, `buses_tb`.`bus_no`, `buses_tb`.`bus_type`
FROM `bus_trav_sched_tb`
JOIN `buses_tb` ON `buses_tb`.`buses_tb_id` = `bus_travel_schedules`.`buses_tb_id`
WHERE `bus_travel_schedules`.`date` = \'2025-08-13\'')
 4 FCPATH\vendor\codeigniter4\framework\system\Database\BaseBuilder.php(1649): CodeIgniter\Database\BaseConnection->query('SELECT `buses_tb`.`buses_tb_id`, `buses_tb`.`bus_name`, `buses_tb`.`bus_no`, `buses_tb`.`bus_type`
FROM `bus_trav_sched_tb`
JOIN `buses_tb` ON `buses_tb`.`buses_tb_id` = `bus_travel_schedules`.`buses_tb_id`
WHERE `bus_travel_schedules`.`date` = :bus_travel_schedules.date:', [...], false)
 5 FCPATH\vendor\codeigniter4\framework\system\Model.php(286): CodeIgniter\Database\BaseBuilder->get()
 6 FCPATH\vendor\codeigniter4\framework\system\BaseModel.php(675): CodeIgniter\Model->doFindAll(0, 0)
 7 APPPATH\Controllers\Pages\Schedules.php(190): CodeIgniter\BaseModel->findAll()
 8 FCPATH\vendor\codeigniter4\framework\system\CodeIgniter.php(933): App\Controllers\Pages\Schedules->getBusesByDate()
 9 FCPATH\vendor\codeigniter4\framework\system\CodeIgniter.php(507): CodeIgniter\CodeIgniter->runController(Object(App\Controllers\Pages\Schedules))
10 FCPATH\vendor\codeigniter4\framework\system\CodeIgniter.php(354): CodeIgniter\CodeIgniter->handleRequest(null, Object(Config\Cache), false)
11 SYSTEMPATH\Boot.php(334): CodeIgniter\CodeIgniter->run()
12 SYSTEMPATH\Boot.php(67): CodeIgniter\Boot::runCodeIgniter(Object(CodeIgniter\CodeIgniter))
13 FCPATH\index.php(56): CodeIgniter\Boot::bootWeb(Object(Config\Paths))
ERROR - 2025-08-11 18:27:02 --> mysqli_sql_exception: Unknown column 'bus_travel_schedules.date' in 'where clause' in C:\xampp\htdocs\Bus-Reservation-System\vendor\codeigniter4\framework\system\Database\MySQLi\Connection.php:327
Stack trace:
#0 C:\xampp\htdocs\Bus-Reservation-System\vendor\codeigniter4\framework\system\Database\MySQLi\Connection.php(327): mysqli->query('SELECT `buses_t...', 0)
#1 C:\xampp\htdocs\Bus-Reservation-System\vendor\codeigniter4\framework\system\Database\BaseConnection.php(738): CodeIgniter\Database\MySQLi\Connection->execute('SELECT `buses_t...')
#2 C:\xampp\htdocs\Bus-Reservation-System\vendor\codeigniter4\framework\system\Database\BaseConnection.php(652): CodeIgniter\Database\BaseConnection->simpleQuery('SELECT `buses_t...')
#3 C:\xampp\htdocs\Bus-Reservation-System\vendor\codeigniter4\framework\system\Database\BaseBuilder.php(1649): CodeIgniter\Database\BaseConnection->query('SELECT `buses_t...', Array, false)
#4 C:\xampp\htdocs\Bus-Reservation-System\vendor\codeigniter4\framework\system\Model.php(286): CodeIgniter\Database\BaseBuilder->get()
#5 C:\xampp\htdocs\Bus-Reservation-System\vendor\codeigniter4\framework\system\BaseModel.php(675): CodeIgniter\Model->doFindAll(0, 0)
#6 C:\xampp\htdocs\Bus-Reservation-System\app\Controllers\Pages\Schedules.php(196): CodeIgniter\BaseModel->findAll()
#7 C:\xampp\htdocs\Bus-Reservation-System\vendor\codeigniter4\framework\system\CodeIgniter.php(933): App\Controllers\Pages\Schedules->getBusesByDate()
#8 C:\xampp\htdocs\Bus-Reservation-System\vendor\codeigniter4\framework\system\CodeIgniter.php(507): CodeIgniter\CodeIgniter->runController(Object(App\Controllers\Pages\Schedules))
#9 C:\xampp\htdocs\Bus-Reservation-System\vendor\codeigniter4\framework\system\CodeIgniter.php(354): CodeIgniter\CodeIgniter->handleRequest(NULL, Object(Config\Cache), false)
#10 C:\xampp\htdocs\Bus-Reservation-System\system\Boot.php(334): CodeIgniter\CodeIgniter->run()
#11 C:\xampp\htdocs\Bus-Reservation-System\system\Boot.php(67): CodeIgniter\Boot::runCodeIgniter(Object(CodeIgniter\CodeIgniter))
#12 C:\xampp\htdocs\Bus-Reservation-System\index.php(56): CodeIgniter\Boot::bootWeb(Object(Config\Paths))
#13 {main}
CRITICAL - 2025-08-11 18:27:02 --> CodeIgniter\Database\Exceptions\DatabaseException: Unknown column 'bus_travel_schedules.date' in 'where clause'
[Method: POST, Route: admin/schedules/getBusesByDate]
in FCPATH\vendor\codeigniter4\framework\system\Database\BaseConnection.php on line 692.
 1 FCPATH\vendor\codeigniter4\framework\system\Database\BaseBuilder.php(1649): CodeIgniter\Database\BaseConnection->query('SELECT `buses_tb`.`buses_tb_id`, `buses_tb`.`bus_name`, `buses_tb`.`bus_no`, `buses_tb`.`bus_type`
FROM `bus_trav_sched_tb`
JOIN `buses_tb` ON `buses_tb`.`buses_tb_id` = `bus_trav_sched_tb`.`buses_tb_id`
WHERE `bus_travel_schedules`.`date` = :bus_travel_schedules.date:
AND `bus_trav_sched_tb`.`date` >= :bus_trav_sched_tb.date:', [...], false)
 2 FCPATH\vendor\codeigniter4\framework\system\Model.php(286): CodeIgniter\Database\BaseBuilder->get()
 3 FCPATH\vendor\codeigniter4\framework\system\BaseModel.php(675): CodeIgniter\Model->doFindAll(0, 0)
 4 APPPATH\Controllers\Pages\Schedules.php(196): CodeIgniter\BaseModel->findAll()
 5 FCPATH\vendor\codeigniter4\framework\system\CodeIgniter.php(933): App\Controllers\Pages\Schedules->getBusesByDate()
 6 FCPATH\vendor\codeigniter4\framework\system\CodeIgniter.php(507): CodeIgniter\CodeIgniter->runController(Object(App\Controllers\Pages\Schedules))
 7 FCPATH\vendor\codeigniter4\framework\system\CodeIgniter.php(354): CodeIgniter\CodeIgniter->handleRequest(null, Object(Config\Cache), false)
 8 SYSTEMPATH\Boot.php(334): CodeIgniter\CodeIgniter->run()
 9 SYSTEMPATH\Boot.php(67): CodeIgniter\Boot::runCodeIgniter(Object(CodeIgniter\CodeIgniter))
10 FCPATH\index.php(56): CodeIgniter\Boot::bootWeb(Object(Config\Paths))
ERROR - 2025-08-11 18:27:02 --> mysqli_sql_exception: Unknown column 'bus_travel_schedules.date' in 'where clause' in C:\xampp\htdocs\Bus-Reservation-System\vendor\codeigniter4\framework\system\Database\MySQLi\Connection.php:327
Stack trace:
#0 C:\xampp\htdocs\Bus-Reservation-System\vendor\codeigniter4\framework\system\Database\MySQLi\Connection.php(327): mysqli->query('SELECT `buses_t...', 0)
#1 C:\xampp\htdocs\Bus-Reservation-System\vendor\codeigniter4\framework\system\Database\BaseConnection.php(738): CodeIgniter\Database\MySQLi\Connection->execute('SELECT `buses_t...')
#2 C:\xampp\htdocs\Bus-Reservation-System\vendor\codeigniter4\framework\system\Database\BaseConnection.php(652): CodeIgniter\Database\BaseConnection->simpleQuery('SELECT `buses_t...')
#3 C:\xampp\htdocs\Bus-Reservation-System\vendor\codeigniter4\framework\system\Database\BaseBuilder.php(1649): CodeIgniter\Database\BaseConnection->query('SELECT `buses_t...', Array, false)
#4 C:\xampp\htdocs\Bus-Reservation-System\vendor\codeigniter4\framework\system\Model.php(286): CodeIgniter\Database\BaseBuilder->get()
#5 C:\xampp\htdocs\Bus-Reservation-System\vendor\codeigniter4\framework\system\BaseModel.php(675): CodeIgniter\Model->doFindAll(0, 0)
#6 C:\xampp\htdocs\Bus-Reservation-System\app\Controllers\Pages\Schedules.php(196): CodeIgniter\BaseModel->findAll()
#7 C:\xampp\htdocs\Bus-Reservation-System\vendor\codeigniter4\framework\system\CodeIgniter.php(933): App\Controllers\Pages\Schedules->getBusesByDate()
#8 C:\xampp\htdocs\Bus-Reservation-System\vendor\codeigniter4\framework\system\CodeIgniter.php(507): CodeIgniter\CodeIgniter->runController(Object(App\Controllers\Pages\Schedules))
#9 C:\xampp\htdocs\Bus-Reservation-System\vendor\codeigniter4\framework\system\CodeIgniter.php(354): CodeIgniter\CodeIgniter->handleRequest(NULL, Object(Config\Cache), false)
#10 C:\xampp\htdocs\Bus-Reservation-System\system\Boot.php(334): CodeIgniter\CodeIgniter->run()
#11 C:\xampp\htdocs\Bus-Reservation-System\system\Boot.php(67): CodeIgniter\Boot::runCodeIgniter(Object(CodeIgniter\CodeIgniter))
#12 C:\xampp\htdocs\Bus-Reservation-System\index.php(56): CodeIgniter\Boot::bootWeb(Object(Config\Paths))
#13 {main}
CRITICAL - 2025-08-11 18:27:02 --> [Caused by] CodeIgniter\Database\Exceptions\DatabaseException: Unknown column 'bus_travel_schedules.date' in 'where clause'
in FCPATH\vendor\codeigniter4\framework\system\Database\MySQLi\Connection.php on line 332.
 1 FCPATH\vendor\codeigniter4\framework\system\Database\BaseConnection.php(738): CodeIgniter\Database\MySQLi\Connection->execute('SELECT `buses_tb`.`buses_tb_id`, `buses_tb`.`bus_name`, `buses_tb`.`bus_no`, `buses_tb`.`bus_type`
FROM `bus_trav_sched_tb`
JOIN `buses_tb` ON `buses_tb`.`buses_tb_id` = `bus_trav_sched_tb`.`buses_tb_id`
WHERE `bus_travel_schedules`.`date` = \'2025-08-13\'
AND `bus_trav_sched_tb`.`date` >= \'2025-08-11\'')
 2 FCPATH\vendor\codeigniter4\framework\system\Database\BaseConnection.php(652): CodeIgniter\Database\BaseConnection->simpleQuery('SELECT `buses_tb`.`buses_tb_id`, `buses_tb`.`bus_name`, `buses_tb`.`bus_no`, `buses_tb`.`bus_type`
FROM `bus_trav_sched_tb`
JOIN `buses_tb` ON `buses_tb`.`buses_tb_id` = `bus_trav_sched_tb`.`buses_tb_id`
WHERE `bus_travel_schedules`.`date` = \'2025-08-13\'
AND `bus_trav_sched_tb`.`date` >= \'2025-08-11\'')
 3 FCPATH\vendor\codeigniter4\framework\system\Database\BaseBuilder.php(1649): CodeIgniter\Database\BaseConnection->query('SELECT `buses_tb`.`buses_tb_id`, `buses_tb`.`bus_name`, `buses_tb`.`bus_no`, `buses_tb`.`bus_type`
FROM `bus_trav_sched_tb`
JOIN `buses_tb` ON `buses_tb`.`buses_tb_id` = `bus_trav_sched_tb`.`buses_tb_id`
WHERE `bus_travel_schedules`.`date` = :bus_travel_schedules.date:
AND `bus_trav_sched_tb`.`date` >= :bus_trav_sched_tb.date:', [...], false)
 4 FCPATH\vendor\codeigniter4\framework\system\Model.php(286): CodeIgniter\Database\BaseBuilder->get()
 5 FCPATH\vendor\codeigniter4\framework\system\BaseModel.php(675): CodeIgniter\Model->doFindAll(0, 0)
 6 APPPATH\Controllers\Pages\Schedules.php(196): CodeIgniter\BaseModel->findAll()
 7 FCPATH\vendor\codeigniter4\framework\system\CodeIgniter.php(933): App\Controllers\Pages\Schedules->getBusesByDate()
 8 FCPATH\vendor\codeigniter4\framework\system\CodeIgniter.php(507): CodeIgniter\CodeIgniter->runController(Object(App\Controllers\Pages\Schedules))
 9 FCPATH\vendor\codeigniter4\framework\system\CodeIgniter.php(354): CodeIgniter\CodeIgniter->handleRequest(null, Object(Config\Cache), false)
10 SYSTEMPATH\Boot.php(334): CodeIgniter\CodeIgniter->run()
11 SYSTEMPATH\Boot.php(67): CodeIgniter\Boot::runCodeIgniter(Object(CodeIgniter\CodeIgniter))
12 FCPATH\index.php(56): CodeIgniter\Boot::bootWeb(Object(Config\Paths))
CRITICAL - 2025-08-11 18:27:02 --> [Caused by] mysqli_sql_exception: Unknown column 'bus_travel_schedules.date' in 'where clause'
in FCPATH\vendor\codeigniter4\framework\system\Database\MySQLi\Connection.php on line 327.
 1 FCPATH\vendor\codeigniter4\framework\system\Database\MySQLi\Connection.php(327): mysqli->query('SELECT `buses_tb`.`buses_tb_id`, `buses_tb`.`bus_name`, `buses_tb`.`bus_no`, `buses_tb`.`bus_type`
FROM `bus_trav_sched_tb`
JOIN `buses_tb` ON `buses_tb`.`buses_tb_id` = `bus_trav_sched_tb`.`buses_tb_id`
WHERE `bus_travel_schedules`.`date` = \'2025-08-13\'
AND `bus_trav_sched_tb`.`date` >= \'2025-08-11\'', 0)
 2 FCPATH\vendor\codeigniter4\framework\system\Database\BaseConnection.php(738): CodeIgniter\Database\MySQLi\Connection->execute('SELECT `buses_tb`.`buses_tb_id`, `buses_tb`.`bus_name`, `buses_tb`.`bus_no`, `buses_tb`.`bus_type`
FROM `bus_trav_sched_tb`
JOIN `buses_tb` ON `buses_tb`.`buses_tb_id` = `bus_trav_sched_tb`.`buses_tb_id`
WHERE `bus_travel_schedules`.`date` = \'2025-08-13\'
AND `bus_trav_sched_tb`.`date` >= \'2025-08-11\'')
 3 FCPATH\vendor\codeigniter4\framework\system\Database\BaseConnection.php(652): CodeIgniter\Database\BaseConnection->simpleQuery('SELECT `buses_tb`.`buses_tb_id`, `buses_tb`.`bus_name`, `buses_tb`.`bus_no`, `buses_tb`.`bus_type`
FROM `bus_trav_sched_tb`
JOIN `buses_tb` ON `buses_tb`.`buses_tb_id` = `bus_trav_sched_tb`.`buses_tb_id`
WHERE `bus_travel_schedules`.`date` = \'2025-08-13\'
AND `bus_trav_sched_tb`.`date` >= \'2025-08-11\'')
 4 FCPATH\vendor\codeigniter4\framework\system\Database\BaseBuilder.php(1649): CodeIgniter\Database\BaseConnection->query('SELECT `buses_tb`.`buses_tb_id`, `buses_tb`.`bus_name`, `buses_tb`.`bus_no`, `buses_tb`.`bus_type`
FROM `bus_trav_sched_tb`
JOIN `buses_tb` ON `buses_tb`.`buses_tb_id` = `bus_trav_sched_tb`.`buses_tb_id`
WHERE `bus_travel_schedules`.`date` = :bus_travel_schedules.date:
AND `bus_trav_sched_tb`.`date` >= :bus_trav_sched_tb.date:', [...], false)
 5 FCPATH\vendor\codeigniter4\framework\system\Model.php(286): CodeIgniter\Database\BaseBuilder->get()
 6 FCPATH\vendor\codeigniter4\framework\system\BaseModel.php(675): CodeIgniter\Model->doFindAll(0, 0)
 7 APPPATH\Controllers\Pages\Schedules.php(196): CodeIgniter\BaseModel->findAll()
 8 FCPATH\vendor\codeigniter4\framework\system\CodeIgniter.php(933): App\Controllers\Pages\Schedules->getBusesByDate()
 9 FCPATH\vendor\codeigniter4\framework\system\CodeIgniter.php(507): CodeIgniter\CodeIgniter->runController(Object(App\Controllers\Pages\Schedules))
10 FCPATH\vendor\codeigniter4\framework\system\CodeIgniter.php(354): CodeIgniter\CodeIgniter->handleRequest(null, Object(Config\Cache), false)
11 SYSTEMPATH\Boot.php(334): CodeIgniter\CodeIgniter->run()
12 SYSTEMPATH\Boot.php(67): CodeIgniter\Boot::runCodeIgniter(Object(CodeIgniter\CodeIgniter))
13 FCPATH\index.php(56): CodeIgniter\Boot::bootWeb(Object(Config\Paths))
CRITICAL - 2025-08-11 18:27:02 --> CodeIgniter\Database\Exceptions\DatabaseException: Unknown column 'bus_travel_schedules.date' in 'where clause'
[Method: POST, Route: admin/schedules/getBusesByDate]
in FCPATH\vendor\codeigniter4\framework\system\Database\BaseConnection.php on line 692.
 1 FCPATH\vendor\codeigniter4\framework\system\Database\BaseBuilder.php(1649): CodeIgniter\Database\BaseConnection->query('SELECT `buses_tb`.`buses_tb_id`, `buses_tb`.`bus_name`, `buses_tb`.`bus_no`, `buses_tb`.`bus_type`
FROM `bus_trav_sched_tb`
JOIN `buses_tb` ON `buses_tb`.`buses_tb_id` = `bus_trav_sched_tb`.`buses_tb_id`
WHERE `bus_travel_schedules`.`date` = :bus_travel_schedules.date:
AND `bus_trav_sched_tb`.`date` >= :bus_trav_sched_tb.date:', [...], false)
 2 FCPATH\vendor\codeigniter4\framework\system\Model.php(286): CodeIgniter\Database\BaseBuilder->get()
 3 FCPATH\vendor\codeigniter4\framework\system\BaseModel.php(675): CodeIgniter\Model->doFindAll(0, 0)
 4 APPPATH\Controllers\Pages\Schedules.php(196): CodeIgniter\BaseModel->findAll()
 5 FCPATH\vendor\codeigniter4\framework\system\CodeIgniter.php(933): App\Controllers\Pages\Schedules->getBusesByDate()
 6 FCPATH\vendor\codeigniter4\framework\system\CodeIgniter.php(507): CodeIgniter\CodeIgniter->runController(Object(App\Controllers\Pages\Schedules))
 7 FCPATH\vendor\codeigniter4\framework\system\CodeIgniter.php(354): CodeIgniter\CodeIgniter->handleRequest(null, Object(Config\Cache), false)
 8 SYSTEMPATH\Boot.php(334): CodeIgniter\CodeIgniter->run()
 9 SYSTEMPATH\Boot.php(67): CodeIgniter\Boot::runCodeIgniter(Object(CodeIgniter\CodeIgniter))
10 FCPATH\index.php(56): CodeIgniter\Boot::bootWeb(Object(Config\Paths))
CRITICAL - 2025-08-11 18:27:02 --> [Caused by] CodeIgniter\Database\Exceptions\DatabaseException: Unknown column 'bus_travel_schedules.date' in 'where clause'
in FCPATH\vendor\codeigniter4\framework\system\Database\MySQLi\Connection.php on line 332.
 1 FCPATH\vendor\codeigniter4\framework\system\Database\BaseConnection.php(738): CodeIgniter\Database\MySQLi\Connection->execute('SELECT `buses_tb`.`buses_tb_id`, `buses_tb`.`bus_name`, `buses_tb`.`bus_no`, `buses_tb`.`bus_type`
FROM `bus_trav_sched_tb`
JOIN `buses_tb` ON `buses_tb`.`buses_tb_id` = `bus_trav_sched_tb`.`buses_tb_id`
WHERE `bus_travel_schedules`.`date` = \'2025-08-13\'
AND `bus_trav_sched_tb`.`date` >= \'2025-08-11\'')
 2 FCPATH\vendor\codeigniter4\framework\system\Database\BaseConnection.php(652): CodeIgniter\Database\BaseConnection->simpleQuery('SELECT `buses_tb`.`buses_tb_id`, `buses_tb`.`bus_name`, `buses_tb`.`bus_no`, `buses_tb`.`bus_type`
FROM `bus_trav_sched_tb`
JOIN `buses_tb` ON `buses_tb`.`buses_tb_id` = `bus_trav_sched_tb`.`buses_tb_id`
WHERE `bus_travel_schedules`.`date` = \'2025-08-13\'
AND `bus_trav_sched_tb`.`date` >= \'2025-08-11\'')
 3 FCPATH\vendor\codeigniter4\framework\system\Database\BaseBuilder.php(1649): CodeIgniter\Database\BaseConnection->query('SELECT `buses_tb`.`buses_tb_id`, `buses_tb`.`bus_name`, `buses_tb`.`bus_no`, `buses_tb`.`bus_type`
FROM `bus_trav_sched_tb`
JOIN `buses_tb` ON `buses_tb`.`buses_tb_id` = `bus_trav_sched_tb`.`buses_tb_id`
WHERE `bus_travel_schedules`.`date` = :bus_travel_schedules.date:
AND `bus_trav_sched_tb`.`date` >= :bus_trav_sched_tb.date:', [...], false)
 4 FCPATH\vendor\codeigniter4\framework\system\Model.php(286): CodeIgniter\Database\BaseBuilder->get()
 5 FCPATH\vendor\codeigniter4\framework\system\BaseModel.php(675): CodeIgniter\Model->doFindAll(0, 0)
 6 APPPATH\Controllers\Pages\Schedules.php(196): CodeIgniter\BaseModel->findAll()
 7 FCPATH\vendor\codeigniter4\framework\system\CodeIgniter.php(933): App\Controllers\Pages\Schedules->getBusesByDate()
 8 FCPATH\vendor\codeigniter4\framework\system\CodeIgniter.php(507): CodeIgniter\CodeIgniter->runController(Object(App\Controllers\Pages\Schedules))
 9 FCPATH\vendor\codeigniter4\framework\system\CodeIgniter.php(354): CodeIgniter\CodeIgniter->handleRequest(null, Object(Config\Cache), false)
10 SYSTEMPATH\Boot.php(334): CodeIgniter\CodeIgniter->run()
11 SYSTEMPATH\Boot.php(67): CodeIgniter\Boot::runCodeIgniter(Object(CodeIgniter\CodeIgniter))
12 FCPATH\index.php(56): CodeIgniter\Boot::bootWeb(Object(Config\Paths))
CRITICAL - 2025-08-11 18:27:02 --> [Caused by] mysqli_sql_exception: Unknown column 'bus_travel_schedules.date' in 'where clause'
in FCPATH\vendor\codeigniter4\framework\system\Database\MySQLi\Connection.php on line 327.
 1 FCPATH\vendor\codeigniter4\framework\system\Database\MySQLi\Connection.php(327): mysqli->query('SELECT `buses_tb`.`buses_tb_id`, `buses_tb`.`bus_name`, `buses_tb`.`bus_no`, `buses_tb`.`bus_type`
FROM `bus_trav_sched_tb`
JOIN `buses_tb` ON `buses_tb`.`buses_tb_id` = `bus_trav_sched_tb`.`buses_tb_id`
WHERE `bus_travel_schedules`.`date` = \'2025-08-13\'
AND `bus_trav_sched_tb`.`date` >= \'2025-08-11\'', 0)
 2 FCPATH\vendor\codeigniter4\framework\system\Database\BaseConnection.php(738): CodeIgniter\Database\MySQLi\Connection->execute('SELECT `buses_tb`.`buses_tb_id`, `buses_tb`.`bus_name`, `buses_tb`.`bus_no`, `buses_tb`.`bus_type`
FROM `bus_trav_sched_tb`
JOIN `buses_tb` ON `buses_tb`.`buses_tb_id` = `bus_trav_sched_tb`.`buses_tb_id`
WHERE `bus_travel_schedules`.`date` = \'2025-08-13\'
AND `bus_trav_sched_tb`.`date` >= \'2025-08-11\'')
 3 FCPATH\vendor\codeigniter4\framework\system\Database\BaseConnection.php(652): CodeIgniter\Database\BaseConnection->simpleQuery('SELECT `buses_tb`.`buses_tb_id`, `buses_tb`.`bus_name`, `buses_tb`.`bus_no`, `buses_tb`.`bus_type`
FROM `bus_trav_sched_tb`
JOIN `buses_tb` ON `buses_tb`.`buses_tb_id` = `bus_trav_sched_tb`.`buses_tb_id`
WHERE `bus_travel_schedules`.`date` = \'2025-08-13\'
AND `bus_trav_sched_tb`.`date` >= \'2025-08-11\'')
 4 FCPATH\vendor\codeigniter4\framework\system\Database\BaseBuilder.php(1649): CodeIgniter\Database\BaseConnection->query('SELECT `buses_tb`.`buses_tb_id`, `buses_tb`.`bus_name`, `buses_tb`.`bus_no`, `buses_tb`.`bus_type`
FROM `bus_trav_sched_tb`
JOIN `buses_tb` ON `buses_tb`.`buses_tb_id` = `bus_trav_sched_tb`.`buses_tb_id`
WHERE `bus_travel_schedules`.`date` = :bus_travel_schedules.date:
AND `bus_trav_sched_tb`.`date` >= :bus_trav_sched_tb.date:', [...], false)
 5 FCPATH\vendor\codeigniter4\framework\system\Model.php(286): CodeIgniter\Database\BaseBuilder->get()
 6 FCPATH\vendor\codeigniter4\framework\system\BaseModel.php(675): CodeIgniter\Model->doFindAll(0, 0)
 7 APPPATH\Controllers\Pages\Schedules.php(196): CodeIgniter\BaseModel->findAll()
 8 FCPATH\vendor\codeigniter4\framework\system\CodeIgniter.php(933): App\Controllers\Pages\Schedules->getBusesByDate()
 9 FCPATH\vendor\codeigniter4\framework\system\CodeIgniter.php(507): CodeIgniter\CodeIgniter->runController(Object(App\Controllers\Pages\Schedules))
10 FCPATH\vendor\codeigniter4\framework\system\CodeIgniter.php(354): CodeIgniter\CodeIgniter->handleRequest(null, Object(Config\Cache), false)
11 SYSTEMPATH\Boot.php(334): CodeIgniter\CodeIgniter->run()
12 SYSTEMPATH\Boot.php(67): CodeIgniter\Boot::runCodeIgniter(Object(CodeIgniter\CodeIgniter))
13 FCPATH\index.php(56): CodeIgniter\Boot::bootWeb(Object(Config\Paths))
ERROR - 2025-08-11 18:27:40 --> mysqli_sql_exception: Unknown column 'bus_travel_schedules.date' in 'where clause' in C:\xampp\htdocs\Bus-Reservation-System\vendor\codeigniter4\framework\system\Database\MySQLi\Connection.php:327
Stack trace:
#0 C:\xampp\htdocs\Bus-Reservation-System\vendor\codeigniter4\framework\system\Database\MySQLi\Connection.php(327): mysqli->query('SELECT `buses_t...', 0)
#1 C:\xampp\htdocs\Bus-Reservation-System\vendor\codeigniter4\framework\system\Database\BaseConnection.php(738): CodeIgniter\Database\MySQLi\Connection->execute('SELECT `buses_t...')
#2 C:\xampp\htdocs\Bus-Reservation-System\vendor\codeigniter4\framework\system\Database\BaseConnection.php(652): CodeIgniter\Database\BaseConnection->simpleQuery('SELECT `buses_t...')
#3 C:\xampp\htdocs\Bus-Reservation-System\vendor\codeigniter4\framework\system\Database\BaseBuilder.php(1649): CodeIgniter\Database\BaseConnection->query('SELECT `buses_t...', Array, false)
#4 C:\xampp\htdocs\Bus-Reservation-System\vendor\codeigniter4\framework\system\Model.php(286): CodeIgniter\Database\BaseBuilder->get()
#5 C:\xampp\htdocs\Bus-Reservation-System\vendor\codeigniter4\framework\system\BaseModel.php(675): CodeIgniter\Model->doFindAll(0, 0)
#6 C:\xampp\htdocs\Bus-Reservation-System\app\Controllers\Pages\Schedules.php(196): CodeIgniter\BaseModel->findAll()
#7 C:\xampp\htdocs\Bus-Reservation-System\vendor\codeigniter4\framework\system\CodeIgniter.php(933): App\Controllers\Pages\Schedules->getBusesByDate()
#8 C:\xampp\htdocs\Bus-Reservation-System\vendor\codeigniter4\framework\system\CodeIgniter.php(507): CodeIgniter\CodeIgniter->runController(Object(App\Controllers\Pages\Schedules))
#9 C:\xampp\htdocs\Bus-Reservation-System\vendor\codeigniter4\framework\system\CodeIgniter.php(354): CodeIgniter\CodeIgniter->handleRequest(NULL, Object(Config\Cache), false)
#10 C:\xampp\htdocs\Bus-Reservation-System\system\Boot.php(334): CodeIgniter\CodeIgniter->run()
#11 C:\xampp\htdocs\Bus-Reservation-System\system\Boot.php(67): CodeIgniter\Boot::runCodeIgniter(Object(CodeIgniter\CodeIgniter))
#12 C:\xampp\htdocs\Bus-Reservation-System\index.php(56): CodeIgniter\Boot::bootWeb(Object(Config\Paths))
#13 {main}
CRITICAL - 2025-08-11 18:27:40 --> CodeIgniter\Database\Exceptions\DatabaseException: Unknown column 'bus_travel_schedules.date' in 'where clause'
[Method: POST, Route: admin/schedules/getBusesByDate]
in FCPATH\vendor\codeigniter4\framework\system\Database\BaseConnection.php on line 692.
 1 FCPATH\vendor\codeigniter4\framework\system\Database\BaseBuilder.php(1649): CodeIgniter\Database\BaseConnection->query('SELECT `buses_tb`.`buses_tb_id`, `buses_tb`.`bus_name`, `buses_tb`.`bus_no`, `buses_tb`.`bus_type`
FROM `bus_trav_sched_tb`
JOIN `buses_tb` ON `buses_tb`.`buses_tb_id` = `bus_trav_sched_tb`.`buses_tb_id`
WHERE `bus_travel_schedules`.`date` = :bus_travel_schedules.date:
AND `bus_trav_sched_tb`.`date` >= :bus_trav_sched_tb.date:', [...], false)
 2 FCPATH\vendor\codeigniter4\framework\system\Model.php(286): CodeIgniter\Database\BaseBuilder->get()
 3 FCPATH\vendor\codeigniter4\framework\system\BaseModel.php(675): CodeIgniter\Model->doFindAll(0, 0)
 4 APPPATH\Controllers\Pages\Schedules.php(196): CodeIgniter\BaseModel->findAll()
 5 FCPATH\vendor\codeigniter4\framework\system\CodeIgniter.php(933): App\Controllers\Pages\Schedules->getBusesByDate()
 6 FCPATH\vendor\codeigniter4\framework\system\CodeIgniter.php(507): CodeIgniter\CodeIgniter->runController(Object(App\Controllers\Pages\Schedules))
 7 FCPATH\vendor\codeigniter4\framework\system\CodeIgniter.php(354): CodeIgniter\CodeIgniter->handleRequest(null, Object(Config\Cache), false)
 8 SYSTEMPATH\Boot.php(334): CodeIgniter\CodeIgniter->run()
 9 SYSTEMPATH\Boot.php(67): CodeIgniter\Boot::runCodeIgniter(Object(CodeIgniter\CodeIgniter))
10 FCPATH\index.php(56): CodeIgniter\Boot::bootWeb(Object(Config\Paths))
CRITICAL - 2025-08-11 18:27:40 --> [Caused by] CodeIgniter\Database\Exceptions\DatabaseException: Unknown column 'bus_travel_schedules.date' in 'where clause'
in FCPATH\vendor\codeigniter4\framework\system\Database\MySQLi\Connection.php on line 332.
 1 FCPATH\vendor\codeigniter4\framework\system\Database\BaseConnection.php(738): CodeIgniter\Database\MySQLi\Connection->execute('SELECT `buses_tb`.`buses_tb_id`, `buses_tb`.`bus_name`, `buses_tb`.`bus_no`, `buses_tb`.`bus_type`
FROM `bus_trav_sched_tb`
JOIN `buses_tb` ON `buses_tb`.`buses_tb_id` = `bus_trav_sched_tb`.`buses_tb_id`
WHERE `bus_travel_schedules`.`date` = \'2025-08-13\'
AND `bus_trav_sched_tb`.`date` >= \'2025-08-11\'')
 2 FCPATH\vendor\codeigniter4\framework\system\Database\BaseConnection.php(652): CodeIgniter\Database\BaseConnection->simpleQuery('SELECT `buses_tb`.`buses_tb_id`, `buses_tb`.`bus_name`, `buses_tb`.`bus_no`, `buses_tb`.`bus_type`
FROM `bus_trav_sched_tb`
JOIN `buses_tb` ON `buses_tb`.`buses_tb_id` = `bus_trav_sched_tb`.`buses_tb_id`
WHERE `bus_travel_schedules`.`date` = \'2025-08-13\'
AND `bus_trav_sched_tb`.`date` >= \'2025-08-11\'')
 3 FCPATH\vendor\codeigniter4\framework\system\Database\BaseBuilder.php(1649): CodeIgniter\Database\BaseConnection->query('SELECT `buses_tb`.`buses_tb_id`, `buses_tb`.`bus_name`, `buses_tb`.`bus_no`, `buses_tb`.`bus_type`
FROM `bus_trav_sched_tb`
JOIN `buses_tb` ON `buses_tb`.`buses_tb_id` = `bus_trav_sched_tb`.`buses_tb_id`
WHERE `bus_travel_schedules`.`date` = :bus_travel_schedules.date:
AND `bus_trav_sched_tb`.`date` >= :bus_trav_sched_tb.date:', [...], false)
 4 FCPATH\vendor\codeigniter4\framework\system\Model.php(286): CodeIgniter\Database\BaseBuilder->get()
 5 FCPATH\vendor\codeigniter4\framework\system\BaseModel.php(675): CodeIgniter\Model->doFindAll(0, 0)
 6 APPPATH\Controllers\Pages\Schedules.php(196): CodeIgniter\BaseModel->findAll()
 7 FCPATH\vendor\codeigniter4\framework\system\CodeIgniter.php(933): App\Controllers\Pages\Schedules->getBusesByDate()
 8 FCPATH\vendor\codeigniter4\framework\system\CodeIgniter.php(507): CodeIgniter\CodeIgniter->runController(Object(App\Controllers\Pages\Schedules))
 9 FCPATH\vendor\codeigniter4\framework\system\CodeIgniter.php(354): CodeIgniter\CodeIgniter->handleRequest(null, Object(Config\Cache), false)
10 SYSTEMPATH\Boot.php(334): CodeIgniter\CodeIgniter->run()
11 SYSTEMPATH\Boot.php(67): CodeIgniter\Boot::runCodeIgniter(Object(CodeIgniter\CodeIgniter))
12 FCPATH\index.php(56): CodeIgniter\Boot::bootWeb(Object(Config\Paths))
CRITICAL - 2025-08-11 18:27:40 --> [Caused by] mysqli_sql_exception: Unknown column 'bus_travel_schedules.date' in 'where clause'
in FCPATH\vendor\codeigniter4\framework\system\Database\MySQLi\Connection.php on line 327.
 1 FCPATH\vendor\codeigniter4\framework\system\Database\MySQLi\Connection.php(327): mysqli->query('SELECT `buses_tb`.`buses_tb_id`, `buses_tb`.`bus_name`, `buses_tb`.`bus_no`, `buses_tb`.`bus_type`
FROM `bus_trav_sched_tb`
JOIN `buses_tb` ON `buses_tb`.`buses_tb_id` = `bus_trav_sched_tb`.`buses_tb_id`
WHERE `bus_travel_schedules`.`date` = \'2025-08-13\'
AND `bus_trav_sched_tb`.`date` >= \'2025-08-11\'', 0)
 2 FCPATH\vendor\codeigniter4\framework\system\Database\BaseConnection.php(738): CodeIgniter\Database\MySQLi\Connection->execute('SELECT `buses_tb`.`buses_tb_id`, `buses_tb`.`bus_name`, `buses_tb`.`bus_no`, `buses_tb`.`bus_type`
FROM `bus_trav_sched_tb`
JOIN `buses_tb` ON `buses_tb`.`buses_tb_id` = `bus_trav_sched_tb`.`buses_tb_id`
WHERE `bus_travel_schedules`.`date` = \'2025-08-13\'
AND `bus_trav_sched_tb`.`date` >= \'2025-08-11\'')
 3 FCPATH\vendor\codeigniter4\framework\system\Database\BaseConnection.php(652): CodeIgniter\Database\BaseConnection->simpleQuery('SELECT `buses_tb`.`buses_tb_id`, `buses_tb`.`bus_name`, `buses_tb`.`bus_no`, `buses_tb`.`bus_type`
FROM `bus_trav_sched_tb`
JOIN `buses_tb` ON `buses_tb`.`buses_tb_id` = `bus_trav_sched_tb`.`buses_tb_id`
WHERE `bus_travel_schedules`.`date` = \'2025-08-13\'
AND `bus_trav_sched_tb`.`date` >= \'2025-08-11\'')
 4 FCPATH\vendor\codeigniter4\framework\system\Database\BaseBuilder.php(1649): CodeIgniter\Database\BaseConnection->query('SELECT `buses_tb`.`buses_tb_id`, `buses_tb`.`bus_name`, `buses_tb`.`bus_no`, `buses_tb`.`bus_type`
FROM `bus_trav_sched_tb`
JOIN `buses_tb` ON `buses_tb`.`buses_tb_id` = `bus_trav_sched_tb`.`buses_tb_id`
WHERE `bus_travel_schedules`.`date` = :bus_travel_schedules.date:
AND `bus_trav_sched_tb`.`date` >= :bus_trav_sched_tb.date:', [...], false)
 5 FCPATH\vendor\codeigniter4\framework\system\Model.php(286): CodeIgniter\Database\BaseBuilder->get()
 6 FCPATH\vendor\codeigniter4\framework\system\BaseModel.php(675): CodeIgniter\Model->doFindAll(0, 0)
 7 APPPATH\Controllers\Pages\Schedules.php(196): CodeIgniter\BaseModel->findAll()
 8 FCPATH\vendor\codeigniter4\framework\system\CodeIgniter.php(933): App\Controllers\Pages\Schedules->getBusesByDate()
 9 FCPATH\vendor\codeigniter4\framework\system\CodeIgniter.php(507): CodeIgniter\CodeIgniter->runController(Object(App\Controllers\Pages\Schedules))
10 FCPATH\vendor\codeigniter4\framework\system\CodeIgniter.php(354): CodeIgniter\CodeIgniter->handleRequest(null, Object(Config\Cache), false)
11 SYSTEMPATH\Boot.php(334): CodeIgniter\CodeIgniter->run()
12 SYSTEMPATH\Boot.php(67): CodeIgniter\Boot::runCodeIgniter(Object(CodeIgniter\CodeIgniter))
13 FCPATH\index.php(56): CodeIgniter\Boot::bootWeb(Object(Config\Paths))
ERROR - 2025-08-11 18:27:48 --> mysqli_sql_exception: Unknown column 'bus_travel_schedules.date' in 'where clause' in C:\xampp\htdocs\Bus-Reservation-System\vendor\codeigniter4\framework\system\Database\MySQLi\Connection.php:327
Stack trace:
#0 C:\xampp\htdocs\Bus-Reservation-System\vendor\codeigniter4\framework\system\Database\MySQLi\Connection.php(327): mysqli->query('SELECT `buses_t...', 0)
#1 C:\xampp\htdocs\Bus-Reservation-System\vendor\codeigniter4\framework\system\Database\BaseConnection.php(738): CodeIgniter\Database\MySQLi\Connection->execute('SELECT `buses_t...')
#2 C:\xampp\htdocs\Bus-Reservation-System\vendor\codeigniter4\framework\system\Database\BaseConnection.php(652): CodeIgniter\Database\BaseConnection->simpleQuery('SELECT `buses_t...')
#3 C:\xampp\htdocs\Bus-Reservation-System\vendor\codeigniter4\framework\system\Database\BaseBuilder.php(1649): CodeIgniter\Database\BaseConnection->query('SELECT `buses_t...', Array, false)
#4 C:\xampp\htdocs\Bus-Reservation-System\vendor\codeigniter4\framework\system\Model.php(286): CodeIgniter\Database\BaseBuilder->get()
#5 C:\xampp\htdocs\Bus-Reservation-System\vendor\codeigniter4\framework\system\BaseModel.php(675): CodeIgniter\Model->doFindAll(0, 0)
#6 C:\xampp\htdocs\Bus-Reservation-System\app\Controllers\Pages\Schedules.php(196): CodeIgniter\BaseModel->findAll()
#7 C:\xampp\htdocs\Bus-Reservation-System\vendor\codeigniter4\framework\system\CodeIgniter.php(933): App\Controllers\Pages\Schedules->getBusesByDate()
#8 C:\xampp\htdocs\Bus-Reservation-System\vendor\codeigniter4\framework\system\CodeIgniter.php(507): CodeIgniter\CodeIgniter->runController(Object(App\Controllers\Pages\Schedules))
#9 C:\xampp\htdocs\Bus-Reservation-System\vendor\codeigniter4\framework\system\CodeIgniter.php(354): CodeIgniter\CodeIgniter->handleRequest(NULL, Object(Config\Cache), false)
#10 C:\xampp\htdocs\Bus-Reservation-System\system\Boot.php(334): CodeIgniter\CodeIgniter->run()
#11 C:\xampp\htdocs\Bus-Reservation-System\system\Boot.php(67): CodeIgniter\Boot::runCodeIgniter(Object(CodeIgniter\CodeIgniter))
#12 C:\xampp\htdocs\Bus-Reservation-System\index.php(56): CodeIgniter\Boot::bootWeb(Object(Config\Paths))
#13 {main}
CRITICAL - 2025-08-11 18:27:48 --> CodeIgniter\Database\Exceptions\DatabaseException: Unknown column 'bus_travel_schedules.date' in 'where clause'
[Method: POST, Route: admin/schedules/getBusesByDate]
in FCPATH\vendor\codeigniter4\framework\system\Database\BaseConnection.php on line 692.
 1 FCPATH\vendor\codeigniter4\framework\system\Database\BaseBuilder.php(1649): CodeIgniter\Database\BaseConnection->query('SELECT `buses_tb`.`buses_tb_id`, `buses_tb`.`bus_name`, `buses_tb`.`bus_no`, `buses_tb`.`bus_type`
FROM `bus_trav_sched_tb`
JOIN `buses_tb` ON `buses_tb`.`buses_tb_id` = `bus_trav_sched_tb`.`buses_tb_id`
WHERE `bus_travel_schedules`.`date` = :bus_travel_schedules.date:
AND `bus_trav_sched_tb`.`date` >= :bus_trav_sched_tb.date:', [...], false)
 2 FCPATH\vendor\codeigniter4\framework\system\Model.php(286): CodeIgniter\Database\BaseBuilder->get()
 3 FCPATH\vendor\codeigniter4\framework\system\BaseModel.php(675): CodeIgniter\Model->doFindAll(0, 0)
 4 APPPATH\Controllers\Pages\Schedules.php(196): CodeIgniter\BaseModel->findAll()
 5 FCPATH\vendor\codeigniter4\framework\system\CodeIgniter.php(933): App\Controllers\Pages\Schedules->getBusesByDate()
 6 FCPATH\vendor\codeigniter4\framework\system\CodeIgniter.php(507): CodeIgniter\CodeIgniter->runController(Object(App\Controllers\Pages\Schedules))
 7 FCPATH\vendor\codeigniter4\framework\system\CodeIgniter.php(354): CodeIgniter\CodeIgniter->handleRequest(null, Object(Config\Cache), false)
 8 SYSTEMPATH\Boot.php(334): CodeIgniter\CodeIgniter->run()
 9 SYSTEMPATH\Boot.php(67): CodeIgniter\Boot::runCodeIgniter(Object(CodeIgniter\CodeIgniter))
10 FCPATH\index.php(56): CodeIgniter\Boot::bootWeb(Object(Config\Paths))
CRITICAL - 2025-08-11 18:27:48 --> [Caused by] CodeIgniter\Database\Exceptions\DatabaseException: Unknown column 'bus_travel_schedules.date' in 'where clause'
in FCPATH\vendor\codeigniter4\framework\system\Database\MySQLi\Connection.php on line 332.
 1 FCPATH\vendor\codeigniter4\framework\system\Database\BaseConnection.php(738): CodeIgniter\Database\MySQLi\Connection->execute('SELECT `buses_tb`.`buses_tb_id`, `buses_tb`.`bus_name`, `buses_tb`.`bus_no`, `buses_tb`.`bus_type`
FROM `bus_trav_sched_tb`
JOIN `buses_tb` ON `buses_tb`.`buses_tb_id` = `bus_trav_sched_tb`.`buses_tb_id`
WHERE `bus_travel_schedules`.`date` = \'2025-08-13\'
AND `bus_trav_sched_tb`.`date` >= \'2025-08-11\'')
 2 FCPATH\vendor\codeigniter4\framework\system\Database\BaseConnection.php(652): CodeIgniter\Database\BaseConnection->simpleQuery('SELECT `buses_tb`.`buses_tb_id`, `buses_tb`.`bus_name`, `buses_tb`.`bus_no`, `buses_tb`.`bus_type`
FROM `bus_trav_sched_tb`
JOIN `buses_tb` ON `buses_tb`.`buses_tb_id` = `bus_trav_sched_tb`.`buses_tb_id`
WHERE `bus_travel_schedules`.`date` = \'2025-08-13\'
AND `bus_trav_sched_tb`.`date` >= \'2025-08-11\'')
 3 FCPATH\vendor\codeigniter4\framework\system\Database\BaseBuilder.php(1649): CodeIgniter\Database\BaseConnection->query('SELECT `buses_tb`.`buses_tb_id`, `buses_tb`.`bus_name`, `buses_tb`.`bus_no`, `buses_tb`.`bus_type`
FROM `bus_trav_sched_tb`
JOIN `buses_tb` ON `buses_tb`.`buses_tb_id` = `bus_trav_sched_tb`.`buses_tb_id`
WHERE `bus_travel_schedules`.`date` = :bus_travel_schedules.date:
AND `bus_trav_sched_tb`.`date` >= :bus_trav_sched_tb.date:', [...], false)
 4 FCPATH\vendor\codeigniter4\framework\system\Model.php(286): CodeIgniter\Database\BaseBuilder->get()
 5 FCPATH\vendor\codeigniter4\framework\system\BaseModel.php(675): CodeIgniter\Model->doFindAll(0, 0)
 6 APPPATH\Controllers\Pages\Schedules.php(196): CodeIgniter\BaseModel->findAll()
 7 FCPATH\vendor\codeigniter4\framework\system\CodeIgniter.php(933): App\Controllers\Pages\Schedules->getBusesByDate()
 8 FCPATH\vendor\codeigniter4\framework\system\CodeIgniter.php(507): CodeIgniter\CodeIgniter->runController(Object(App\Controllers\Pages\Schedules))
 9 FCPATH\vendor\codeigniter4\framework\system\CodeIgniter.php(354): CodeIgniter\CodeIgniter->handleRequest(null, Object(Config\Cache), false)
10 SYSTEMPATH\Boot.php(334): CodeIgniter\CodeIgniter->run()
11 SYSTEMPATH\Boot.php(67): CodeIgniter\Boot::runCodeIgniter(Object(CodeIgniter\CodeIgniter))
12 FCPATH\index.php(56): CodeIgniter\Boot::bootWeb(Object(Config\Paths))
CRITICAL - 2025-08-11 18:27:48 --> [Caused by] mysqli_sql_exception: Unknown column 'bus_travel_schedules.date' in 'where clause'
in FCPATH\vendor\codeigniter4\framework\system\Database\MySQLi\Connection.php on line 327.
 1 FCPATH\vendor\codeigniter4\framework\system\Database\MySQLi\Connection.php(327): mysqli->query('SELECT `buses_tb`.`buses_tb_id`, `buses_tb`.`bus_name`, `buses_tb`.`bus_no`, `buses_tb`.`bus_type`
FROM `bus_trav_sched_tb`
JOIN `buses_tb` ON `buses_tb`.`buses_tb_id` = `bus_trav_sched_tb`.`buses_tb_id`
WHERE `bus_travel_schedules`.`date` = \'2025-08-13\'
AND `bus_trav_sched_tb`.`date` >= \'2025-08-11\'', 0)
 2 FCPATH\vendor\codeigniter4\framework\system\Database\BaseConnection.php(738): CodeIgniter\Database\MySQLi\Connection->execute('SELECT `buses_tb`.`buses_tb_id`, `buses_tb`.`bus_name`, `buses_tb`.`bus_no`, `buses_tb`.`bus_type`
FROM `bus_trav_sched_tb`
JOIN `buses_tb` ON `buses_tb`.`buses_tb_id` = `bus_trav_sched_tb`.`buses_tb_id`
WHERE `bus_travel_schedules`.`date` = \'2025-08-13\'
AND `bus_trav_sched_tb`.`date` >= \'2025-08-11\'')
 3 FCPATH\vendor\codeigniter4\framework\system\Database\BaseConnection.php(652): CodeIgniter\Database\BaseConnection->simpleQuery('SELECT `buses_tb`.`buses_tb_id`, `buses_tb`.`bus_name`, `buses_tb`.`bus_no`, `buses_tb`.`bus_type`
FROM `bus_trav_sched_tb`
JOIN `buses_tb` ON `buses_tb`.`buses_tb_id` = `bus_trav_sched_tb`.`buses_tb_id`
WHERE `bus_travel_schedules`.`date` = \'2025-08-13\'
AND `bus_trav_sched_tb`.`date` >= \'2025-08-11\'')
 4 FCPATH\vendor\codeigniter4\framework\system\Database\BaseBuilder.php(1649): CodeIgniter\Database\BaseConnection->query('SELECT `buses_tb`.`buses_tb_id`, `buses_tb`.`bus_name`, `buses_tb`.`bus_no`, `buses_tb`.`bus_type`
FROM `bus_trav_sched_tb`
JOIN `buses_tb` ON `buses_tb`.`buses_tb_id` = `bus_trav_sched_tb`.`buses_tb_id`
WHERE `bus_travel_schedules`.`date` = :bus_travel_schedules.date:
AND `bus_trav_sched_tb`.`date` >= :bus_trav_sched_tb.date:', [...], false)
 5 FCPATH\vendor\codeigniter4\framework\system\Model.php(286): CodeIgniter\Database\BaseBuilder->get()
 6 FCPATH\vendor\codeigniter4\framework\system\BaseModel.php(675): CodeIgniter\Model->doFindAll(0, 0)
 7 APPPATH\Controllers\Pages\Schedules.php(196): CodeIgniter\BaseModel->findAll()
 8 FCPATH\vendor\codeigniter4\framework\system\CodeIgniter.php(933): App\Controllers\Pages\Schedules->getBusesByDate()
 9 FCPATH\vendor\codeigniter4\framework\system\CodeIgniter.php(507): CodeIgniter\CodeIgniter->runController(Object(App\Controllers\Pages\Schedules))
10 FCPATH\vendor\codeigniter4\framework\system\CodeIgniter.php(354): CodeIgniter\CodeIgniter->handleRequest(null, Object(Config\Cache), false)
11 SYSTEMPATH\Boot.php(334): CodeIgniter\CodeIgniter->run()
12 SYSTEMPATH\Boot.php(67): CodeIgniter\Boot::runCodeIgniter(Object(CodeIgniter\CodeIgniter))
13 FCPATH\index.php(56): CodeIgniter\Boot::bootWeb(Object(Config\Paths))
ERROR - 2025-08-11 18:27:49 --> mysqli_sql_exception: Unknown column 'bus_travel_schedules.date' in 'where clause' in C:\xampp\htdocs\Bus-Reservation-System\vendor\codeigniter4\framework\system\Database\MySQLi\Connection.php:327
Stack trace:
#0 C:\xampp\htdocs\Bus-Reservation-System\vendor\codeigniter4\framework\system\Database\MySQLi\Connection.php(327): mysqli->query('SELECT `buses_t...', 0)
#1 C:\xampp\htdocs\Bus-Reservation-System\vendor\codeigniter4\framework\system\Database\BaseConnection.php(738): CodeIgniter\Database\MySQLi\Connection->execute('SELECT `buses_t...')
#2 C:\xampp\htdocs\Bus-Reservation-System\vendor\codeigniter4\framework\system\Database\BaseConnection.php(652): CodeIgniter\Database\BaseConnection->simpleQuery('SELECT `buses_t...')
#3 C:\xampp\htdocs\Bus-Reservation-System\vendor\codeigniter4\framework\system\Database\BaseBuilder.php(1649): CodeIgniter\Database\BaseConnection->query('SELECT `buses_t...', Array, false)
#4 C:\xampp\htdocs\Bus-Reservation-System\vendor\codeigniter4\framework\system\Model.php(286): CodeIgniter\Database\BaseBuilder->get()
#5 C:\xampp\htdocs\Bus-Reservation-System\vendor\codeigniter4\framework\system\BaseModel.php(675): CodeIgniter\Model->doFindAll(0, 0)
#6 C:\xampp\htdocs\Bus-Reservation-System\app\Controllers\Pages\Schedules.php(196): CodeIgniter\BaseModel->findAll()
#7 C:\xampp\htdocs\Bus-Reservation-System\vendor\codeigniter4\framework\system\CodeIgniter.php(933): App\Controllers\Pages\Schedules->getBusesByDate()
#8 C:\xampp\htdocs\Bus-Reservation-System\vendor\codeigniter4\framework\system\CodeIgniter.php(507): CodeIgniter\CodeIgniter->runController(Object(App\Controllers\Pages\Schedules))
#9 C:\xampp\htdocs\Bus-Reservation-System\vendor\codeigniter4\framework\system\CodeIgniter.php(354): CodeIgniter\CodeIgniter->handleRequest(NULL, Object(Config\Cache), false)
#10 C:\xampp\htdocs\Bus-Reservation-System\system\Boot.php(334): CodeIgniter\CodeIgniter->run()
#11 C:\xampp\htdocs\Bus-Reservation-System\system\Boot.php(67): CodeIgniter\Boot::runCodeIgniter(Object(CodeIgniter\CodeIgniter))
#12 C:\xampp\htdocs\Bus-Reservation-System\index.php(56): CodeIgniter\Boot::bootWeb(Object(Config\Paths))
#13 {main}
CRITICAL - 2025-08-11 18:27:49 --> CodeIgniter\Database\Exceptions\DatabaseException: Unknown column 'bus_travel_schedules.date' in 'where clause'
[Method: POST, Route: admin/schedules/getBusesByDate]
in FCPATH\vendor\codeigniter4\framework\system\Database\BaseConnection.php on line 692.
 1 FCPATH\vendor\codeigniter4\framework\system\Database\BaseBuilder.php(1649): CodeIgniter\Database\BaseConnection->query('SELECT `buses_tb`.`buses_tb_id`, `buses_tb`.`bus_name`, `buses_tb`.`bus_no`, `buses_tb`.`bus_type`
FROM `bus_trav_sched_tb`
JOIN `buses_tb` ON `buses_tb`.`buses_tb_id` = `bus_trav_sched_tb`.`buses_tb_id`
WHERE `bus_travel_schedules`.`date` = :bus_travel_schedules.date:
AND `bus_trav_sched_tb`.`date` >= :bus_trav_sched_tb.date:', [...], false)
 2 FCPATH\vendor\codeigniter4\framework\system\Model.php(286): CodeIgniter\Database\BaseBuilder->get()
 3 FCPATH\vendor\codeigniter4\framework\system\BaseModel.php(675): CodeIgniter\Model->doFindAll(0, 0)
 4 APPPATH\Controllers\Pages\Schedules.php(196): CodeIgniter\BaseModel->findAll()
 5 FCPATH\vendor\codeigniter4\framework\system\CodeIgniter.php(933): App\Controllers\Pages\Schedules->getBusesByDate()
 6 FCPATH\vendor\codeigniter4\framework\system\CodeIgniter.php(507): CodeIgniter\CodeIgniter->runController(Object(App\Controllers\Pages\Schedules))
 7 FCPATH\vendor\codeigniter4\framework\system\CodeIgniter.php(354): CodeIgniter\CodeIgniter->handleRequest(null, Object(Config\Cache), false)
 8 SYSTEMPATH\Boot.php(334): CodeIgniter\CodeIgniter->run()
 9 SYSTEMPATH\Boot.php(67): CodeIgniter\Boot::runCodeIgniter(Object(CodeIgniter\CodeIgniter))
10 FCPATH\index.php(56): CodeIgniter\Boot::bootWeb(Object(Config\Paths))
CRITICAL - 2025-08-11 18:27:49 --> [Caused by] CodeIgniter\Database\Exceptions\DatabaseException: Unknown column 'bus_travel_schedules.date' in 'where clause'
in FCPATH\vendor\codeigniter4\framework\system\Database\MySQLi\Connection.php on line 332.
 1 FCPATH\vendor\codeigniter4\framework\system\Database\BaseConnection.php(738): CodeIgniter\Database\MySQLi\Connection->execute('SELECT `buses_tb`.`buses_tb_id`, `buses_tb`.`bus_name`, `buses_tb`.`bus_no`, `buses_tb`.`bus_type`
FROM `bus_trav_sched_tb`
JOIN `buses_tb` ON `buses_tb`.`buses_tb_id` = `bus_trav_sched_tb`.`buses_tb_id`
WHERE `bus_travel_schedules`.`date` = \'2025-08-13\'
AND `bus_trav_sched_tb`.`date` >= \'2025-08-11\'')
 2 FCPATH\vendor\codeigniter4\framework\system\Database\BaseConnection.php(652): CodeIgniter\Database\BaseConnection->simpleQuery('SELECT `buses_tb`.`buses_tb_id`, `buses_tb`.`bus_name`, `buses_tb`.`bus_no`, `buses_tb`.`bus_type`
FROM `bus_trav_sched_tb`
JOIN `buses_tb` ON `buses_tb`.`buses_tb_id` = `bus_trav_sched_tb`.`buses_tb_id`
WHERE `bus_travel_schedules`.`date` = \'2025-08-13\'
AND `bus_trav_sched_tb`.`date` >= \'2025-08-11\'')
 3 FCPATH\vendor\codeigniter4\framework\system\Database\BaseBuilder.php(1649): CodeIgniter\Database\BaseConnection->query('SELECT `buses_tb`.`buses_tb_id`, `buses_tb`.`bus_name`, `buses_tb`.`bus_no`, `buses_tb`.`bus_type`
FROM `bus_trav_sched_tb`
JOIN `buses_tb` ON `buses_tb`.`buses_tb_id` = `bus_trav_sched_tb`.`buses_tb_id`
WHERE `bus_travel_schedules`.`date` = :bus_travel_schedules.date:
AND `bus_trav_sched_tb`.`date` >= :bus_trav_sched_tb.date:', [...], false)
 4 FCPATH\vendor\codeigniter4\framework\system\Model.php(286): CodeIgniter\Database\BaseBuilder->get()
 5 FCPATH\vendor\codeigniter4\framework\system\BaseModel.php(675): CodeIgniter\Model->doFindAll(0, 0)
 6 APPPATH\Controllers\Pages\Schedules.php(196): CodeIgniter\BaseModel->findAll()
 7 FCPATH\vendor\codeigniter4\framework\system\CodeIgniter.php(933): App\Controllers\Pages\Schedules->getBusesByDate()
 8 FCPATH\vendor\codeigniter4\framework\system\CodeIgniter.php(507): CodeIgniter\CodeIgniter->runController(Object(App\Controllers\Pages\Schedules))
 9 FCPATH\vendor\codeigniter4\framework\system\CodeIgniter.php(354): CodeIgniter\CodeIgniter->handleRequest(null, Object(Config\Cache), false)
10 SYSTEMPATH\Boot.php(334): CodeIgniter\CodeIgniter->run()
11 SYSTEMPATH\Boot.php(67): CodeIgniter\Boot::runCodeIgniter(Object(CodeIgniter\CodeIgniter))
12 FCPATH\index.php(56): CodeIgniter\Boot::bootWeb(Object(Config\Paths))
CRITICAL - 2025-08-11 18:27:49 --> [Caused by] mysqli_sql_exception: Unknown column 'bus_travel_schedules.date' in 'where clause'
in FCPATH\vendor\codeigniter4\framework\system\Database\MySQLi\Connection.php on line 327.
 1 FCPATH\vendor\codeigniter4\framework\system\Database\MySQLi\Connection.php(327): mysqli->query('SELECT `buses_tb`.`buses_tb_id`, `buses_tb`.`bus_name`, `buses_tb`.`bus_no`, `buses_tb`.`bus_type`
FROM `bus_trav_sched_tb`
JOIN `buses_tb` ON `buses_tb`.`buses_tb_id` = `bus_trav_sched_tb`.`buses_tb_id`
WHERE `bus_travel_schedules`.`date` = \'2025-08-13\'
AND `bus_trav_sched_tb`.`date` >= \'2025-08-11\'', 0)
 2 FCPATH\vendor\codeigniter4\framework\system\Database\BaseConnection.php(738): CodeIgniter\Database\MySQLi\Connection->execute('SELECT `buses_tb`.`buses_tb_id`, `buses_tb`.`bus_name`, `buses_tb`.`bus_no`, `buses_tb`.`bus_type`
FROM `bus_trav_sched_tb`
JOIN `buses_tb` ON `buses_tb`.`buses_tb_id` = `bus_trav_sched_tb`.`buses_tb_id`
WHERE `bus_travel_schedules`.`date` = \'2025-08-13\'
AND `bus_trav_sched_tb`.`date` >= \'2025-08-11\'')
 3 FCPATH\vendor\codeigniter4\framework\system\Database\BaseConnection.php(652): CodeIgniter\Database\BaseConnection->simpleQuery('SELECT `buses_tb`.`buses_tb_id`, `buses_tb`.`bus_name`, `buses_tb`.`bus_no`, `buses_tb`.`bus_type`
FROM `bus_trav_sched_tb`
JOIN `buses_tb` ON `buses_tb`.`buses_tb_id` = `bus_trav_sched_tb`.`buses_tb_id`
WHERE `bus_travel_schedules`.`date` = \'2025-08-13\'
AND `bus_trav_sched_tb`.`date` >= \'2025-08-11\'')
 4 FCPATH\vendor\codeigniter4\framework\system\Database\BaseBuilder.php(1649): CodeIgniter\Database\BaseConnection->query('SELECT `buses_tb`.`buses_tb_id`, `buses_tb`.`bus_name`, `buses_tb`.`bus_no`, `buses_tb`.`bus_type`
FROM `bus_trav_sched_tb`
JOIN `buses_tb` ON `buses_tb`.`buses_tb_id` = `bus_trav_sched_tb`.`buses_tb_id`
WHERE `bus_travel_schedules`.`date` = :bus_travel_schedules.date:
AND `bus_trav_sched_tb`.`date` >= :bus_trav_sched_tb.date:', [...], false)
 5 FCPATH\vendor\codeigniter4\framework\system\Model.php(286): CodeIgniter\Database\BaseBuilder->get()
 6 FCPATH\vendor\codeigniter4\framework\system\BaseModel.php(675): CodeIgniter\Model->doFindAll(0, 0)
 7 APPPATH\Controllers\Pages\Schedules.php(196): CodeIgniter\BaseModel->findAll()
 8 FCPATH\vendor\codeigniter4\framework\system\CodeIgniter.php(933): App\Controllers\Pages\Schedules->getBusesByDate()
 9 FCPATH\vendor\codeigniter4\framework\system\CodeIgniter.php(507): CodeIgniter\CodeIgniter->runController(Object(App\Controllers\Pages\Schedules))
10 FCPATH\vendor\codeigniter4\framework\system\CodeIgniter.php(354): CodeIgniter\CodeIgniter->handleRequest(null, Object(Config\Cache), false)
11 SYSTEMPATH\Boot.php(334): CodeIgniter\CodeIgniter->run()
12 SYSTEMPATH\Boot.php(67): CodeIgniter\Boot::runCodeIgniter(Object(CodeIgniter\CodeIgniter))
13 FCPATH\index.php(56): CodeIgniter\Boot::bootWeb(Object(Config\Paths))
ERROR - 2025-08-11 18:28:09 --> mysqli_sql_exception: Unknown column 'bus_travel_schedules.date' in 'where clause' in C:\xampp\htdocs\Bus-Reservation-System\vendor\codeigniter4\framework\system\Database\MySQLi\Connection.php:327
Stack trace:
#0 C:\xampp\htdocs\Bus-Reservation-System\vendor\codeigniter4\framework\system\Database\MySQLi\Connection.php(327): mysqli->query('SELECT `buses_t...', 0)
#1 C:\xampp\htdocs\Bus-Reservation-System\vendor\codeigniter4\framework\system\Database\BaseConnection.php(738): CodeIgniter\Database\MySQLi\Connection->execute('SELECT `buses_t...')
#2 C:\xampp\htdocs\Bus-Reservation-System\vendor\codeigniter4\framework\system\Database\BaseConnection.php(652): CodeIgniter\Database\BaseConnection->simpleQuery('SELECT `buses_t...')
#3 C:\xampp\htdocs\Bus-Reservation-System\vendor\codeigniter4\framework\system\Database\BaseBuilder.php(1649): CodeIgniter\Database\BaseConnection->query('SELECT `buses_t...', Array, false)
#4 C:\xampp\htdocs\Bus-Reservation-System\vendor\codeigniter4\framework\system\Model.php(286): CodeIgniter\Database\BaseBuilder->get()
#5 C:\xampp\htdocs\Bus-Reservation-System\vendor\codeigniter4\framework\system\BaseModel.php(675): CodeIgniter\Model->doFindAll(0, 0)
#6 C:\xampp\htdocs\Bus-Reservation-System\app\Controllers\Pages\Schedules.php(196): CodeIgniter\BaseModel->findAll()
#7 C:\xampp\htdocs\Bus-Reservation-System\vendor\codeigniter4\framework\system\CodeIgniter.php(933): App\Controllers\Pages\Schedules->getBusesByDate()
#8 C:\xampp\htdocs\Bus-Reservation-System\vendor\codeigniter4\framework\system\CodeIgniter.php(507): CodeIgniter\CodeIgniter->runController(Object(App\Controllers\Pages\Schedules))
#9 C:\xampp\htdocs\Bus-Reservation-System\vendor\codeigniter4\framework\system\CodeIgniter.php(354): CodeIgniter\CodeIgniter->handleRequest(NULL, Object(Config\Cache), false)
#10 C:\xampp\htdocs\Bus-Reservation-System\system\Boot.php(334): CodeIgniter\CodeIgniter->run()
#11 C:\xampp\htdocs\Bus-Reservation-System\system\Boot.php(67): CodeIgniter\Boot::runCodeIgniter(Object(CodeIgniter\CodeIgniter))
#12 C:\xampp\htdocs\Bus-Reservation-System\index.php(56): CodeIgniter\Boot::bootWeb(Object(Config\Paths))
#13 {main}
CRITICAL - 2025-08-11 18:28:09 --> CodeIgniter\Database\Exceptions\DatabaseException: Unknown column 'bus_travel_schedules.date' in 'where clause'
[Method: POST, Route: admin/schedules/getBusesByDate]
in FCPATH\vendor\codeigniter4\framework\system\Database\BaseConnection.php on line 692.
 1 FCPATH\vendor\codeigniter4\framework\system\Database\BaseBuilder.php(1649): CodeIgniter\Database\BaseConnection->query('SELECT `buses_tb`.`buses_tb_id`, `buses_tb`.`bus_name`, `buses_tb`.`bus_no`, `buses_tb`.`bus_type`
FROM `bus_trav_sched_tb`
JOIN `buses_tb` ON `buses_tb`.`buses_tb_id` = `bus_trav_sched_tb`.`buses_tb_id`
WHERE `bus_travel_schedules`.`date` = :bus_travel_schedules.date:
AND `bus_trav_sched_tb`.`date` >= :bus_trav_sched_tb.date:', [...], false)
 2 FCPATH\vendor\codeigniter4\framework\system\Model.php(286): CodeIgniter\Database\BaseBuilder->get()
 3 FCPATH\vendor\codeigniter4\framework\system\BaseModel.php(675): CodeIgniter\Model->doFindAll(0, 0)
 4 APPPATH\Controllers\Pages\Schedules.php(196): CodeIgniter\BaseModel->findAll()
 5 FCPATH\vendor\codeigniter4\framework\system\CodeIgniter.php(933): App\Controllers\Pages\Schedules->getBusesByDate()
 6 FCPATH\vendor\codeigniter4\framework\system\CodeIgniter.php(507): CodeIgniter\CodeIgniter->runController(Object(App\Controllers\Pages\Schedules))
 7 FCPATH\vendor\codeigniter4\framework\system\CodeIgniter.php(354): CodeIgniter\CodeIgniter->handleRequest(null, Object(Config\Cache), false)
 8 SYSTEMPATH\Boot.php(334): CodeIgniter\CodeIgniter->run()
 9 SYSTEMPATH\Boot.php(67): CodeIgniter\Boot::runCodeIgniter(Object(CodeIgniter\CodeIgniter))
10 FCPATH\index.php(56): CodeIgniter\Boot::bootWeb(Object(Config\Paths))
ERROR - 2025-08-11 18:28:09 --> mysqli_sql_exception: Unknown column 'bus_travel_schedules.date' in 'where clause' in C:\xampp\htdocs\Bus-Reservation-System\vendor\codeigniter4\framework\system\Database\MySQLi\Connection.php:327
Stack trace:
#0 C:\xampp\htdocs\Bus-Reservation-System\vendor\codeigniter4\framework\system\Database\MySQLi\Connection.php(327): mysqli->query('SELECT `buses_t...', 0)
#1 C:\xampp\htdocs\Bus-Reservation-System\vendor\codeigniter4\framework\system\Database\BaseConnection.php(738): CodeIgniter\Database\MySQLi\Connection->execute('SELECT `buses_t...')
#2 C:\xampp\htdocs\Bus-Reservation-System\vendor\codeigniter4\framework\system\Database\BaseConnection.php(652): CodeIgniter\Database\BaseConnection->simpleQuery('SELECT `buses_t...')
#3 C:\xampp\htdocs\Bus-Reservation-System\vendor\codeigniter4\framework\system\Database\BaseBuilder.php(1649): CodeIgniter\Database\BaseConnection->query('SELECT `buses_t...', Array, false)
#4 C:\xampp\htdocs\Bus-Reservation-System\vendor\codeigniter4\framework\system\Model.php(286): CodeIgniter\Database\BaseBuilder->get()
#5 C:\xampp\htdocs\Bus-Reservation-System\vendor\codeigniter4\framework\system\BaseModel.php(675): CodeIgniter\Model->doFindAll(0, 0)
#6 C:\xampp\htdocs\Bus-Reservation-System\app\Controllers\Pages\Schedules.php(196): CodeIgniter\BaseModel->findAll()
#7 C:\xampp\htdocs\Bus-Reservation-System\vendor\codeigniter4\framework\system\CodeIgniter.php(933): App\Controllers\Pages\Schedules->getBusesByDate()
#8 C:\xampp\htdocs\Bus-Reservation-System\vendor\codeigniter4\framework\system\CodeIgniter.php(507): CodeIgniter\CodeIgniter->runController(Object(App\Controllers\Pages\Schedules))
#9 C:\xampp\htdocs\Bus-Reservation-System\vendor\codeigniter4\framework\system\CodeIgniter.php(354): CodeIgniter\CodeIgniter->handleRequest(NULL, Object(Config\Cache), false)
#10 C:\xampp\htdocs\Bus-Reservation-System\system\Boot.php(334): CodeIgniter\CodeIgniter->run()
#11 C:\xampp\htdocs\Bus-Reservation-System\system\Boot.php(67): CodeIgniter\Boot::runCodeIgniter(Object(CodeIgniter\CodeIgniter))
#12 C:\xampp\htdocs\Bus-Reservation-System\index.php(56): CodeIgniter\Boot::bootWeb(Object(Config\Paths))
#13 {main}
CRITICAL - 2025-08-11 18:28:09 --> [Caused by] CodeIgniter\Database\Exceptions\DatabaseException: Unknown column 'bus_travel_schedules.date' in 'where clause'
in FCPATH\vendor\codeigniter4\framework\system\Database\MySQLi\Connection.php on line 332.
 1 FCPATH\vendor\codeigniter4\framework\system\Database\BaseConnection.php(738): CodeIgniter\Database\MySQLi\Connection->execute('SELECT `buses_tb`.`buses_tb_id`, `buses_tb`.`bus_name`, `buses_tb`.`bus_no`, `buses_tb`.`bus_type`
FROM `bus_trav_sched_tb`
JOIN `buses_tb` ON `buses_tb`.`buses_tb_id` = `bus_trav_sched_tb`.`buses_tb_id`
WHERE `bus_travel_schedules`.`date` = \'2025-08-15\'
AND `bus_trav_sched_tb`.`date` >= \'2025-08-11\'')
 2 FCPATH\vendor\codeigniter4\framework\system\Database\BaseConnection.php(652): CodeIgniter\Database\BaseConnection->simpleQuery('SELECT `buses_tb`.`buses_tb_id`, `buses_tb`.`bus_name`, `buses_tb`.`bus_no`, `buses_tb`.`bus_type`
FROM `bus_trav_sched_tb`
JOIN `buses_tb` ON `buses_tb`.`buses_tb_id` = `bus_trav_sched_tb`.`buses_tb_id`
WHERE `bus_travel_schedules`.`date` = \'2025-08-15\'
AND `bus_trav_sched_tb`.`date` >= \'2025-08-11\'')
 3 FCPATH\vendor\codeigniter4\framework\system\Database\BaseBuilder.php(1649): CodeIgniter\Database\BaseConnection->query('SELECT `buses_tb`.`buses_tb_id`, `buses_tb`.`bus_name`, `buses_tb`.`bus_no`, `buses_tb`.`bus_type`
FROM `bus_trav_sched_tb`
JOIN `buses_tb` ON `buses_tb`.`buses_tb_id` = `bus_trav_sched_tb`.`buses_tb_id`
WHERE `bus_travel_schedules`.`date` = :bus_travel_schedules.date:
AND `bus_trav_sched_tb`.`date` >= :bus_trav_sched_tb.date:', [...], false)
 4 FCPATH\vendor\codeigniter4\framework\system\Model.php(286): CodeIgniter\Database\BaseBuilder->get()
 5 FCPATH\vendor\codeigniter4\framework\system\BaseModel.php(675): CodeIgniter\Model->doFindAll(0, 0)
 6 APPPATH\Controllers\Pages\Schedules.php(196): CodeIgniter\BaseModel->findAll()
 7 FCPATH\vendor\codeigniter4\framework\system\CodeIgniter.php(933): App\Controllers\Pages\Schedules->getBusesByDate()
 8 FCPATH\vendor\codeigniter4\framework\system\CodeIgniter.php(507): CodeIgniter\CodeIgniter->runController(Object(App\Controllers\Pages\Schedules))
 9 FCPATH\vendor\codeigniter4\framework\system\CodeIgniter.php(354): CodeIgniter\CodeIgniter->handleRequest(null, Object(Config\Cache), false)
10 SYSTEMPATH\Boot.php(334): CodeIgniter\CodeIgniter->run()
11 SYSTEMPATH\Boot.php(67): CodeIgniter\Boot::runCodeIgniter(Object(CodeIgniter\CodeIgniter))
12 FCPATH\index.php(56): CodeIgniter\Boot::bootWeb(Object(Config\Paths))
CRITICAL - 2025-08-11 18:28:09 --> [Caused by] mysqli_sql_exception: Unknown column 'bus_travel_schedules.date' in 'where clause'
in FCPATH\vendor\codeigniter4\framework\system\Database\MySQLi\Connection.php on line 327.
 1 FCPATH\vendor\codeigniter4\framework\system\Database\MySQLi\Connection.php(327): mysqli->query('SELECT `buses_tb`.`buses_tb_id`, `buses_tb`.`bus_name`, `buses_tb`.`bus_no`, `buses_tb`.`bus_type`
FROM `bus_trav_sched_tb`
JOIN `buses_tb` ON `buses_tb`.`buses_tb_id` = `bus_trav_sched_tb`.`buses_tb_id`
WHERE `bus_travel_schedules`.`date` = \'2025-08-15\'
AND `bus_trav_sched_tb`.`date` >= \'2025-08-11\'', 0)
 2 FCPATH\vendor\codeigniter4\framework\system\Database\BaseConnection.php(738): CodeIgniter\Database\MySQLi\Connection->execute('SELECT `buses_tb`.`buses_tb_id`, `buses_tb`.`bus_name`, `buses_tb`.`bus_no`, `buses_tb`.`bus_type`
FROM `bus_trav_sched_tb`
JOIN `buses_tb` ON `buses_tb`.`buses_tb_id` = `bus_trav_sched_tb`.`buses_tb_id`
WHERE `bus_travel_schedules`.`date` = \'2025-08-15\'
AND `bus_trav_sched_tb`.`date` >= \'2025-08-11\'')
 3 FCPATH\vendor\codeigniter4\framework\system\Database\BaseConnection.php(652): CodeIgniter\Database\BaseConnection->simpleQuery('SELECT `buses_tb`.`buses_tb_id`, `buses_tb`.`bus_name`, `buses_tb`.`bus_no`, `buses_tb`.`bus_type`
FROM `bus_trav_sched_tb`
JOIN `buses_tb` ON `buses_tb`.`buses_tb_id` = `bus_trav_sched_tb`.`buses_tb_id`
WHERE `bus_travel_schedules`.`date` = \'2025-08-15\'
AND `bus_trav_sched_tb`.`date` >= \'2025-08-11\'')
 4 FCPATH\vendor\codeigniter4\framework\system\Database\BaseBuilder.php(1649): CodeIgniter\Database\BaseConnection->query('SELECT `buses_tb`.`buses_tb_id`, `buses_tb`.`bus_name`, `buses_tb`.`bus_no`, `buses_tb`.`bus_type`
FROM `bus_trav_sched_tb`
JOIN `buses_tb` ON `buses_tb`.`buses_tb_id` = `bus_trav_sched_tb`.`buses_tb_id`
WHERE `bus_travel_schedules`.`date` = :bus_travel_schedules.date:
AND `bus_trav_sched_tb`.`date` >= :bus_trav_sched_tb.date:', [...], false)
 5 FCPATH\vendor\codeigniter4\framework\system\Model.php(286): CodeIgniter\Database\BaseBuilder->get()
 6 FCPATH\vendor\codeigniter4\framework\system\BaseModel.php(675): CodeIgniter\Model->doFindAll(0, 0)
 7 APPPATH\Controllers\Pages\Schedules.php(196): CodeIgniter\BaseModel->findAll()
 8 FCPATH\vendor\codeigniter4\framework\system\CodeIgniter.php(933): App\Controllers\Pages\Schedules->getBusesByDate()
 9 FCPATH\vendor\codeigniter4\framework\system\CodeIgniter.php(507): CodeIgniter\CodeIgniter->runController(Object(App\Controllers\Pages\Schedules))
10 FCPATH\vendor\codeigniter4\framework\system\CodeIgniter.php(354): CodeIgniter\CodeIgniter->handleRequest(null, Object(Config\Cache), false)
11 SYSTEMPATH\Boot.php(334): CodeIgniter\CodeIgniter->run()
12 SYSTEMPATH\Boot.php(67): CodeIgniter\Boot::runCodeIgniter(Object(CodeIgniter\CodeIgniter))
13 FCPATH\index.php(56): CodeIgniter\Boot::bootWeb(Object(Config\Paths))
CRITICAL - 2025-08-11 18:28:09 --> CodeIgniter\Database\Exceptions\DatabaseException: Unknown column 'bus_travel_schedules.date' in 'where clause'
[Method: POST, Route: admin/schedules/getBusesByDate]
in FCPATH\vendor\codeigniter4\framework\system\Database\BaseConnection.php on line 692.
 1 FCPATH\vendor\codeigniter4\framework\system\Database\BaseBuilder.php(1649): CodeIgniter\Database\BaseConnection->query('SELECT `buses_tb`.`buses_tb_id`, `buses_tb`.`bus_name`, `buses_tb`.`bus_no`, `buses_tb`.`bus_type`
FROM `bus_trav_sched_tb`
JOIN `buses_tb` ON `buses_tb`.`buses_tb_id` = `bus_trav_sched_tb`.`buses_tb_id`
WHERE `bus_travel_schedules`.`date` = :bus_travel_schedules.date:
AND `bus_trav_sched_tb`.`date` >= :bus_trav_sched_tb.date:', [...], false)
 2 FCPATH\vendor\codeigniter4\framework\system\Model.php(286): CodeIgniter\Database\BaseBuilder->get()
 3 FCPATH\vendor\codeigniter4\framework\system\BaseModel.php(675): CodeIgniter\Model->doFindAll(0, 0)
 4 APPPATH\Controllers\Pages\Schedules.php(196): CodeIgniter\BaseModel->findAll()
 5 FCPATH\vendor\codeigniter4\framework\system\CodeIgniter.php(933): App\Controllers\Pages\Schedules->getBusesByDate()
 6 FCPATH\vendor\codeigniter4\framework\system\CodeIgniter.php(507): CodeIgniter\CodeIgniter->runController(Object(App\Controllers\Pages\Schedules))
 7 FCPATH\vendor\codeigniter4\framework\system\CodeIgniter.php(354): CodeIgniter\CodeIgniter->handleRequest(null, Object(Config\Cache), false)
 8 SYSTEMPATH\Boot.php(334): CodeIgniter\CodeIgniter->run()
 9 SYSTEMPATH\Boot.php(67): CodeIgniter\Boot::runCodeIgniter(Object(CodeIgniter\CodeIgniter))
10 FCPATH\index.php(56): CodeIgniter\Boot::bootWeb(Object(Config\Paths))
CRITICAL - 2025-08-11 18:28:09 --> [Caused by] CodeIgniter\Database\Exceptions\DatabaseException: Unknown column 'bus_travel_schedules.date' in 'where clause'
in FCPATH\vendor\codeigniter4\framework\system\Database\MySQLi\Connection.php on line 332.
 1 FCPATH\vendor\codeigniter4\framework\system\Database\BaseConnection.php(738): CodeIgniter\Database\MySQLi\Connection->execute('SELECT `buses_tb`.`buses_tb_id`, `buses_tb`.`bus_name`, `buses_tb`.`bus_no`, `buses_tb`.`bus_type`
FROM `bus_trav_sched_tb`
JOIN `buses_tb` ON `buses_tb`.`buses_tb_id` = `bus_trav_sched_tb`.`buses_tb_id`
WHERE `bus_travel_schedules`.`date` = \'2025-08-15\'
AND `bus_trav_sched_tb`.`date` >= \'2025-08-11\'')
 2 FCPATH\vendor\codeigniter4\framework\system\Database\BaseConnection.php(652): CodeIgniter\Database\BaseConnection->simpleQuery('SELECT `buses_tb`.`buses_tb_id`, `buses_tb`.`bus_name`, `buses_tb`.`bus_no`, `buses_tb`.`bus_type`
FROM `bus_trav_sched_tb`
JOIN `buses_tb` ON `buses_tb`.`buses_tb_id` = `bus_trav_sched_tb`.`buses_tb_id`
WHERE `bus_travel_schedules`.`date` = \'2025-08-15\'
AND `bus_trav_sched_tb`.`date` >= \'2025-08-11\'')
 3 FCPATH\vendor\codeigniter4\framework\system\Database\BaseBuilder.php(1649): CodeIgniter\Database\BaseConnection->query('SELECT `buses_tb`.`buses_tb_id`, `buses_tb`.`bus_name`, `buses_tb`.`bus_no`, `buses_tb`.`bus_type`
FROM `bus_trav_sched_tb`
JOIN `buses_tb` ON `buses_tb`.`buses_tb_id` = `bus_trav_sched_tb`.`buses_tb_id`
WHERE `bus_travel_schedules`.`date` = :bus_travel_schedules.date:
AND `bus_trav_sched_tb`.`date` >= :bus_trav_sched_tb.date:', [...], false)
 4 FCPATH\vendor\codeigniter4\framework\system\Model.php(286): CodeIgniter\Database\BaseBuilder->get()
 5 FCPATH\vendor\codeigniter4\framework\system\BaseModel.php(675): CodeIgniter\Model->doFindAll(0, 0)
 6 APPPATH\Controllers\Pages\Schedules.php(196): CodeIgniter\BaseModel->findAll()
 7 FCPATH\vendor\codeigniter4\framework\system\CodeIgniter.php(933): App\Controllers\Pages\Schedules->getBusesByDate()
 8 FCPATH\vendor\codeigniter4\framework\system\CodeIgniter.php(507): CodeIgniter\CodeIgniter->runController(Object(App\Controllers\Pages\Schedules))
 9 FCPATH\vendor\codeigniter4\framework\system\CodeIgniter.php(354): CodeIgniter\CodeIgniter->handleRequest(null, Object(Config\Cache), false)
10 SYSTEMPATH\Boot.php(334): CodeIgniter\CodeIgniter->run()
11 SYSTEMPATH\Boot.php(67): CodeIgniter\Boot::runCodeIgniter(Object(CodeIgniter\CodeIgniter))
12 FCPATH\index.php(56): CodeIgniter\Boot::bootWeb(Object(Config\Paths))
CRITICAL - 2025-08-11 18:28:09 --> [Caused by] mysqli_sql_exception: Unknown column 'bus_travel_schedules.date' in 'where clause'
in FCPATH\vendor\codeigniter4\framework\system\Database\MySQLi\Connection.php on line 327.
 1 FCPATH\vendor\codeigniter4\framework\system\Database\MySQLi\Connection.php(327): mysqli->query('SELECT `buses_tb`.`buses_tb_id`, `buses_tb`.`bus_name`, `buses_tb`.`bus_no`, `buses_tb`.`bus_type`
FROM `bus_trav_sched_tb`
JOIN `buses_tb` ON `buses_tb`.`buses_tb_id` = `bus_trav_sched_tb`.`buses_tb_id`
WHERE `bus_travel_schedules`.`date` = \'2025-08-15\'
AND `bus_trav_sched_tb`.`date` >= \'2025-08-11\'', 0)
 2 FCPATH\vendor\codeigniter4\framework\system\Database\BaseConnection.php(738): CodeIgniter\Database\MySQLi\Connection->execute('SELECT `buses_tb`.`buses_tb_id`, `buses_tb`.`bus_name`, `buses_tb`.`bus_no`, `buses_tb`.`bus_type`
FROM `bus_trav_sched_tb`
JOIN `buses_tb` ON `buses_tb`.`buses_tb_id` = `bus_trav_sched_tb`.`buses_tb_id`
WHERE `bus_travel_schedules`.`date` = \'2025-08-15\'
AND `bus_trav_sched_tb`.`date` >= \'2025-08-11\'')
 3 FCPATH\vendor\codeigniter4\framework\system\Database\BaseConnection.php(652): CodeIgniter\Database\BaseConnection->simpleQuery('SELECT `buses_tb`.`buses_tb_id`, `buses_tb`.`bus_name`, `buses_tb`.`bus_no`, `buses_tb`.`bus_type`
FROM `bus_trav_sched_tb`
JOIN `buses_tb` ON `buses_tb`.`buses_tb_id` = `bus_trav_sched_tb`.`buses_tb_id`
WHERE `bus_travel_schedules`.`date` = \'2025-08-15\'
AND `bus_trav_sched_tb`.`date` >= \'2025-08-11\'')
 4 FCPATH\vendor\codeigniter4\framework\system\Database\BaseBuilder.php(1649): CodeIgniter\Database\BaseConnection->query('SELECT `buses_tb`.`buses_tb_id`, `buses_tb`.`bus_name`, `buses_tb`.`bus_no`, `buses_tb`.`bus_type`
FROM `bus_trav_sched_tb`
JOIN `buses_tb` ON `buses_tb`.`buses_tb_id` = `bus_trav_sched_tb`.`buses_tb_id`
WHERE `bus_travel_schedules`.`date` = :bus_travel_schedules.date:
AND `bus_trav_sched_tb`.`date` >= :bus_trav_sched_tb.date:', [...], false)
 5 FCPATH\vendor\codeigniter4\framework\system\Model.php(286): CodeIgniter\Database\BaseBuilder->get()
 6 FCPATH\vendor\codeigniter4\framework\system\BaseModel.php(675): CodeIgniter\Model->doFindAll(0, 0)
 7 APPPATH\Controllers\Pages\Schedules.php(196): CodeIgniter\BaseModel->findAll()
 8 FCPATH\vendor\codeigniter4\framework\system\CodeIgniter.php(933): App\Controllers\Pages\Schedules->getBusesByDate()
 9 FCPATH\vendor\codeigniter4\framework\system\CodeIgniter.php(507): CodeIgniter\CodeIgniter->runController(Object(App\Controllers\Pages\Schedules))
10 FCPATH\vendor\codeigniter4\framework\system\CodeIgniter.php(354): CodeIgniter\CodeIgniter->handleRequest(null, Object(Config\Cache), false)
11 SYSTEMPATH\Boot.php(334): CodeIgniter\CodeIgniter->run()
12 SYSTEMPATH\Boot.php(67): CodeIgniter\Boot::runCodeIgniter(Object(CodeIgniter\CodeIgniter))
13 FCPATH\index.php(56): CodeIgniter\Boot::bootWeb(Object(Config\Paths))
ERROR - 2025-08-11 19:00:11 --> mysqli_sql_exception: Unknown column 'routes_tb_id' in 'where clause' in C:\xampp\htdocs\Bus-Reservation-System\vendor\codeigniter4\framework\system\Database\MySQLi\Connection.php:327
Stack trace:
#0 C:\xampp\htdocs\Bus-Reservation-System\vendor\codeigniter4\framework\system\Database\MySQLi\Connection.php(327): mysqli->query('SELECT COUNT(*)...', 0)
#1 C:\xampp\htdocs\Bus-Reservation-System\vendor\codeigniter4\framework\system\Database\BaseConnection.php(738): CodeIgniter\Database\MySQLi\Connection->execute('SELECT COUNT(*)...')
#2 C:\xampp\htdocs\Bus-Reservation-System\vendor\codeigniter4\framework\system\Database\BaseConnection.php(652): CodeIgniter\Database\BaseConnection->simpleQuery('SELECT COUNT(*)...')
#3 C:\xampp\htdocs\Bus-Reservation-System\vendor\codeigniter4\framework\system\Database\BaseBuilder.php(1733): CodeIgniter\Database\BaseConnection->query('SELECT COUNT(*)...', Array, false)
#4 C:\xampp\htdocs\Bus-Reservation-System\vendor\codeigniter4\framework\system\Model.php(676): CodeIgniter\Database\BaseBuilder->countAllResults(true)
#5 C:\xampp\htdocs\Bus-Reservation-System\app\Controllers\Pages\Schedules.php(217): CodeIgniter\Model->countAllResults()
#6 C:\xampp\htdocs\Bus-Reservation-System\vendor\codeigniter4\framework\system\CodeIgniter.php(933): App\Controllers\Pages\Schedules->checkRouteScheduleExists()
#7 C:\xampp\htdocs\Bus-Reservation-System\vendor\codeigniter4\framework\system\CodeIgniter.php(507): CodeIgniter\CodeIgniter->runController(Object(App\Controllers\Pages\Schedules))
#8 C:\xampp\htdocs\Bus-Reservation-System\vendor\codeigniter4\framework\system\CodeIgniter.php(354): CodeIgniter\CodeIgniter->handleRequest(NULL, Object(Config\Cache), false)
#9 C:\xampp\htdocs\Bus-Reservation-System\system\Boot.php(334): CodeIgniter\CodeIgniter->run()
#10 C:\xampp\htdocs\Bus-Reservation-System\system\Boot.php(67): CodeIgniter\Boot::runCodeIgniter(Object(CodeIgniter\CodeIgniter))
#11 C:\xampp\htdocs\Bus-Reservation-System\index.php(56): CodeIgniter\Boot::bootWeb(Object(Config\Paths))
#12 {main}
CRITICAL - 2025-08-11 19:00:11 --> CodeIgniter\Database\Exceptions\DatabaseException: Unknown column 'routes_tb_id' in 'where clause'
[Method: POST, Route: admin/schedules/checkRouteScheduleExists]
in FCPATH\vendor\codeigniter4\framework\system\Database\BaseConnection.php on line 692.
 1 FCPATH\vendor\codeigniter4\framework\system\Database\BaseBuilder.php(1733): CodeIgniter\Database\BaseConnection->query('SELECT COUNT(*) AS `numrows`
FROM `bus_trav_sched_tb`
WHERE `routes_tb_id` = :routes_tb_id:
AND `dep_time` IS NULL
AND `bus_trav_sched_tb_id` = :bus_trav_sched_tb_id:', [...], false)
 2 FCPATH\vendor\codeigniter4\framework\system\Model.php(676): CodeIgniter\Database\BaseBuilder->countAllResults(true)
 3 APPPATH\Controllers\Pages\Schedules.php(217): CodeIgniter\Model->countAllResults()
 4 FCPATH\vendor\codeigniter4\framework\system\CodeIgniter.php(933): App\Controllers\Pages\Schedules->checkRouteScheduleExists()
 5 FCPATH\vendor\codeigniter4\framework\system\CodeIgniter.php(507): CodeIgniter\CodeIgniter->runController(Object(App\Controllers\Pages\Schedules))
 6 FCPATH\vendor\codeigniter4\framework\system\CodeIgniter.php(354): CodeIgniter\CodeIgniter->handleRequest(null, Object(Config\Cache), false)
 7 SYSTEMPATH\Boot.php(334): CodeIgniter\CodeIgniter->run()
 8 SYSTEMPATH\Boot.php(67): CodeIgniter\Boot::runCodeIgniter(Object(CodeIgniter\CodeIgniter))
 9 FCPATH\index.php(56): CodeIgniter\Boot::bootWeb(Object(Config\Paths))
CRITICAL - 2025-08-11 19:00:11 --> [Caused by] CodeIgniter\Database\Exceptions\DatabaseException: Unknown column 'routes_tb_id' in 'where clause'
in FCPATH\vendor\codeigniter4\framework\system\Database\MySQLi\Connection.php on line 332.
 1 FCPATH\vendor\codeigniter4\framework\system\Database\BaseConnection.php(738): CodeIgniter\Database\MySQLi\Connection->execute('SELECT COUNT(*) AS `numrows`
FROM `bus_trav_sched_tb`
WHERE `routes_tb_id` = \'4\'
AND `dep_time` IS NULL
AND `bus_trav_sched_tb_id` = \'10\'')
 2 FCPATH\vendor\codeigniter4\framework\system\Database\BaseConnection.php(652): CodeIgniter\Database\BaseConnection->simpleQuery('SELECT COUNT(*) AS `numrows`
FROM `bus_trav_sched_tb`
WHERE `routes_tb_id` = \'4\'
AND `dep_time` IS NULL
AND `bus_trav_sched_tb_id` = \'10\'')
 3 FCPATH\vendor\codeigniter4\framework\system\Database\BaseBuilder.php(1733): CodeIgniter\Database\BaseConnection->query('SELECT COUNT(*) AS `numrows`
FROM `bus_trav_sched_tb`
WHERE `routes_tb_id` = :routes_tb_id:
AND `dep_time` IS NULL
AND `bus_trav_sched_tb_id` = :bus_trav_sched_tb_id:', [...], false)
 4 FCPATH\vendor\codeigniter4\framework\system\Model.php(676): CodeIgniter\Database\BaseBuilder->countAllResults(true)
 5 APPPATH\Controllers\Pages\Schedules.php(217): CodeIgniter\Model->countAllResults()
 6 FCPATH\vendor\codeigniter4\framework\system\CodeIgniter.php(933): App\Controllers\Pages\Schedules->checkRouteScheduleExists()
 7 FCPATH\vendor\codeigniter4\framework\system\CodeIgniter.php(507): CodeIgniter\CodeIgniter->runController(Object(App\Controllers\Pages\Schedules))
 8 FCPATH\vendor\codeigniter4\framework\system\CodeIgniter.php(354): CodeIgniter\CodeIgniter->handleRequest(null, Object(Config\Cache), false)
 9 SYSTEMPATH\Boot.php(334): CodeIgniter\CodeIgniter->run()
10 SYSTEMPATH\Boot.php(67): CodeIgniter\Boot::runCodeIgniter(Object(CodeIgniter\CodeIgniter))
11 FCPATH\index.php(56): CodeIgniter\Boot::bootWeb(Object(Config\Paths))
CRITICAL - 2025-08-11 19:00:11 --> [Caused by] mysqli_sql_exception: Unknown column 'routes_tb_id' in 'where clause'
in FCPATH\vendor\codeigniter4\framework\system\Database\MySQLi\Connection.php on line 327.
 1 FCPATH\vendor\codeigniter4\framework\system\Database\MySQLi\Connection.php(327): mysqli->query('SELECT COUNT(*) AS `numrows`
FROM `bus_trav_sched_tb`
WHERE `routes_tb_id` = \'4\'
AND `dep_time` IS NULL
AND `bus_trav_sched_tb_id` = \'10\'', 0)
 2 FCPATH\vendor\codeigniter4\framework\system\Database\BaseConnection.php(738): CodeIgniter\Database\MySQLi\Connection->execute('SELECT COUNT(*) AS `numrows`
FROM `bus_trav_sched_tb`
WHERE `routes_tb_id` = \'4\'
AND `dep_time` IS NULL
AND `bus_trav_sched_tb_id` = \'10\'')
 3 FCPATH\vendor\codeigniter4\framework\system\Database\BaseConnection.php(652): CodeIgniter\Database\BaseConnection->simpleQuery('SELECT COUNT(*) AS `numrows`
FROM `bus_trav_sched_tb`
WHERE `routes_tb_id` = \'4\'
AND `dep_time` IS NULL
AND `bus_trav_sched_tb_id` = \'10\'')
 4 FCPATH\vendor\codeigniter4\framework\system\Database\BaseBuilder.php(1733): CodeIgniter\Database\BaseConnection->query('SELECT COUNT(*) AS `numrows`
FROM `bus_trav_sched_tb`
WHERE `routes_tb_id` = :routes_tb_id:
AND `dep_time` IS NULL
AND `bus_trav_sched_tb_id` = :bus_trav_sched_tb_id:', [...], false)
 5 FCPATH\vendor\codeigniter4\framework\system\Model.php(676): CodeIgniter\Database\BaseBuilder->countAllResults(true)
 6 APPPATH\Controllers\Pages\Schedules.php(217): CodeIgniter\Model->countAllResults()
 7 FCPATH\vendor\codeigniter4\framework\system\CodeIgniter.php(933): App\Controllers\Pages\Schedules->checkRouteScheduleExists()
 8 FCPATH\vendor\codeigniter4\framework\system\CodeIgniter.php(507): CodeIgniter\CodeIgniter->runController(Object(App\Controllers\Pages\Schedules))
 9 FCPATH\vendor\codeigniter4\framework\system\CodeIgniter.php(354): CodeIgniter\CodeIgniter->handleRequest(null, Object(Config\Cache), false)
10 SYSTEMPATH\Boot.php(334): CodeIgniter\CodeIgniter->run()
11 SYSTEMPATH\Boot.php(67): CodeIgniter\Boot::runCodeIgniter(Object(CodeIgniter\CodeIgniter))
12 FCPATH\index.php(56): CodeIgniter\Boot::bootWeb(Object(Config\Paths))
ERROR - 2025-08-11 19:00:12 --> mysqli_sql_exception: Unknown column 'routes_tb_id' in 'where clause' in C:\xampp\htdocs\Bus-Reservation-System\vendor\codeigniter4\framework\system\Database\MySQLi\Connection.php:327
Stack trace:
#0 C:\xampp\htdocs\Bus-Reservation-System\vendor\codeigniter4\framework\system\Database\MySQLi\Connection.php(327): mysqli->query('SELECT COUNT(*)...', 0)
#1 C:\xampp\htdocs\Bus-Reservation-System\vendor\codeigniter4\framework\system\Database\BaseConnection.php(738): CodeIgniter\Database\MySQLi\Connection->execute('SELECT COUNT(*)...')
#2 C:\xampp\htdocs\Bus-Reservation-System\vendor\codeigniter4\framework\system\Database\BaseConnection.php(652): CodeIgniter\Database\BaseConnection->simpleQuery('SELECT COUNT(*)...')
#3 C:\xampp\htdocs\Bus-Reservation-System\vendor\codeigniter4\framework\system\Database\BaseBuilder.php(1733): CodeIgniter\Database\BaseConnection->query('SELECT COUNT(*)...', Array, false)
#4 C:\xampp\htdocs\Bus-Reservation-System\vendor\codeigniter4\framework\system\Model.php(676): CodeIgniter\Database\BaseBuilder->countAllResults(true)
#5 C:\xampp\htdocs\Bus-Reservation-System\app\Controllers\Pages\Schedules.php(217): CodeIgniter\Model->countAllResults()
#6 C:\xampp\htdocs\Bus-Reservation-System\vendor\codeigniter4\framework\system\CodeIgniter.php(933): App\Controllers\Pages\Schedules->checkRouteScheduleExists()
#7 C:\xampp\htdocs\Bus-Reservation-System\vendor\codeigniter4\framework\system\CodeIgniter.php(507): CodeIgniter\CodeIgniter->runController(Object(App\Controllers\Pages\Schedules))
#8 C:\xampp\htdocs\Bus-Reservation-System\vendor\codeigniter4\framework\system\CodeIgniter.php(354): CodeIgniter\CodeIgniter->handleRequest(NULL, Object(Config\Cache), false)
#9 C:\xampp\htdocs\Bus-Reservation-System\system\Boot.php(334): CodeIgniter\CodeIgniter->run()
#10 C:\xampp\htdocs\Bus-Reservation-System\system\Boot.php(67): CodeIgniter\Boot::runCodeIgniter(Object(CodeIgniter\CodeIgniter))
#11 C:\xampp\htdocs\Bus-Reservation-System\index.php(56): CodeIgniter\Boot::bootWeb(Object(Config\Paths))
#12 {main}
CRITICAL - 2025-08-11 19:00:12 --> CodeIgniter\Database\Exceptions\DatabaseException: Unknown column 'routes_tb_id' in 'where clause'
[Method: POST, Route: admin/schedules/checkRouteScheduleExists]
in FCPATH\vendor\codeigniter4\framework\system\Database\BaseConnection.php on line 692.
 1 FCPATH\vendor\codeigniter4\framework\system\Database\BaseBuilder.php(1733): CodeIgniter\Database\BaseConnection->query('SELECT COUNT(*) AS `numrows`
FROM `bus_trav_sched_tb`
WHERE `routes_tb_id` = :routes_tb_id:
AND `dep_time` IS NULL
AND `bus_trav_sched_tb_id` = :bus_trav_sched_tb_id:', [...], false)
 2 FCPATH\vendor\codeigniter4\framework\system\Model.php(676): CodeIgniter\Database\BaseBuilder->countAllResults(true)
 3 APPPATH\Controllers\Pages\Schedules.php(217): CodeIgniter\Model->countAllResults()
 4 FCPATH\vendor\codeigniter4\framework\system\CodeIgniter.php(933): App\Controllers\Pages\Schedules->checkRouteScheduleExists()
 5 FCPATH\vendor\codeigniter4\framework\system\CodeIgniter.php(507): CodeIgniter\CodeIgniter->runController(Object(App\Controllers\Pages\Schedules))
 6 FCPATH\vendor\codeigniter4\framework\system\CodeIgniter.php(354): CodeIgniter\CodeIgniter->handleRequest(null, Object(Config\Cache), false)
 7 SYSTEMPATH\Boot.php(334): CodeIgniter\CodeIgniter->run()
 8 SYSTEMPATH\Boot.php(67): CodeIgniter\Boot::runCodeIgniter(Object(CodeIgniter\CodeIgniter))
 9 FCPATH\index.php(56): CodeIgniter\Boot::bootWeb(Object(Config\Paths))
CRITICAL - 2025-08-11 19:00:12 --> [Caused by] CodeIgniter\Database\Exceptions\DatabaseException: Unknown column 'routes_tb_id' in 'where clause'
in FCPATH\vendor\codeigniter4\framework\system\Database\MySQLi\Connection.php on line 332.
 1 FCPATH\vendor\codeigniter4\framework\system\Database\BaseConnection.php(738): CodeIgniter\Database\MySQLi\Connection->execute('SELECT COUNT(*) AS `numrows`
FROM `bus_trav_sched_tb`
WHERE `routes_tb_id` = \'4\'
AND `dep_time` IS NULL
AND `bus_trav_sched_tb_id` = \'10\'')
 2 FCPATH\vendor\codeigniter4\framework\system\Database\BaseConnection.php(652): CodeIgniter\Database\BaseConnection->simpleQuery('SELECT COUNT(*) AS `numrows`
FROM `bus_trav_sched_tb`
WHERE `routes_tb_id` = \'4\'
AND `dep_time` IS NULL
AND `bus_trav_sched_tb_id` = \'10\'')
 3 FCPATH\vendor\codeigniter4\framework\system\Database\BaseBuilder.php(1733): CodeIgniter\Database\BaseConnection->query('SELECT COUNT(*) AS `numrows`
FROM `bus_trav_sched_tb`
WHERE `routes_tb_id` = :routes_tb_id:
AND `dep_time` IS NULL
AND `bus_trav_sched_tb_id` = :bus_trav_sched_tb_id:', [...], false)
 4 FCPATH\vendor\codeigniter4\framework\system\Model.php(676): CodeIgniter\Database\BaseBuilder->countAllResults(true)
 5 APPPATH\Controllers\Pages\Schedules.php(217): CodeIgniter\Model->countAllResults()
 6 FCPATH\vendor\codeigniter4\framework\system\CodeIgniter.php(933): App\Controllers\Pages\Schedules->checkRouteScheduleExists()
 7 FCPATH\vendor\codeigniter4\framework\system\CodeIgniter.php(507): CodeIgniter\CodeIgniter->runController(Object(App\Controllers\Pages\Schedules))
 8 FCPATH\vendor\codeigniter4\framework\system\CodeIgniter.php(354): CodeIgniter\CodeIgniter->handleRequest(null, Object(Config\Cache), false)
 9 SYSTEMPATH\Boot.php(334): CodeIgniter\CodeIgniter->run()
10 SYSTEMPATH\Boot.php(67): CodeIgniter\Boot::runCodeIgniter(Object(CodeIgniter\CodeIgniter))
11 FCPATH\index.php(56): CodeIgniter\Boot::bootWeb(Object(Config\Paths))
CRITICAL - 2025-08-11 19:00:12 --> [Caused by] mysqli_sql_exception: Unknown column 'routes_tb_id' in 'where clause'
in FCPATH\vendor\codeigniter4\framework\system\Database\MySQLi\Connection.php on line 327.
 1 FCPATH\vendor\codeigniter4\framework\system\Database\MySQLi\Connection.php(327): mysqli->query('SELECT COUNT(*) AS `numrows`
FROM `bus_trav_sched_tb`
WHERE `routes_tb_id` = \'4\'
AND `dep_time` IS NULL
AND `bus_trav_sched_tb_id` = \'10\'', 0)
 2 FCPATH\vendor\codeigniter4\framework\system\Database\BaseConnection.php(738): CodeIgniter\Database\MySQLi\Connection->execute('SELECT COUNT(*) AS `numrows`
FROM `bus_trav_sched_tb`
WHERE `routes_tb_id` = \'4\'
AND `dep_time` IS NULL
AND `bus_trav_sched_tb_id` = \'10\'')
 3 FCPATH\vendor\codeigniter4\framework\system\Database\BaseConnection.php(652): CodeIgniter\Database\BaseConnection->simpleQuery('SELECT COUNT(*) AS `numrows`
FROM `bus_trav_sched_tb`
WHERE `routes_tb_id` = \'4\'
AND `dep_time` IS NULL
AND `bus_trav_sched_tb_id` = \'10\'')
 4 FCPATH\vendor\codeigniter4\framework\system\Database\BaseBuilder.php(1733): CodeIgniter\Database\BaseConnection->query('SELECT COUNT(*) AS `numrows`
FROM `bus_trav_sched_tb`
WHERE `routes_tb_id` = :routes_tb_id:
AND `dep_time` IS NULL
AND `bus_trav_sched_tb_id` = :bus_trav_sched_tb_id:', [...], false)
 5 FCPATH\vendor\codeigniter4\framework\system\Model.php(676): CodeIgniter\Database\BaseBuilder->countAllResults(true)
 6 APPPATH\Controllers\Pages\Schedules.php(217): CodeIgniter\Model->countAllResults()
 7 FCPATH\vendor\codeigniter4\framework\system\CodeIgniter.php(933): App\Controllers\Pages\Schedules->checkRouteScheduleExists()
 8 FCPATH\vendor\codeigniter4\framework\system\CodeIgniter.php(507): CodeIgniter\CodeIgniter->runController(Object(App\Controllers\Pages\Schedules))
 9 FCPATH\vendor\codeigniter4\framework\system\CodeIgniter.php(354): CodeIgniter\CodeIgniter->handleRequest(null, Object(Config\Cache), false)
10 SYSTEMPATH\Boot.php(334): CodeIgniter\CodeIgniter->run()
11 SYSTEMPATH\Boot.php(67): CodeIgniter\Boot::runCodeIgniter(Object(CodeIgniter\CodeIgniter))
12 FCPATH\index.php(56): CodeIgniter\Boot::bootWeb(Object(Config\Paths))
ERROR - 2025-08-11 19:00:12 --> mysqli_sql_exception: Unknown column 'routes_tb_id' in 'where clause' in C:\xampp\htdocs\Bus-Reservation-System\vendor\codeigniter4\framework\system\Database\MySQLi\Connection.php:327
Stack trace:
#0 C:\xampp\htdocs\Bus-Reservation-System\vendor\codeigniter4\framework\system\Database\MySQLi\Connection.php(327): mysqli->query('SELECT COUNT(*)...', 0)
#1 C:\xampp\htdocs\Bus-Reservation-System\vendor\codeigniter4\framework\system\Database\BaseConnection.php(738): CodeIgniter\Database\MySQLi\Connection->execute('SELECT COUNT(*)...')
#2 C:\xampp\htdocs\Bus-Reservation-System\vendor\codeigniter4\framework\system\Database\BaseConnection.php(652): CodeIgniter\Database\BaseConnection->simpleQuery('SELECT COUNT(*)...')
#3 C:\xampp\htdocs\Bus-Reservation-System\vendor\codeigniter4\framework\system\Database\BaseBuilder.php(1733): CodeIgniter\Database\BaseConnection->query('SELECT COUNT(*)...', Array, false)
#4 C:\xampp\htdocs\Bus-Reservation-System\vendor\codeigniter4\framework\system\Model.php(676): CodeIgniter\Database\BaseBuilder->countAllResults(true)
#5 C:\xampp\htdocs\Bus-Reservation-System\app\Controllers\Pages\Schedules.php(217): CodeIgniter\Model->countAllResults()
#6 C:\xampp\htdocs\Bus-Reservation-System\vendor\codeigniter4\framework\system\CodeIgniter.php(933): App\Controllers\Pages\Schedules->checkRouteScheduleExists()
#7 C:\xampp\htdocs\Bus-Reservation-System\vendor\codeigniter4\framework\system\CodeIgniter.php(507): CodeIgniter\CodeIgniter->runController(Object(App\Controllers\Pages\Schedules))
#8 C:\xampp\htdocs\Bus-Reservation-System\vendor\codeigniter4\framework\system\CodeIgniter.php(354): CodeIgniter\CodeIgniter->handleRequest(NULL, Object(Config\Cache), false)
#9 C:\xampp\htdocs\Bus-Reservation-System\system\Boot.php(334): CodeIgniter\CodeIgniter->run()
#10 C:\xampp\htdocs\Bus-Reservation-System\system\Boot.php(67): CodeIgniter\Boot::runCodeIgniter(Object(CodeIgniter\CodeIgniter))
#11 C:\xampp\htdocs\Bus-Reservation-System\index.php(56): CodeIgniter\Boot::bootWeb(Object(Config\Paths))
#12 {main}
CRITICAL - 2025-08-11 19:00:13 --> CodeIgniter\Database\Exceptions\DatabaseException: Unknown column 'routes_tb_id' in 'where clause'
[Method: POST, Route: admin/schedules/checkRouteScheduleExists]
in FCPATH\vendor\codeigniter4\framework\system\Database\BaseConnection.php on line 692.
 1 FCPATH\vendor\codeigniter4\framework\system\Database\BaseBuilder.php(1733): CodeIgniter\Database\BaseConnection->query('SELECT COUNT(*) AS `numrows`
FROM `bus_trav_sched_tb`
WHERE `routes_tb_id` = :routes_tb_id:
AND `dep_time` IS NULL
AND `bus_trav_sched_tb_id` = :bus_trav_sched_tb_id:', [...], false)
 2 FCPATH\vendor\codeigniter4\framework\system\Model.php(676): CodeIgniter\Database\BaseBuilder->countAllResults(true)
 3 APPPATH\Controllers\Pages\Schedules.php(217): CodeIgniter\Model->countAllResults()
 4 FCPATH\vendor\codeigniter4\framework\system\CodeIgniter.php(933): App\Controllers\Pages\Schedules->checkRouteScheduleExists()
 5 FCPATH\vendor\codeigniter4\framework\system\CodeIgniter.php(507): CodeIgniter\CodeIgniter->runController(Object(App\Controllers\Pages\Schedules))
 6 FCPATH\vendor\codeigniter4\framework\system\CodeIgniter.php(354): CodeIgniter\CodeIgniter->handleRequest(null, Object(Config\Cache), false)
 7 SYSTEMPATH\Boot.php(334): CodeIgniter\CodeIgniter->run()
 8 SYSTEMPATH\Boot.php(67): CodeIgniter\Boot::runCodeIgniter(Object(CodeIgniter\CodeIgniter))
 9 FCPATH\index.php(56): CodeIgniter\Boot::bootWeb(Object(Config\Paths))
CRITICAL - 2025-08-11 19:00:13 --> [Caused by] CodeIgniter\Database\Exceptions\DatabaseException: Unknown column 'routes_tb_id' in 'where clause'
in FCPATH\vendor\codeigniter4\framework\system\Database\MySQLi\Connection.php on line 332.
 1 FCPATH\vendor\codeigniter4\framework\system\Database\BaseConnection.php(738): CodeIgniter\Database\MySQLi\Connection->execute('SELECT COUNT(*) AS `numrows`
FROM `bus_trav_sched_tb`
WHERE `routes_tb_id` = \'4\'
AND `dep_time` IS NULL
AND `bus_trav_sched_tb_id` = \'10\'')
 2 FCPATH\vendor\codeigniter4\framework\system\Database\BaseConnection.php(652): CodeIgniter\Database\BaseConnection->simpleQuery('SELECT COUNT(*) AS `numrows`
FROM `bus_trav_sched_tb`
WHERE `routes_tb_id` = \'4\'
AND `dep_time` IS NULL
AND `bus_trav_sched_tb_id` = \'10\'')
 3 FCPATH\vendor\codeigniter4\framework\system\Database\BaseBuilder.php(1733): CodeIgniter\Database\BaseConnection->query('SELECT COUNT(*) AS `numrows`
FROM `bus_trav_sched_tb`
WHERE `routes_tb_id` = :routes_tb_id:
AND `dep_time` IS NULL
AND `bus_trav_sched_tb_id` = :bus_trav_sched_tb_id:', [...], false)
 4 FCPATH\vendor\codeigniter4\framework\system\Model.php(676): CodeIgniter\Database\BaseBuilder->countAllResults(true)
 5 APPPATH\Controllers\Pages\Schedules.php(217): CodeIgniter\Model->countAllResults()
 6 FCPATH\vendor\codeigniter4\framework\system\CodeIgniter.php(933): App\Controllers\Pages\Schedules->checkRouteScheduleExists()
 7 FCPATH\vendor\codeigniter4\framework\system\CodeIgniter.php(507): CodeIgniter\CodeIgniter->runController(Object(App\Controllers\Pages\Schedules))
 8 FCPATH\vendor\codeigniter4\framework\system\CodeIgniter.php(354): CodeIgniter\CodeIgniter->handleRequest(null, Object(Config\Cache), false)
 9 SYSTEMPATH\Boot.php(334): CodeIgniter\CodeIgniter->run()
10 SYSTEMPATH\Boot.php(67): CodeIgniter\Boot::runCodeIgniter(Object(CodeIgniter\CodeIgniter))
11 FCPATH\index.php(56): CodeIgniter\Boot::bootWeb(Object(Config\Paths))
CRITICAL - 2025-08-11 19:00:13 --> [Caused by] mysqli_sql_exception: Unknown column 'routes_tb_id' in 'where clause'
in FCPATH\vendor\codeigniter4\framework\system\Database\MySQLi\Connection.php on line 327.
 1 FCPATH\vendor\codeigniter4\framework\system\Database\MySQLi\Connection.php(327): mysqli->query('SELECT COUNT(*) AS `numrows`
FROM `bus_trav_sched_tb`
WHERE `routes_tb_id` = \'4\'
AND `dep_time` IS NULL
AND `bus_trav_sched_tb_id` = \'10\'', 0)
 2 FCPATH\vendor\codeigniter4\framework\system\Database\BaseConnection.php(738): CodeIgniter\Database\MySQLi\Connection->execute('SELECT COUNT(*) AS `numrows`
FROM `bus_trav_sched_tb`
WHERE `routes_tb_id` = \'4\'
AND `dep_time` IS NULL
AND `bus_trav_sched_tb_id` = \'10\'')
 3 FCPATH\vendor\codeigniter4\framework\system\Database\BaseConnection.php(652): CodeIgniter\Database\BaseConnection->simpleQuery('SELECT COUNT(*) AS `numrows`
FROM `bus_trav_sched_tb`
WHERE `routes_tb_id` = \'4\'
AND `dep_time` IS NULL
AND `bus_trav_sched_tb_id` = \'10\'')
 4 FCPATH\vendor\codeigniter4\framework\system\Database\BaseBuilder.php(1733): CodeIgniter\Database\BaseConnection->query('SELECT COUNT(*) AS `numrows`
FROM `bus_trav_sched_tb`
WHERE `routes_tb_id` = :routes_tb_id:
AND `dep_time` IS NULL
AND `bus_trav_sched_tb_id` = :bus_trav_sched_tb_id:', [...], false)
 5 FCPATH\vendor\codeigniter4\framework\system\Model.php(676): CodeIgniter\Database\BaseBuilder->countAllResults(true)
 6 APPPATH\Controllers\Pages\Schedules.php(217): CodeIgniter\Model->countAllResults()
 7 FCPATH\vendor\codeigniter4\framework\system\CodeIgniter.php(933): App\Controllers\Pages\Schedules->checkRouteScheduleExists()
 8 FCPATH\vendor\codeigniter4\framework\system\CodeIgniter.php(507): CodeIgniter\CodeIgniter->runController(Object(App\Controllers\Pages\Schedules))
 9 FCPATH\vendor\codeigniter4\framework\system\CodeIgniter.php(354): CodeIgniter\CodeIgniter->handleRequest(null, Object(Config\Cache), false)
10 SYSTEMPATH\Boot.php(334): CodeIgniter\CodeIgniter->run()
11 SYSTEMPATH\Boot.php(67): CodeIgniter\Boot::runCodeIgniter(Object(CodeIgniter\CodeIgniter))
12 FCPATH\index.php(56): CodeIgniter\Boot::bootWeb(Object(Config\Paths))
ERROR - 2025-08-11 19:03:05 --> mysqli_sql_exception: Cannot add or update a child row: a foreign key constraint fails (`u474266573_db_brs`.`bus_trav_sched_tb`, CONSTRAINT `bus_trav_sched_tb_ibfk_1` FOREIGN KEY (`buses_tb_id`) REFERENCES `buses_tb` (`buses_tb_id`) ON DELETE CASCADE ON UPDATE CASCADE) in C:\xampp\htdocs\Bus-Reservation-System\vendor\codeigniter4\framework\system\Database\MySQLi\Connection.php:327
Stack trace:
#0 C:\xampp\htdocs\Bus-Reservation-System\vendor\codeigniter4\framework\system\Database\MySQLi\Connection.php(327): mysqli->query('INSERT INTO `bu...', 0)
#1 C:\xampp\htdocs\Bus-Reservation-System\vendor\codeigniter4\framework\system\Database\BaseConnection.php(738): CodeIgniter\Database\MySQLi\Connection->execute('INSERT INTO `bu...')
#2 C:\xampp\htdocs\Bus-Reservation-System\vendor\codeigniter4\framework\system\Database\BaseConnection.php(652): CodeIgniter\Database\BaseConnection->simpleQuery('INSERT INTO `bu...')
#3 C:\xampp\htdocs\Bus-Reservation-System\vendor\codeigniter4\framework\system\Database\BaseBuilder.php(2345): CodeIgniter\Database\BaseConnection->query('INSERT INTO `bu...', Array, false)
#4 C:\xampp\htdocs\Bus-Reservation-System\vendor\codeigniter4\framework\system\Model.php(394): CodeIgniter\Database\BaseBuilder->insert()
#5 C:\xampp\htdocs\Bus-Reservation-System\vendor\codeigniter4\framework\system\BaseModel.php(839): CodeIgniter\Model->doInsert(Array)
#6 C:\xampp\htdocs\Bus-Reservation-System\vendor\codeigniter4\framework\system\Model.php(800): CodeIgniter\BaseModel->insert(Array, true)
#7 C:\xampp\htdocs\Bus-Reservation-System\app\Controllers\Pages\Schedules.php(276): CodeIgniter\Model->insert(Array)
#8 C:\xampp\htdocs\Bus-Reservation-System\vendor\codeigniter4\framework\system\CodeIgniter.php(933): App\Controllers\Pages\Schedules->addRouteSchedule()
#9 C:\xampp\htdocs\Bus-Reservation-System\vendor\codeigniter4\framework\system\CodeIgniter.php(507): CodeIgniter\CodeIgniter->runController(Object(App\Controllers\Pages\Schedules))
#10 C:\xampp\htdocs\Bus-Reservation-System\vendor\codeigniter4\framework\system\CodeIgniter.php(354): CodeIgniter\CodeIgniter->handleRequest(NULL, Object(Config\Cache), false)
#11 C:\xampp\htdocs\Bus-Reservation-System\system\Boot.php(334): CodeIgniter\CodeIgniter->run()
#12 C:\xampp\htdocs\Bus-Reservation-System\system\Boot.php(67): CodeIgniter\Boot::runCodeIgniter(Object(CodeIgniter\CodeIgniter))
#13 C:\xampp\htdocs\Bus-Reservation-System\index.php(56): CodeIgniter\Boot::bootWeb(Object(Config\Paths))
#14 {main}
CRITICAL - 2025-08-11 19:03:05 --> CodeIgniter\Database\Exceptions\DatabaseException: Cannot add or update a child row: a foreign key constraint fails (`u474266573_db_brs`.`bus_trav_sched_tb`, CONSTRAINT `bus_trav_sched_tb_ibfk_1` FOREIGN KEY (`buses_tb_id`) REFERENCES `buses_tb` (`buses_tb_id`) ON DELETE CASCADE ON UPDATE CASCADE)
[Method: POST, Route: admin/schedules/addRouteSchedule]
in FCPATH\vendor\codeigniter4\framework\system\Database\BaseConnection.php on line 692.
 1 FCPATH\vendor\codeigniter4\framework\system\Database\BaseBuilder.php(2345): CodeIgniter\Database\BaseConnection->query('INSERT INTO `bus_trav_sched_tb` (`created_at`, `updated_at`) VALUES (:created_at:, :updated_at:)', [...], false)
 2 FCPATH\vendor\codeigniter4\framework\system\Model.php(394): CodeIgniter\Database\BaseBuilder->insert()
 3 FCPATH\vendor\codeigniter4\framework\system\BaseModel.php(839): CodeIgniter\Model->doInsert([...])
 4 FCPATH\vendor\codeigniter4\framework\system\Model.php(800): CodeIgniter\BaseModel->insert([...], true)
 5 APPPATH\Controllers\Pages\Schedules.php(276): CodeIgniter\Model->insert([...])
 6 FCPATH\vendor\codeigniter4\framework\system\CodeIgniter.php(933): App\Controllers\Pages\Schedules->addRouteSchedule()
 7 FCPATH\vendor\codeigniter4\framework\system\CodeIgniter.php(507): CodeIgniter\CodeIgniter->runController(Object(App\Controllers\Pages\Schedules))
 8 FCPATH\vendor\codeigniter4\framework\system\CodeIgniter.php(354): CodeIgniter\CodeIgniter->handleRequest(null, Object(Config\Cache), false)
 9 SYSTEMPATH\Boot.php(334): CodeIgniter\CodeIgniter->run()
10 SYSTEMPATH\Boot.php(67): CodeIgniter\Boot::runCodeIgniter(Object(CodeIgniter\CodeIgniter))
11 FCPATH\index.php(56): CodeIgniter\Boot::bootWeb(Object(Config\Paths))
CRITICAL - 2025-08-11 19:03:05 --> [Caused by] CodeIgniter\Database\Exceptions\DatabaseException: Cannot add or update a child row: a foreign key constraint fails (`u474266573_db_brs`.`bus_trav_sched_tb`, CONSTRAINT `bus_trav_sched_tb_ibfk_1` FOREIGN KEY (`buses_tb_id`) REFERENCES `buses_tb` (`buses_tb_id`) ON DELETE CASCADE ON UPDATE CASCADE)
in FCPATH\vendor\codeigniter4\framework\system\Database\MySQLi\Connection.php on line 332.
 1 FCPATH\vendor\codeigniter4\framework\system\Database\BaseConnection.php(738): CodeIgniter\Database\MySQLi\Connection->execute('INSERT INTO `bus_trav_sched_tb` (`created_at`, `updated_at`) VALUES (\'2025-08-11 19:03:05\', \'2025-08-11 19:03:05\')')
 2 FCPATH\vendor\codeigniter4\framework\system\Database\BaseConnection.php(652): CodeIgniter\Database\BaseConnection->simpleQuery('INSERT INTO `bus_trav_sched_tb` (`created_at`, `updated_at`) VALUES (\'2025-08-11 19:03:05\', \'2025-08-11 19:03:05\')')
 3 FCPATH\vendor\codeigniter4\framework\system\Database\BaseBuilder.php(2345): CodeIgniter\Database\BaseConnection->query('INSERT INTO `bus_trav_sched_tb` (`created_at`, `updated_at`) VALUES (:created_at:, :updated_at:)', [...], false)
 4 FCPATH\vendor\codeigniter4\framework\system\Model.php(394): CodeIgniter\Database\BaseBuilder->insert()
 5 FCPATH\vendor\codeigniter4\framework\system\BaseModel.php(839): CodeIgniter\Model->doInsert([...])
 6 FCPATH\vendor\codeigniter4\framework\system\Model.php(800): CodeIgniter\BaseModel->insert([...], true)
 7 APPPATH\Controllers\Pages\Schedules.php(276): CodeIgniter\Model->insert([...])
 8 FCPATH\vendor\codeigniter4\framework\system\CodeIgniter.php(933): App\Controllers\Pages\Schedules->addRouteSchedule()
 9 FCPATH\vendor\codeigniter4\framework\system\CodeIgniter.php(507): CodeIgniter\CodeIgniter->runController(Object(App\Controllers\Pages\Schedules))
10 FCPATH\vendor\codeigniter4\framework\system\CodeIgniter.php(354): CodeIgniter\CodeIgniter->handleRequest(null, Object(Config\Cache), false)
11 SYSTEMPATH\Boot.php(334): CodeIgniter\CodeIgniter->run()
12 SYSTEMPATH\Boot.php(67): CodeIgniter\Boot::runCodeIgniter(Object(CodeIgniter\CodeIgniter))
13 FCPATH\index.php(56): CodeIgniter\Boot::bootWeb(Object(Config\Paths))
CRITICAL - 2025-08-11 19:03:05 --> [Caused by] mysqli_sql_exception: Cannot add or update a child row: a foreign key constraint fails (`u474266573_db_brs`.`bus_trav_sched_tb`, CONSTRAINT `bus_trav_sched_tb_ibfk_1` FOREIGN KEY (`buses_tb_id`) REFERENCES `buses_tb` (`buses_tb_id`) ON DELETE CASCADE ON UPDATE CASCADE)
in FCPATH\vendor\codeigniter4\framework\system\Database\MySQLi\Connection.php on line 327.
 1 FCPATH\vendor\codeigniter4\framework\system\Database\MySQLi\Connection.php(327): mysqli->query('INSERT INTO `bus_trav_sched_tb` (`created_at`, `updated_at`) VALUES (\'2025-08-11 19:03:05\', \'2025-08-11 19:03:05\')', 0)
 2 FCPATH\vendor\codeigniter4\framework\system\Database\BaseConnection.php(738): CodeIgniter\Database\MySQLi\Connection->execute('INSERT INTO `bus_trav_sched_tb` (`created_at`, `updated_at`) VALUES (\'2025-08-11 19:03:05\', \'2025-08-11 19:03:05\')')
 3 FCPATH\vendor\codeigniter4\framework\system\Database\BaseConnection.php(652): CodeIgniter\Database\BaseConnection->simpleQuery('INSERT INTO `bus_trav_sched_tb` (`created_at`, `updated_at`) VALUES (\'2025-08-11 19:03:05\', \'2025-08-11 19:03:05\')')
 4 FCPATH\vendor\codeigniter4\framework\system\Database\BaseBuilder.php(2345): CodeIgniter\Database\BaseConnection->query('INSERT INTO `bus_trav_sched_tb` (`created_at`, `updated_at`) VALUES (:created_at:, :updated_at:)', [...], false)
 5 FCPATH\vendor\codeigniter4\framework\system\Model.php(394): CodeIgniter\Database\BaseBuilder->insert()
 6 FCPATH\vendor\codeigniter4\framework\system\BaseModel.php(839): CodeIgniter\Model->doInsert([...])
 7 FCPATH\vendor\codeigniter4\framework\system\Model.php(800): CodeIgniter\BaseModel->insert([...], true)
 8 APPPATH\Controllers\Pages\Schedules.php(276): CodeIgniter\Model->insert([...])
 9 FCPATH\vendor\codeigniter4\framework\system\CodeIgniter.php(933): App\Controllers\Pages\Schedules->addRouteSchedule()
10 FCPATH\vendor\codeigniter4\framework\system\CodeIgniter.php(507): CodeIgniter\CodeIgniter->runController(Object(App\Controllers\Pages\Schedules))
11 FCPATH\vendor\codeigniter4\framework\system\CodeIgniter.php(354): CodeIgniter\CodeIgniter->handleRequest(null, Object(Config\Cache), false)
12 SYSTEMPATH\Boot.php(334): CodeIgniter\CodeIgniter->run()
13 SYSTEMPATH\Boot.php(67): CodeIgniter\Boot::runCodeIgniter(Object(CodeIgniter\CodeIgniter))
14 FCPATH\index.php(56): CodeIgniter\Boot::bootWeb(Object(Config\Paths))
ERROR - 2025-08-11 19:04:55 --> mysqli_sql_exception: Column 'bus_trav_sched_tb_id' cannot be null in C:\xampp\htdocs\Bus-Reservation-System\vendor\codeigniter4\framework\system\Database\MySQLi\Connection.php:327
Stack trace:
#0 C:\xampp\htdocs\Bus-Reservation-System\vendor\codeigniter4\framework\system\Database\MySQLi\Connection.php(327): mysqli->query('INSERT INTO `bu...', 0)
#1 C:\xampp\htdocs\Bus-Reservation-System\vendor\codeigniter4\framework\system\Database\BaseConnection.php(738): CodeIgniter\Database\MySQLi\Connection->execute('INSERT INTO `bu...')
#2 C:\xampp\htdocs\Bus-Reservation-System\vendor\codeigniter4\framework\system\Database\BaseConnection.php(652): CodeIgniter\Database\BaseConnection->simpleQuery('INSERT INTO `bu...')
#3 C:\xampp\htdocs\Bus-Reservation-System\vendor\codeigniter4\framework\system\Database\BaseBuilder.php(2345): CodeIgniter\Database\BaseConnection->query('INSERT INTO `bu...', Array, false)
#4 C:\xampp\htdocs\Bus-Reservation-System\vendor\codeigniter4\framework\system\Model.php(394): CodeIgniter\Database\BaseBuilder->insert()
#5 C:\xampp\htdocs\Bus-Reservation-System\vendor\codeigniter4\framework\system\BaseModel.php(839): CodeIgniter\Model->doInsert(Array)
#6 C:\xampp\htdocs\Bus-Reservation-System\vendor\codeigniter4\framework\system\Model.php(800): CodeIgniter\BaseModel->insert(Array, true)
#7 C:\xampp\htdocs\Bus-Reservation-System\app\Controllers\Pages\Schedules.php(276): CodeIgniter\Model->insert(Array)
#8 C:\xampp\htdocs\Bus-Reservation-System\vendor\codeigniter4\framework\system\CodeIgniter.php(933): App\Controllers\Pages\Schedules->addRouteSchedule()
#9 C:\xampp\htdocs\Bus-Reservation-System\vendor\codeigniter4\framework\system\CodeIgniter.php(507): CodeIgniter\CodeIgniter->runController(Object(App\Controllers\Pages\Schedules))
#10 C:\xampp\htdocs\Bus-Reservation-System\vendor\codeigniter4\framework\system\CodeIgniter.php(354): CodeIgniter\CodeIgniter->handleRequest(NULL, Object(Config\Cache), false)
#11 C:\xampp\htdocs\Bus-Reservation-System\system\Boot.php(334): CodeIgniter\CodeIgniter->run()
#12 C:\xampp\htdocs\Bus-Reservation-System\system\Boot.php(67): CodeIgniter\Boot::runCodeIgniter(Object(CodeIgniter\CodeIgniter))
#13 C:\xampp\htdocs\Bus-Reservation-System\index.php(56): CodeIgniter\Boot::bootWeb(Object(Config\Paths))
#14 {main}
CRITICAL - 2025-08-11 19:04:55 --> CodeIgniter\Database\Exceptions\DatabaseException: Column 'bus_trav_sched_tb_id' cannot be null
[Method: POST, Route: admin/schedules/addRouteSchedule]
in FCPATH\vendor\codeigniter4\framework\system\Database\BaseConnection.php on line 692.
 1 FCPATH\vendor\codeigniter4\framework\system\Database\BaseBuilder.php(2345): CodeIgniter\Database\BaseConnection->query('INSERT INTO `bus_routes_tb` (`dep_time`, `created_at`, `updated_at`, `routes_tb_id`, `bus_trav_sched_tb_id`) VALUES (:dep_time:, :created_at:, :updated_at:, :routes_tb_id:, :bus_trav_sched_tb_id:)', [...], false)
 2 FCPATH\vendor\codeigniter4\framework\system\Model.php(394): CodeIgniter\Database\BaseBuilder->insert()
 3 FCPATH\vendor\codeigniter4\framework\system\BaseModel.php(839): CodeIgniter\Model->doInsert([...])
 4 FCPATH\vendor\codeigniter4\framework\system\Model.php(800): CodeIgniter\BaseModel->insert([...], true)
 5 APPPATH\Controllers\Pages\Schedules.php(276): CodeIgniter\Model->insert([...])
 6 FCPATH\vendor\codeigniter4\framework\system\CodeIgniter.php(933): App\Controllers\Pages\Schedules->addRouteSchedule()
 7 FCPATH\vendor\codeigniter4\framework\system\CodeIgniter.php(507): CodeIgniter\CodeIgniter->runController(Object(App\Controllers\Pages\Schedules))
 8 FCPATH\vendor\codeigniter4\framework\system\CodeIgniter.php(354): CodeIgniter\CodeIgniter->handleRequest(null, Object(Config\Cache), false)
 9 SYSTEMPATH\Boot.php(334): CodeIgniter\CodeIgniter->run()
10 SYSTEMPATH\Boot.php(67): CodeIgniter\Boot::runCodeIgniter(Object(CodeIgniter\CodeIgniter))
11 FCPATH\index.php(56): CodeIgniter\Boot::bootWeb(Object(Config\Paths))
CRITICAL - 2025-08-11 19:04:55 --> [Caused by] CodeIgniter\Database\Exceptions\DatabaseException: Column 'bus_trav_sched_tb_id' cannot be null
in FCPATH\vendor\codeigniter4\framework\system\Database\MySQLi\Connection.php on line 332.
 1 FCPATH\vendor\codeigniter4\framework\system\Database\BaseConnection.php(738): CodeIgniter\Database\MySQLi\Connection->execute('INSERT INTO `bus_routes_tb` (`dep_time`, `created_at`, `updated_at`, `routes_tb_id`, `bus_trav_sched_tb_id`) VALUES (\'19:02\', \'2025-08-11 19:04:55\', \'2025-08-11 19:04:55\', \'4\', NULL)')
 2 FCPATH\vendor\codeigniter4\framework\system\Database\BaseConnection.php(652): CodeIgniter\Database\BaseConnection->simpleQuery('INSERT INTO `bus_routes_tb` (`dep_time`, `created_at`, `updated_at`, `routes_tb_id`, `bus_trav_sched_tb_id`) VALUES (\'19:02\', \'2025-08-11 19:04:55\', \'2025-08-11 19:04:55\', \'4\', NULL)')
 3 FCPATH\vendor\codeigniter4\framework\system\Database\BaseBuilder.php(2345): CodeIgniter\Database\BaseConnection->query('INSERT INTO `bus_routes_tb` (`dep_time`, `created_at`, `updated_at`, `routes_tb_id`, `bus_trav_sched_tb_id`) VALUES (:dep_time:, :created_at:, :updated_at:, :routes_tb_id:, :bus_trav_sched_tb_id:)', [...], false)
 4 FCPATH\vendor\codeigniter4\framework\system\Model.php(394): CodeIgniter\Database\BaseBuilder->insert()
 5 FCPATH\vendor\codeigniter4\framework\system\BaseModel.php(839): CodeIgniter\Model->doInsert([...])
 6 FCPATH\vendor\codeigniter4\framework\system\Model.php(800): CodeIgniter\BaseModel->insert([...], true)
 7 APPPATH\Controllers\Pages\Schedules.php(276): CodeIgniter\Model->insert([...])
 8 FCPATH\vendor\codeigniter4\framework\system\CodeIgniter.php(933): App\Controllers\Pages\Schedules->addRouteSchedule()
 9 FCPATH\vendor\codeigniter4\framework\system\CodeIgniter.php(507): CodeIgniter\CodeIgniter->runController(Object(App\Controllers\Pages\Schedules))
10 FCPATH\vendor\codeigniter4\framework\system\CodeIgniter.php(354): CodeIgniter\CodeIgniter->handleRequest(null, Object(Config\Cache), false)
11 SYSTEMPATH\Boot.php(334): CodeIgniter\CodeIgniter->run()
12 SYSTEMPATH\Boot.php(67): CodeIgniter\Boot::runCodeIgniter(Object(CodeIgniter\CodeIgniter))
13 FCPATH\index.php(56): CodeIgniter\Boot::bootWeb(Object(Config\Paths))
CRITICAL - 2025-08-11 19:04:55 --> [Caused by] mysqli_sql_exception: Column 'bus_trav_sched_tb_id' cannot be null
in FCPATH\vendor\codeigniter4\framework\system\Database\MySQLi\Connection.php on line 327.
 1 FCPATH\vendor\codeigniter4\framework\system\Database\MySQLi\Connection.php(327): mysqli->query('INSERT INTO `bus_routes_tb` (`dep_time`, `created_at`, `updated_at`, `routes_tb_id`, `bus_trav_sched_tb_id`) VALUES (\'19:02\', \'2025-08-11 19:04:55\', \'2025-08-11 19:04:55\', \'4\', NULL)', 0)
 2 FCPATH\vendor\codeigniter4\framework\system\Database\BaseConnection.php(738): CodeIgniter\Database\MySQLi\Connection->execute('INSERT INTO `bus_routes_tb` (`dep_time`, `created_at`, `updated_at`, `routes_tb_id`, `bus_trav_sched_tb_id`) VALUES (\'19:02\', \'2025-08-11 19:04:55\', \'2025-08-11 19:04:55\', \'4\', NULL)')
 3 FCPATH\vendor\codeigniter4\framework\system\Database\BaseConnection.php(652): CodeIgniter\Database\BaseConnection->simpleQuery('INSERT INTO `bus_routes_tb` (`dep_time`, `created_at`, `updated_at`, `routes_tb_id`, `bus_trav_sched_tb_id`) VALUES (\'19:02\', \'2025-08-11 19:04:55\', \'2025-08-11 19:04:55\', \'4\', NULL)')
 4 FCPATH\vendor\codeigniter4\framework\system\Database\BaseBuilder.php(2345): CodeIgniter\Database\BaseConnection->query('INSERT INTO `bus_routes_tb` (`dep_time`, `created_at`, `updated_at`, `routes_tb_id`, `bus_trav_sched_tb_id`) VALUES (:dep_time:, :created_at:, :updated_at:, :routes_tb_id:, :bus_trav_sched_tb_id:)', [...], false)
 5 FCPATH\vendor\codeigniter4\framework\system\Model.php(394): CodeIgniter\Database\BaseBuilder->insert()
 6 FCPATH\vendor\codeigniter4\framework\system\BaseModel.php(839): CodeIgniter\Model->doInsert([...])
 7 FCPATH\vendor\codeigniter4\framework\system\Model.php(800): CodeIgniter\BaseModel->insert([...], true)
 8 APPPATH\Controllers\Pages\Schedules.php(276): CodeIgniter\Model->insert([...])
 9 FCPATH\vendor\codeigniter4\framework\system\CodeIgniter.php(933): App\Controllers\Pages\Schedules->addRouteSchedule()
10 FCPATH\vendor\codeigniter4\framework\system\CodeIgniter.php(507): CodeIgniter\CodeIgniter->runController(Object(App\Controllers\Pages\Schedules))
11 FCPATH\vendor\codeigniter4\framework\system\CodeIgniter.php(354): CodeIgniter\CodeIgniter->handleRequest(null, Object(Config\Cache), false)
12 SYSTEMPATH\Boot.php(334): CodeIgniter\CodeIgniter->run()
13 SYSTEMPATH\Boot.php(67): CodeIgniter\Boot::runCodeIgniter(Object(CodeIgniter\CodeIgniter))
14 FCPATH\index.php(56): CodeIgniter\Boot::bootWeb(Object(Config\Paths))
ERROR - 2025-08-11 19:04:58 --> mysqli_sql_exception: Column 'bus_trav_sched_tb_id' cannot be null in C:\xampp\htdocs\Bus-Reservation-System\vendor\codeigniter4\framework\system\Database\MySQLi\Connection.php:327
Stack trace:
#0 C:\xampp\htdocs\Bus-Reservation-System\vendor\codeigniter4\framework\system\Database\MySQLi\Connection.php(327): mysqli->query('INSERT INTO `bu...', 0)
#1 C:\xampp\htdocs\Bus-Reservation-System\vendor\codeigniter4\framework\system\Database\BaseConnection.php(738): CodeIgniter\Database\MySQLi\Connection->execute('INSERT INTO `bu...')
#2 C:\xampp\htdocs\Bus-Reservation-System\vendor\codeigniter4\framework\system\Database\BaseConnection.php(652): CodeIgniter\Database\BaseConnection->simpleQuery('INSERT INTO `bu...')
#3 C:\xampp\htdocs\Bus-Reservation-System\vendor\codeigniter4\framework\system\Database\BaseBuilder.php(2345): CodeIgniter\Database\BaseConnection->query('INSERT INTO `bu...', Array, false)
#4 C:\xampp\htdocs\Bus-Reservation-System\vendor\codeigniter4\framework\system\Model.php(394): CodeIgniter\Database\BaseBuilder->insert()
#5 C:\xampp\htdocs\Bus-Reservation-System\vendor\codeigniter4\framework\system\BaseModel.php(839): CodeIgniter\Model->doInsert(Array)
#6 C:\xampp\htdocs\Bus-Reservation-System\vendor\codeigniter4\framework\system\Model.php(800): CodeIgniter\BaseModel->insert(Array, true)
#7 C:\xampp\htdocs\Bus-Reservation-System\app\Controllers\Pages\Schedules.php(276): CodeIgniter\Model->insert(Array)
#8 C:\xampp\htdocs\Bus-Reservation-System\vendor\codeigniter4\framework\system\CodeIgniter.php(933): App\Controllers\Pages\Schedules->addRouteSchedule()
#9 C:\xampp\htdocs\Bus-Reservation-System\vendor\codeigniter4\framework\system\CodeIgniter.php(507): CodeIgniter\CodeIgniter->runController(Object(App\Controllers\Pages\Schedules))
#10 C:\xampp\htdocs\Bus-Reservation-System\vendor\codeigniter4\framework\system\CodeIgniter.php(354): CodeIgniter\CodeIgniter->handleRequest(NULL, Object(Config\Cache), false)
#11 C:\xampp\htdocs\Bus-Reservation-System\system\Boot.php(334): CodeIgniter\CodeIgniter->run()
#12 C:\xampp\htdocs\Bus-Reservation-System\system\Boot.php(67): CodeIgniter\Boot::runCodeIgniter(Object(CodeIgniter\CodeIgniter))
#13 C:\xampp\htdocs\Bus-Reservation-System\index.php(56): CodeIgniter\Boot::bootWeb(Object(Config\Paths))
#14 {main}
CRITICAL - 2025-08-11 19:04:58 --> CodeIgniter\Database\Exceptions\DatabaseException: Column 'bus_trav_sched_tb_id' cannot be null
[Method: POST, Route: admin/schedules/addRouteSchedule]
in FCPATH\vendor\codeigniter4\framework\system\Database\BaseConnection.php on line 692.
 1 FCPATH\vendor\codeigniter4\framework\system\Database\BaseBuilder.php(2345): CodeIgniter\Database\BaseConnection->query('INSERT INTO `bus_routes_tb` (`dep_time`, `created_at`, `updated_at`, `routes_tb_id`, `bus_trav_sched_tb_id`) VALUES (:dep_time:, :created_at:, :updated_at:, :routes_tb_id:, :bus_trav_sched_tb_id:)', [...], false)
 2 FCPATH\vendor\codeigniter4\framework\system\Model.php(394): CodeIgniter\Database\BaseBuilder->insert()
 3 FCPATH\vendor\codeigniter4\framework\system\BaseModel.php(839): CodeIgniter\Model->doInsert([...])
 4 FCPATH\vendor\codeigniter4\framework\system\Model.php(800): CodeIgniter\BaseModel->insert([...], true)
 5 APPPATH\Controllers\Pages\Schedules.php(276): CodeIgniter\Model->insert([...])
 6 FCPATH\vendor\codeigniter4\framework\system\CodeIgniter.php(933): App\Controllers\Pages\Schedules->addRouteSchedule()
 7 FCPATH\vendor\codeigniter4\framework\system\CodeIgniter.php(507): CodeIgniter\CodeIgniter->runController(Object(App\Controllers\Pages\Schedules))
 8 FCPATH\vendor\codeigniter4\framework\system\CodeIgniter.php(354): CodeIgniter\CodeIgniter->handleRequest(null, Object(Config\Cache), false)
 9 SYSTEMPATH\Boot.php(334): CodeIgniter\CodeIgniter->run()
10 SYSTEMPATH\Boot.php(67): CodeIgniter\Boot::runCodeIgniter(Object(CodeIgniter\CodeIgniter))
11 FCPATH\index.php(56): CodeIgniter\Boot::bootWeb(Object(Config\Paths))
CRITICAL - 2025-08-11 19:04:58 --> [Caused by] CodeIgniter\Database\Exceptions\DatabaseException: Column 'bus_trav_sched_tb_id' cannot be null
in FCPATH\vendor\codeigniter4\framework\system\Database\MySQLi\Connection.php on line 332.
 1 FCPATH\vendor\codeigniter4\framework\system\Database\BaseConnection.php(738): CodeIgniter\Database\MySQLi\Connection->execute('INSERT INTO `bus_routes_tb` (`dep_time`, `created_at`, `updated_at`, `routes_tb_id`, `bus_trav_sched_tb_id`) VALUES (\'19:02\', \'2025-08-11 19:04:58\', \'2025-08-11 19:04:58\', \'4\', NULL)')
 2 FCPATH\vendor\codeigniter4\framework\system\Database\BaseConnection.php(652): CodeIgniter\Database\BaseConnection->simpleQuery('INSERT INTO `bus_routes_tb` (`dep_time`, `created_at`, `updated_at`, `routes_tb_id`, `bus_trav_sched_tb_id`) VALUES (\'19:02\', \'2025-08-11 19:04:58\', \'2025-08-11 19:04:58\', \'4\', NULL)')
 3 FCPATH\vendor\codeigniter4\framework\system\Database\BaseBuilder.php(2345): CodeIgniter\Database\BaseConnection->query('INSERT INTO `bus_routes_tb` (`dep_time`, `created_at`, `updated_at`, `routes_tb_id`, `bus_trav_sched_tb_id`) VALUES (:dep_time:, :created_at:, :updated_at:, :routes_tb_id:, :bus_trav_sched_tb_id:)', [...], false)
 4 FCPATH\vendor\codeigniter4\framework\system\Model.php(394): CodeIgniter\Database\BaseBuilder->insert()
 5 FCPATH\vendor\codeigniter4\framework\system\BaseModel.php(839): CodeIgniter\Model->doInsert([...])
 6 FCPATH\vendor\codeigniter4\framework\system\Model.php(800): CodeIgniter\BaseModel->insert([...], true)
 7 APPPATH\Controllers\Pages\Schedules.php(276): CodeIgniter\Model->insert([...])
 8 FCPATH\vendor\codeigniter4\framework\system\CodeIgniter.php(933): App\Controllers\Pages\Schedules->addRouteSchedule()
 9 FCPATH\vendor\codeigniter4\framework\system\CodeIgniter.php(507): CodeIgniter\CodeIgniter->runController(Object(App\Controllers\Pages\Schedules))
10 FCPATH\vendor\codeigniter4\framework\system\CodeIgniter.php(354): CodeIgniter\CodeIgniter->handleRequest(null, Object(Config\Cache), false)
11 SYSTEMPATH\Boot.php(334): CodeIgniter\CodeIgniter->run()
12 SYSTEMPATH\Boot.php(67): CodeIgniter\Boot::runCodeIgniter(Object(CodeIgniter\CodeIgniter))
13 FCPATH\index.php(56): CodeIgniter\Boot::bootWeb(Object(Config\Paths))
CRITICAL - 2025-08-11 19:04:58 --> [Caused by] mysqli_sql_exception: Column 'bus_trav_sched_tb_id' cannot be null
in FCPATH\vendor\codeigniter4\framework\system\Database\MySQLi\Connection.php on line 327.
 1 FCPATH\vendor\codeigniter4\framework\system\Database\MySQLi\Connection.php(327): mysqli->query('INSERT INTO `bus_routes_tb` (`dep_time`, `created_at`, `updated_at`, `routes_tb_id`, `bus_trav_sched_tb_id`) VALUES (\'19:02\', \'2025-08-11 19:04:58\', \'2025-08-11 19:04:58\', \'4\', NULL)', 0)
 2 FCPATH\vendor\codeigniter4\framework\system\Database\BaseConnection.php(738): CodeIgniter\Database\MySQLi\Connection->execute('INSERT INTO `bus_routes_tb` (`dep_time`, `created_at`, `updated_at`, `routes_tb_id`, `bus_trav_sched_tb_id`) VALUES (\'19:02\', \'2025-08-11 19:04:58\', \'2025-08-11 19:04:58\', \'4\', NULL)')
 3 FCPATH\vendor\codeigniter4\framework\system\Database\BaseConnection.php(652): CodeIgniter\Database\BaseConnection->simpleQuery('INSERT INTO `bus_routes_tb` (`dep_time`, `created_at`, `updated_at`, `routes_tb_id`, `bus_trav_sched_tb_id`) VALUES (\'19:02\', \'2025-08-11 19:04:58\', \'2025-08-11 19:04:58\', \'4\', NULL)')
 4 FCPATH\vendor\codeigniter4\framework\system\Database\BaseBuilder.php(2345): CodeIgniter\Database\BaseConnection->query('INSERT INTO `bus_routes_tb` (`dep_time`, `created_at`, `updated_at`, `routes_tb_id`, `bus_trav_sched_tb_id`) VALUES (:dep_time:, :created_at:, :updated_at:, :routes_tb_id:, :bus_trav_sched_tb_id:)', [...], false)
 5 FCPATH\vendor\codeigniter4\framework\system\Model.php(394): CodeIgniter\Database\BaseBuilder->insert()
 6 FCPATH\vendor\codeigniter4\framework\system\BaseModel.php(839): CodeIgniter\Model->doInsert([...])
 7 FCPATH\vendor\codeigniter4\framework\system\Model.php(800): CodeIgniter\BaseModel->insert([...], true)
 8 APPPATH\Controllers\Pages\Schedules.php(276): CodeIgniter\Model->insert([...])
 9 FCPATH\vendor\codeigniter4\framework\system\CodeIgniter.php(933): App\Controllers\Pages\Schedules->addRouteSchedule()
10 FCPATH\vendor\codeigniter4\framework\system\CodeIgniter.php(507): CodeIgniter\CodeIgniter->runController(Object(App\Controllers\Pages\Schedules))
11 FCPATH\vendor\codeigniter4\framework\system\CodeIgniter.php(354): CodeIgniter\CodeIgniter->handleRequest(null, Object(Config\Cache), false)
12 SYSTEMPATH\Boot.php(334): CodeIgniter\CodeIgniter->run()
13 SYSTEMPATH\Boot.php(67): CodeIgniter\Boot::runCodeIgniter(Object(CodeIgniter\CodeIgniter))
14 FCPATH\index.php(56): CodeIgniter\Boot::bootWeb(Object(Config\Paths))
ERROR - 2025-08-11 19:05:31 --> mysqli_sql_exception: Column 'bus_trav_sched_tb_id' cannot be null in C:\xampp\htdocs\Bus-Reservation-System\vendor\codeigniter4\framework\system\Database\MySQLi\Connection.php:327
Stack trace:
#0 C:\xampp\htdocs\Bus-Reservation-System\vendor\codeigniter4\framework\system\Database\MySQLi\Connection.php(327): mysqli->query('INSERT INTO `bu...', 0)
#1 C:\xampp\htdocs\Bus-Reservation-System\vendor\codeigniter4\framework\system\Database\BaseConnection.php(738): CodeIgniter\Database\MySQLi\Connection->execute('INSERT INTO `bu...')
#2 C:\xampp\htdocs\Bus-Reservation-System\vendor\codeigniter4\framework\system\Database\BaseConnection.php(652): CodeIgniter\Database\BaseConnection->simpleQuery('INSERT INTO `bu...')
#3 C:\xampp\htdocs\Bus-Reservation-System\vendor\codeigniter4\framework\system\Database\BaseBuilder.php(2345): CodeIgniter\Database\BaseConnection->query('INSERT INTO `bu...', Array, false)
#4 C:\xampp\htdocs\Bus-Reservation-System\vendor\codeigniter4\framework\system\Model.php(394): CodeIgniter\Database\BaseBuilder->insert()
#5 C:\xampp\htdocs\Bus-Reservation-System\vendor\codeigniter4\framework\system\BaseModel.php(839): CodeIgniter\Model->doInsert(Array)
#6 C:\xampp\htdocs\Bus-Reservation-System\vendor\codeigniter4\framework\system\Model.php(800): CodeIgniter\BaseModel->insert(Array, true)
#7 C:\xampp\htdocs\Bus-Reservation-System\app\Controllers\Pages\Schedules.php(276): CodeIgniter\Model->insert(Array)
#8 C:\xampp\htdocs\Bus-Reservation-System\vendor\codeigniter4\framework\system\CodeIgniter.php(933): App\Controllers\Pages\Schedules->addRouteSchedule()
#9 C:\xampp\htdocs\Bus-Reservation-System\vendor\codeigniter4\framework\system\CodeIgniter.php(507): CodeIgniter\CodeIgniter->runController(Object(App\Controllers\Pages\Schedules))
#10 C:\xampp\htdocs\Bus-Reservation-System\vendor\codeigniter4\framework\system\CodeIgniter.php(354): CodeIgniter\CodeIgniter->handleRequest(NULL, Object(Config\Cache), false)
#11 C:\xampp\htdocs\Bus-Reservation-System\system\Boot.php(334): CodeIgniter\CodeIgniter->run()
#12 C:\xampp\htdocs\Bus-Reservation-System\system\Boot.php(67): CodeIgniter\Boot::runCodeIgniter(Object(CodeIgniter\CodeIgniter))
#13 C:\xampp\htdocs\Bus-Reservation-System\index.php(56): CodeIgniter\Boot::bootWeb(Object(Config\Paths))
#14 {main}
CRITICAL - 2025-08-11 19:05:31 --> CodeIgniter\Database\Exceptions\DatabaseException: Column 'bus_trav_sched_tb_id' cannot be null
[Method: POST, Route: admin/schedules/addRouteSchedule]
in FCPATH\vendor\codeigniter4\framework\system\Database\BaseConnection.php on line 692.
 1 FCPATH\vendor\codeigniter4\framework\system\Database\BaseBuilder.php(2345): CodeIgniter\Database\BaseConnection->query('INSERT INTO `bus_routes_tb` (`dep_time`, `created_at`, `updated_at`, `routes_tb_id`, `bus_trav_sched_tb_id`) VALUES (:dep_time:, :created_at:, :updated_at:, :routes_tb_id:, :bus_trav_sched_tb_id:)', [...], false)
 2 FCPATH\vendor\codeigniter4\framework\system\Model.php(394): CodeIgniter\Database\BaseBuilder->insert()
 3 FCPATH\vendor\codeigniter4\framework\system\BaseModel.php(839): CodeIgniter\Model->doInsert([...])
 4 FCPATH\vendor\codeigniter4\framework\system\Model.php(800): CodeIgniter\BaseModel->insert([...], true)
 5 APPPATH\Controllers\Pages\Schedules.php(276): CodeIgniter\Model->insert([...])
 6 FCPATH\vendor\codeigniter4\framework\system\CodeIgniter.php(933): App\Controllers\Pages\Schedules->addRouteSchedule()
 7 FCPATH\vendor\codeigniter4\framework\system\CodeIgniter.php(507): CodeIgniter\CodeIgniter->runController(Object(App\Controllers\Pages\Schedules))
 8 FCPATH\vendor\codeigniter4\framework\system\CodeIgniter.php(354): CodeIgniter\CodeIgniter->handleRequest(null, Object(Config\Cache), false)
 9 SYSTEMPATH\Boot.php(334): CodeIgniter\CodeIgniter->run()
10 SYSTEMPATH\Boot.php(67): CodeIgniter\Boot::runCodeIgniter(Object(CodeIgniter\CodeIgniter))
11 FCPATH\index.php(56): CodeIgniter\Boot::bootWeb(Object(Config\Paths))
CRITICAL - 2025-08-11 19:05:31 --> [Caused by] CodeIgniter\Database\Exceptions\DatabaseException: Column 'bus_trav_sched_tb_id' cannot be null
in FCPATH\vendor\codeigniter4\framework\system\Database\MySQLi\Connection.php on line 332.
 1 FCPATH\vendor\codeigniter4\framework\system\Database\BaseConnection.php(738): CodeIgniter\Database\MySQLi\Connection->execute('INSERT INTO `bus_routes_tb` (`dep_time`, `created_at`, `updated_at`, `routes_tb_id`, `bus_trav_sched_tb_id`) VALUES (\'19:02\', \'2025-08-11 19:05:31\', \'2025-08-11 19:05:31\', \'4\', NULL)')
 2 FCPATH\vendor\codeigniter4\framework\system\Database\BaseConnection.php(652): CodeIgniter\Database\BaseConnection->simpleQuery('INSERT INTO `bus_routes_tb` (`dep_time`, `created_at`, `updated_at`, `routes_tb_id`, `bus_trav_sched_tb_id`) VALUES (\'19:02\', \'2025-08-11 19:05:31\', \'2025-08-11 19:05:31\', \'4\', NULL)')
 3 FCPATH\vendor\codeigniter4\framework\system\Database\BaseBuilder.php(2345): CodeIgniter\Database\BaseConnection->query('INSERT INTO `bus_routes_tb` (`dep_time`, `created_at`, `updated_at`, `routes_tb_id`, `bus_trav_sched_tb_id`) VALUES (:dep_time:, :created_at:, :updated_at:, :routes_tb_id:, :bus_trav_sched_tb_id:)', [...], false)
 4 FCPATH\vendor\codeigniter4\framework\system\Model.php(394): CodeIgniter\Database\BaseBuilder->insert()
 5 FCPATH\vendor\codeigniter4\framework\system\BaseModel.php(839): CodeIgniter\Model->doInsert([...])
 6 FCPATH\vendor\codeigniter4\framework\system\Model.php(800): CodeIgniter\BaseModel->insert([...], true)
 7 APPPATH\Controllers\Pages\Schedules.php(276): CodeIgniter\Model->insert([...])
 8 FCPATH\vendor\codeigniter4\framework\system\CodeIgniter.php(933): App\Controllers\Pages\Schedules->addRouteSchedule()
 9 FCPATH\vendor\codeigniter4\framework\system\CodeIgniter.php(507): CodeIgniter\CodeIgniter->runController(Object(App\Controllers\Pages\Schedules))
10 FCPATH\vendor\codeigniter4\framework\system\CodeIgniter.php(354): CodeIgniter\CodeIgniter->handleRequest(null, Object(Config\Cache), false)
11 SYSTEMPATH\Boot.php(334): CodeIgniter\CodeIgniter->run()
12 SYSTEMPATH\Boot.php(67): CodeIgniter\Boot::runCodeIgniter(Object(CodeIgniter\CodeIgniter))
13 FCPATH\index.php(56): CodeIgniter\Boot::bootWeb(Object(Config\Paths))
CRITICAL - 2025-08-11 19:05:31 --> [Caused by] mysqli_sql_exception: Column 'bus_trav_sched_tb_id' cannot be null
in FCPATH\vendor\codeigniter4\framework\system\Database\MySQLi\Connection.php on line 327.
 1 FCPATH\vendor\codeigniter4\framework\system\Database\MySQLi\Connection.php(327): mysqli->query('INSERT INTO `bus_routes_tb` (`dep_time`, `created_at`, `updated_at`, `routes_tb_id`, `bus_trav_sched_tb_id`) VALUES (\'19:02\', \'2025-08-11 19:05:31\', \'2025-08-11 19:05:31\', \'4\', NULL)', 0)
 2 FCPATH\vendor\codeigniter4\framework\system\Database\BaseConnection.php(738): CodeIgniter\Database\MySQLi\Connection->execute('INSERT INTO `bus_routes_tb` (`dep_time`, `created_at`, `updated_at`, `routes_tb_id`, `bus_trav_sched_tb_id`) VALUES (\'19:02\', \'2025-08-11 19:05:31\', \'2025-08-11 19:05:31\', \'4\', NULL)')
 3 FCPATH\vendor\codeigniter4\framework\system\Database\BaseConnection.php(652): CodeIgniter\Database\BaseConnection->simpleQuery('INSERT INTO `bus_routes_tb` (`dep_time`, `created_at`, `updated_at`, `routes_tb_id`, `bus_trav_sched_tb_id`) VALUES (\'19:02\', \'2025-08-11 19:05:31\', \'2025-08-11 19:05:31\', \'4\', NULL)')
 4 FCPATH\vendor\codeigniter4\framework\system\Database\BaseBuilder.php(2345): CodeIgniter\Database\BaseConnection->query('INSERT INTO `bus_routes_tb` (`dep_time`, `created_at`, `updated_at`, `routes_tb_id`, `bus_trav_sched_tb_id`) VALUES (:dep_time:, :created_at:, :updated_at:, :routes_tb_id:, :bus_trav_sched_tb_id:)', [...], false)
 5 FCPATH\vendor\codeigniter4\framework\system\Model.php(394): CodeIgniter\Database\BaseBuilder->insert()
 6 FCPATH\vendor\codeigniter4\framework\system\BaseModel.php(839): CodeIgniter\Model->doInsert([...])
 7 FCPATH\vendor\codeigniter4\framework\system\Model.php(800): CodeIgniter\BaseModel->insert([...], true)
 8 APPPATH\Controllers\Pages\Schedules.php(276): CodeIgniter\Model->insert([...])
 9 FCPATH\vendor\codeigniter4\framework\system\CodeIgniter.php(933): App\Controllers\Pages\Schedules->addRouteSchedule()
10 FCPATH\vendor\codeigniter4\framework\system\CodeIgniter.php(507): CodeIgniter\CodeIgniter->runController(Object(App\Controllers\Pages\Schedules))
11 FCPATH\vendor\codeigniter4\framework\system\CodeIgniter.php(354): CodeIgniter\CodeIgniter->handleRequest(null, Object(Config\Cache), false)
12 SYSTEMPATH\Boot.php(334): CodeIgniter\CodeIgniter->run()
13 SYSTEMPATH\Boot.php(67): CodeIgniter\Boot::runCodeIgniter(Object(CodeIgniter\CodeIgniter))
14 FCPATH\index.php(56): CodeIgniter\Boot::bootWeb(Object(Config\Paths))
ERROR - 2025-08-11 19:06:36 --> mysqli_sql_exception: Column 'bus_trav_sched_tb_id' cannot be null in C:\xampp\htdocs\Bus-Reservation-System\vendor\codeigniter4\framework\system\Database\MySQLi\Connection.php:327
Stack trace:
#0 C:\xampp\htdocs\Bus-Reservation-System\vendor\codeigniter4\framework\system\Database\MySQLi\Connection.php(327): mysqli->query('INSERT INTO `bu...', 0)
#1 C:\xampp\htdocs\Bus-Reservation-System\vendor\codeigniter4\framework\system\Database\BaseConnection.php(738): CodeIgniter\Database\MySQLi\Connection->execute('INSERT INTO `bu...')
#2 C:\xampp\htdocs\Bus-Reservation-System\vendor\codeigniter4\framework\system\Database\BaseConnection.php(652): CodeIgniter\Database\BaseConnection->simpleQuery('INSERT INTO `bu...')
#3 C:\xampp\htdocs\Bus-Reservation-System\vendor\codeigniter4\framework\system\Database\BaseBuilder.php(2345): CodeIgniter\Database\BaseConnection->query('INSERT INTO `bu...', Array, false)
#4 C:\xampp\htdocs\Bus-Reservation-System\vendor\codeigniter4\framework\system\Model.php(394): CodeIgniter\Database\BaseBuilder->insert()
#5 C:\xampp\htdocs\Bus-Reservation-System\vendor\codeigniter4\framework\system\BaseModel.php(839): CodeIgniter\Model->doInsert(Array)
#6 C:\xampp\htdocs\Bus-Reservation-System\vendor\codeigniter4\framework\system\Model.php(800): CodeIgniter\BaseModel->insert(Array, true)
#7 C:\xampp\htdocs\Bus-Reservation-System\app\Controllers\Pages\Schedules.php(276): CodeIgniter\Model->insert(Array)
#8 C:\xampp\htdocs\Bus-Reservation-System\vendor\codeigniter4\framework\system\CodeIgniter.php(933): App\Controllers\Pages\Schedules->addRouteSchedule()
#9 C:\xampp\htdocs\Bus-Reservation-System\vendor\codeigniter4\framework\system\CodeIgniter.php(507): CodeIgniter\CodeIgniter->runController(Object(App\Controllers\Pages\Schedules))
#10 C:\xampp\htdocs\Bus-Reservation-System\vendor\codeigniter4\framework\system\CodeIgniter.php(354): CodeIgniter\CodeIgniter->handleRequest(NULL, Object(Config\Cache), false)
#11 C:\xampp\htdocs\Bus-Reservation-System\system\Boot.php(334): CodeIgniter\CodeIgniter->run()
#12 C:\xampp\htdocs\Bus-Reservation-System\system\Boot.php(67): CodeIgniter\Boot::runCodeIgniter(Object(CodeIgniter\CodeIgniter))
#13 C:\xampp\htdocs\Bus-Reservation-System\index.php(56): CodeIgniter\Boot::bootWeb(Object(Config\Paths))
#14 {main}
CRITICAL - 2025-08-11 19:06:36 --> CodeIgniter\Database\Exceptions\DatabaseException: Column 'bus_trav_sched_tb_id' cannot be null
[Method: POST, Route: admin/schedules/addRouteSchedule]
in FCPATH\vendor\codeigniter4\framework\system\Database\BaseConnection.php on line 692.
 1 FCPATH\vendor\codeigniter4\framework\system\Database\BaseBuilder.php(2345): CodeIgniter\Database\BaseConnection->query('INSERT INTO `bus_routes_tb` (`dep_time`, `created_at`, `updated_at`, `routes_tb_id`, `bus_trav_sched_tb_id`) VALUES (:dep_time:, :created_at:, :updated_at:, :routes_tb_id:, :bus_trav_sched_tb_id:)', [...], false)
 2 FCPATH\vendor\codeigniter4\framework\system\Model.php(394): CodeIgniter\Database\BaseBuilder->insert()
 3 FCPATH\vendor\codeigniter4\framework\system\BaseModel.php(839): CodeIgniter\Model->doInsert([...])
 4 FCPATH\vendor\codeigniter4\framework\system\Model.php(800): CodeIgniter\BaseModel->insert([...], true)
 5 APPPATH\Controllers\Pages\Schedules.php(276): CodeIgniter\Model->insert([...])
 6 FCPATH\vendor\codeigniter4\framework\system\CodeIgniter.php(933): App\Controllers\Pages\Schedules->addRouteSchedule()
 7 FCPATH\vendor\codeigniter4\framework\system\CodeIgniter.php(507): CodeIgniter\CodeIgniter->runController(Object(App\Controllers\Pages\Schedules))
 8 FCPATH\vendor\codeigniter4\framework\system\CodeIgniter.php(354): CodeIgniter\CodeIgniter->handleRequest(null, Object(Config\Cache), false)
 9 SYSTEMPATH\Boot.php(334): CodeIgniter\CodeIgniter->run()
10 SYSTEMPATH\Boot.php(67): CodeIgniter\Boot::runCodeIgniter(Object(CodeIgniter\CodeIgniter))
11 FCPATH\index.php(56): CodeIgniter\Boot::bootWeb(Object(Config\Paths))
CRITICAL - 2025-08-11 19:06:36 --> [Caused by] CodeIgniter\Database\Exceptions\DatabaseException: Column 'bus_trav_sched_tb_id' cannot be null
in FCPATH\vendor\codeigniter4\framework\system\Database\MySQLi\Connection.php on line 332.
 1 FCPATH\vendor\codeigniter4\framework\system\Database\BaseConnection.php(738): CodeIgniter\Database\MySQLi\Connection->execute('INSERT INTO `bus_routes_tb` (`dep_time`, `created_at`, `updated_at`, `routes_tb_id`, `bus_trav_sched_tb_id`) VALUES (\'19:06\', \'2025-08-11 19:06:36\', \'2025-08-11 19:06:36\', \'4\', NULL)')
 2 FCPATH\vendor\codeigniter4\framework\system\Database\BaseConnection.php(652): CodeIgniter\Database\BaseConnection->simpleQuery('INSERT INTO `bus_routes_tb` (`dep_time`, `created_at`, `updated_at`, `routes_tb_id`, `bus_trav_sched_tb_id`) VALUES (\'19:06\', \'2025-08-11 19:06:36\', \'2025-08-11 19:06:36\', \'4\', NULL)')
 3 FCPATH\vendor\codeigniter4\framework\system\Database\BaseBuilder.php(2345): CodeIgniter\Database\BaseConnection->query('INSERT INTO `bus_routes_tb` (`dep_time`, `created_at`, `updated_at`, `routes_tb_id`, `bus_trav_sched_tb_id`) VALUES (:dep_time:, :created_at:, :updated_at:, :routes_tb_id:, :bus_trav_sched_tb_id:)', [...], false)
 4 FCPATH\vendor\codeigniter4\framework\system\Model.php(394): CodeIgniter\Database\BaseBuilder->insert()
 5 FCPATH\vendor\codeigniter4\framework\system\BaseModel.php(839): CodeIgniter\Model->doInsert([...])
 6 FCPATH\vendor\codeigniter4\framework\system\Model.php(800): CodeIgniter\BaseModel->insert([...], true)
 7 APPPATH\Controllers\Pages\Schedules.php(276): CodeIgniter\Model->insert([...])
 8 FCPATH\vendor\codeigniter4\framework\system\CodeIgniter.php(933): App\Controllers\Pages\Schedules->addRouteSchedule()
 9 FCPATH\vendor\codeigniter4\framework\system\CodeIgniter.php(507): CodeIgniter\CodeIgniter->runController(Object(App\Controllers\Pages\Schedules))
10 FCPATH\vendor\codeigniter4\framework\system\CodeIgniter.php(354): CodeIgniter\CodeIgniter->handleRequest(null, Object(Config\Cache), false)
11 SYSTEMPATH\Boot.php(334): CodeIgniter\CodeIgniter->run()
12 SYSTEMPATH\Boot.php(67): CodeIgniter\Boot::runCodeIgniter(Object(CodeIgniter\CodeIgniter))
13 FCPATH\index.php(56): CodeIgniter\Boot::bootWeb(Object(Config\Paths))
CRITICAL - 2025-08-11 19:06:36 --> [Caused by] mysqli_sql_exception: Column 'bus_trav_sched_tb_id' cannot be null
in FCPATH\vendor\codeigniter4\framework\system\Database\MySQLi\Connection.php on line 327.
 1 FCPATH\vendor\codeigniter4\framework\system\Database\MySQLi\Connection.php(327): mysqli->query('INSERT INTO `bus_routes_tb` (`dep_time`, `created_at`, `updated_at`, `routes_tb_id`, `bus_trav_sched_tb_id`) VALUES (\'19:06\', \'2025-08-11 19:06:36\', \'2025-08-11 19:06:36\', \'4\', NULL)', 0)
 2 FCPATH\vendor\codeigniter4\framework\system\Database\BaseConnection.php(738): CodeIgniter\Database\MySQLi\Connection->execute('INSERT INTO `bus_routes_tb` (`dep_time`, `created_at`, `updated_at`, `routes_tb_id`, `bus_trav_sched_tb_id`) VALUES (\'19:06\', \'2025-08-11 19:06:36\', \'2025-08-11 19:06:36\', \'4\', NULL)')
 3 FCPATH\vendor\codeigniter4\framework\system\Database\BaseConnection.php(652): CodeIgniter\Database\BaseConnection->simpleQuery('INSERT INTO `bus_routes_tb` (`dep_time`, `created_at`, `updated_at`, `routes_tb_id`, `bus_trav_sched_tb_id`) VALUES (\'19:06\', \'2025-08-11 19:06:36\', \'2025-08-11 19:06:36\', \'4\', NULL)')
 4 FCPATH\vendor\codeigniter4\framework\system\Database\BaseBuilder.php(2345): CodeIgniter\Database\BaseConnection->query('INSERT INTO `bus_routes_tb` (`dep_time`, `created_at`, `updated_at`, `routes_tb_id`, `bus_trav_sched_tb_id`) VALUES (:dep_time:, :created_at:, :updated_at:, :routes_tb_id:, :bus_trav_sched_tb_id:)', [...], false)
 5 FCPATH\vendor\codeigniter4\framework\system\Model.php(394): CodeIgniter\Database\BaseBuilder->insert()
 6 FCPATH\vendor\codeigniter4\framework\system\BaseModel.php(839): CodeIgniter\Model->doInsert([...])
 7 FCPATH\vendor\codeigniter4\framework\system\Model.php(800): CodeIgniter\BaseModel->insert([...], true)
 8 APPPATH\Controllers\Pages\Schedules.php(276): CodeIgniter\Model->insert([...])
 9 FCPATH\vendor\codeigniter4\framework\system\CodeIgniter.php(933): App\Controllers\Pages\Schedules->addRouteSchedule()
10 FCPATH\vendor\codeigniter4\framework\system\CodeIgniter.php(507): CodeIgniter\CodeIgniter->runController(Object(App\Controllers\Pages\Schedules))
11 FCPATH\vendor\codeigniter4\framework\system\CodeIgniter.php(354): CodeIgniter\CodeIgniter->handleRequest(null, Object(Config\Cache), false)
12 SYSTEMPATH\Boot.php(334): CodeIgniter\CodeIgniter->run()
13 SYSTEMPATH\Boot.php(67): CodeIgniter\Boot::runCodeIgniter(Object(CodeIgniter\CodeIgniter))
14 FCPATH\index.php(56): CodeIgniter\Boot::bootWeb(Object(Config\Paths))
ERROR - 2025-08-11 19:09:15 --> mysqli_sql_exception: Column 'bus_trav_sched_tb_id' cannot be null in C:\xampp\htdocs\Bus-Reservation-System\vendor\codeigniter4\framework\system\Database\MySQLi\Connection.php:327
Stack trace:
#0 C:\xampp\htdocs\Bus-Reservation-System\vendor\codeigniter4\framework\system\Database\MySQLi\Connection.php(327): mysqli->query('INSERT INTO `bu...', 0)
#1 C:\xampp\htdocs\Bus-Reservation-System\vendor\codeigniter4\framework\system\Database\BaseConnection.php(738): CodeIgniter\Database\MySQLi\Connection->execute('INSERT INTO `bu...')
#2 C:\xampp\htdocs\Bus-Reservation-System\vendor\codeigniter4\framework\system\Database\BaseConnection.php(652): CodeIgniter\Database\BaseConnection->simpleQuery('INSERT INTO `bu...')
#3 C:\xampp\htdocs\Bus-Reservation-System\vendor\codeigniter4\framework\system\Database\BaseBuilder.php(2345): CodeIgniter\Database\BaseConnection->query('INSERT INTO `bu...', Array, false)
#4 C:\xampp\htdocs\Bus-Reservation-System\vendor\codeigniter4\framework\system\Model.php(394): CodeIgniter\Database\BaseBuilder->insert()
#5 C:\xampp\htdocs\Bus-Reservation-System\vendor\codeigniter4\framework\system\BaseModel.php(839): CodeIgniter\Model->doInsert(Array)
#6 C:\xampp\htdocs\Bus-Reservation-System\vendor\codeigniter4\framework\system\Model.php(800): CodeIgniter\BaseModel->insert(Array, true)
#7 C:\xampp\htdocs\Bus-Reservation-System\app\Controllers\Pages\Schedules.php(276): CodeIgniter\Model->insert(Array)
#8 C:\xampp\htdocs\Bus-Reservation-System\vendor\codeigniter4\framework\system\CodeIgniter.php(933): App\Controllers\Pages\Schedules->addRouteSchedule()
#9 C:\xampp\htdocs\Bus-Reservation-System\vendor\codeigniter4\framework\system\CodeIgniter.php(507): CodeIgniter\CodeIgniter->runController(Object(App\Controllers\Pages\Schedules))
#10 C:\xampp\htdocs\Bus-Reservation-System\vendor\codeigniter4\framework\system\CodeIgniter.php(354): CodeIgniter\CodeIgniter->handleRequest(NULL, Object(Config\Cache), false)
#11 C:\xampp\htdocs\Bus-Reservation-System\system\Boot.php(334): CodeIgniter\CodeIgniter->run()
#12 C:\xampp\htdocs\Bus-Reservation-System\system\Boot.php(67): CodeIgniter\Boot::runCodeIgniter(Object(CodeIgniter\CodeIgniter))
#13 C:\xampp\htdocs\Bus-Reservation-System\index.php(56): CodeIgniter\Boot::bootWeb(Object(Config\Paths))
#14 {main}
CRITICAL - 2025-08-11 19:09:15 --> CodeIgniter\Database\Exceptions\DatabaseException: Column 'bus_trav_sched_tb_id' cannot be null
[Method: POST, Route: admin/schedules/addRouteSchedule]
in FCPATH\vendor\codeigniter4\framework\system\Database\BaseConnection.php on line 692.
 1 FCPATH\vendor\codeigniter4\framework\system\Database\BaseBuilder.php(2345): CodeIgniter\Database\BaseConnection->query('INSERT INTO `bus_routes_tb` (`dep_time`, `created_at`, `updated_at`, `routes_tb_id`, `bus_trav_sched_tb_id`) VALUES (:dep_time:, :created_at:, :updated_at:, :routes_tb_id:, :bus_trav_sched_tb_id:)', [...], false)
 2 FCPATH\vendor\codeigniter4\framework\system\Model.php(394): CodeIgniter\Database\BaseBuilder->insert()
 3 FCPATH\vendor\codeigniter4\framework\system\BaseModel.php(839): CodeIgniter\Model->doInsert([...])
 4 FCPATH\vendor\codeigniter4\framework\system\Model.php(800): CodeIgniter\BaseModel->insert([...], true)
 5 APPPATH\Controllers\Pages\Schedules.php(276): CodeIgniter\Model->insert([...])
 6 FCPATH\vendor\codeigniter4\framework\system\CodeIgniter.php(933): App\Controllers\Pages\Schedules->addRouteSchedule()
 7 FCPATH\vendor\codeigniter4\framework\system\CodeIgniter.php(507): CodeIgniter\CodeIgniter->runController(Object(App\Controllers\Pages\Schedules))
 8 FCPATH\vendor\codeigniter4\framework\system\CodeIgniter.php(354): CodeIgniter\CodeIgniter->handleRequest(null, Object(Config\Cache), false)
 9 SYSTEMPATH\Boot.php(334): CodeIgniter\CodeIgniter->run()
10 SYSTEMPATH\Boot.php(67): CodeIgniter\Boot::runCodeIgniter(Object(CodeIgniter\CodeIgniter))
11 FCPATH\index.php(56): CodeIgniter\Boot::bootWeb(Object(Config\Paths))
CRITICAL - 2025-08-11 19:09:15 --> [Caused by] CodeIgniter\Database\Exceptions\DatabaseException: Column 'bus_trav_sched_tb_id' cannot be null
in FCPATH\vendor\codeigniter4\framework\system\Database\MySQLi\Connection.php on line 332.
 1 FCPATH\vendor\codeigniter4\framework\system\Database\BaseConnection.php(738): CodeIgniter\Database\MySQLi\Connection->execute('INSERT INTO `bus_routes_tb` (`dep_time`, `created_at`, `updated_at`, `routes_tb_id`, `bus_trav_sched_tb_id`) VALUES (\'19:06\', \'2025-08-11 19:09:15\', \'2025-08-11 19:09:15\', \'4\', NULL)')
 2 FCPATH\vendor\codeigniter4\framework\system\Database\BaseConnection.php(652): CodeIgniter\Database\BaseConnection->simpleQuery('INSERT INTO `bus_routes_tb` (`dep_time`, `created_at`, `updated_at`, `routes_tb_id`, `bus_trav_sched_tb_id`) VALUES (\'19:06\', \'2025-08-11 19:09:15\', \'2025-08-11 19:09:15\', \'4\', NULL)')
 3 FCPATH\vendor\codeigniter4\framework\system\Database\BaseBuilder.php(2345): CodeIgniter\Database\BaseConnection->query('INSERT INTO `bus_routes_tb` (`dep_time`, `created_at`, `updated_at`, `routes_tb_id`, `bus_trav_sched_tb_id`) VALUES (:dep_time:, :created_at:, :updated_at:, :routes_tb_id:, :bus_trav_sched_tb_id:)', [...], false)
 4 FCPATH\vendor\codeigniter4\framework\system\Model.php(394): CodeIgniter\Database\BaseBuilder->insert()
 5 FCPATH\vendor\codeigniter4\framework\system\BaseModel.php(839): CodeIgniter\Model->doInsert([...])
 6 FCPATH\vendor\codeigniter4\framework\system\Model.php(800): CodeIgniter\BaseModel->insert([...], true)
 7 APPPATH\Controllers\Pages\Schedules.php(276): CodeIgniter\Model->insert([...])
 8 FCPATH\vendor\codeigniter4\framework\system\CodeIgniter.php(933): App\Controllers\Pages\Schedules->addRouteSchedule()
 9 FCPATH\vendor\codeigniter4\framework\system\CodeIgniter.php(507): CodeIgniter\CodeIgniter->runController(Object(App\Controllers\Pages\Schedules))
10 FCPATH\vendor\codeigniter4\framework\system\CodeIgniter.php(354): CodeIgniter\CodeIgniter->handleRequest(null, Object(Config\Cache), false)
11 SYSTEMPATH\Boot.php(334): CodeIgniter\CodeIgniter->run()
12 SYSTEMPATH\Boot.php(67): CodeIgniter\Boot::runCodeIgniter(Object(CodeIgniter\CodeIgniter))
13 FCPATH\index.php(56): CodeIgniter\Boot::bootWeb(Object(Config\Paths))
CRITICAL - 2025-08-11 19:09:15 --> [Caused by] mysqli_sql_exception: Column 'bus_trav_sched_tb_id' cannot be null
in FCPATH\vendor\codeigniter4\framework\system\Database\MySQLi\Connection.php on line 327.
 1 FCPATH\vendor\codeigniter4\framework\system\Database\MySQLi\Connection.php(327): mysqli->query('INSERT INTO `bus_routes_tb` (`dep_time`, `created_at`, `updated_at`, `routes_tb_id`, `bus_trav_sched_tb_id`) VALUES (\'19:06\', \'2025-08-11 19:09:15\', \'2025-08-11 19:09:15\', \'4\', NULL)', 0)
 2 FCPATH\vendor\codeigniter4\framework\system\Database\BaseConnection.php(738): CodeIgniter\Database\MySQLi\Connection->execute('INSERT INTO `bus_routes_tb` (`dep_time`, `created_at`, `updated_at`, `routes_tb_id`, `bus_trav_sched_tb_id`) VALUES (\'19:06\', \'2025-08-11 19:09:15\', \'2025-08-11 19:09:15\', \'4\', NULL)')
 3 FCPATH\vendor\codeigniter4\framework\system\Database\BaseConnection.php(652): CodeIgniter\Database\BaseConnection->simpleQuery('INSERT INTO `bus_routes_tb` (`dep_time`, `created_at`, `updated_at`, `routes_tb_id`, `bus_trav_sched_tb_id`) VALUES (\'19:06\', \'2025-08-11 19:09:15\', \'2025-08-11 19:09:15\', \'4\', NULL)')
 4 FCPATH\vendor\codeigniter4\framework\system\Database\BaseBuilder.php(2345): CodeIgniter\Database\BaseConnection->query('INSERT INTO `bus_routes_tb` (`dep_time`, `created_at`, `updated_at`, `routes_tb_id`, `bus_trav_sched_tb_id`) VALUES (:dep_time:, :created_at:, :updated_at:, :routes_tb_id:, :bus_trav_sched_tb_id:)', [...], false)
 5 FCPATH\vendor\codeigniter4\framework\system\Model.php(394): CodeIgniter\Database\BaseBuilder->insert()
 6 FCPATH\vendor\codeigniter4\framework\system\BaseModel.php(839): CodeIgniter\Model->doInsert([...])
 7 FCPATH\vendor\codeigniter4\framework\system\Model.php(800): CodeIgniter\BaseModel->insert([...], true)
 8 APPPATH\Controllers\Pages\Schedules.php(276): CodeIgniter\Model->insert([...])
 9 FCPATH\vendor\codeigniter4\framework\system\CodeIgniter.php(933): App\Controllers\Pages\Schedules->addRouteSchedule()
10 FCPATH\vendor\codeigniter4\framework\system\CodeIgniter.php(507): CodeIgniter\CodeIgniter->runController(Object(App\Controllers\Pages\Schedules))
11 FCPATH\vendor\codeigniter4\framework\system\CodeIgniter.php(354): CodeIgniter\CodeIgniter->handleRequest(null, Object(Config\Cache), false)
12 SYSTEMPATH\Boot.php(334): CodeIgniter\CodeIgniter->run()
13 SYSTEMPATH\Boot.php(67): CodeIgniter\Boot::runCodeIgniter(Object(CodeIgniter\CodeIgniter))
14 FCPATH\index.php(56): CodeIgniter\Boot::bootWeb(Object(Config\Paths))
CRITICAL - 2025-08-11 23:53:00 --> CodeIgniter\Database\Exceptions\DatabaseException: Updates are not allowed unless they contain a "where" or "like" clause.
[Method: POST, Route: admin/schedules/editRouteSchedule]
in FCPATH\vendor\codeigniter4\framework\system\Model.php on line 456.
 1 FCPATH\vendor\codeigniter4\framework\system\BaseModel.php(1027): CodeIgniter\Model->doUpdate(null, [...])
 2 FCPATH\vendor\codeigniter4\framework\system\Model.php(863): CodeIgniter\BaseModel->update(null, [...])
 3 APPPATH\Controllers\Pages\Schedules.php(319): CodeIgniter\Model->update(null, [...])
 4 FCPATH\vendor\codeigniter4\framework\system\CodeIgniter.php(933): App\Controllers\Pages\Schedules->editRouteSchedule()
 5 FCPATH\vendor\codeigniter4\framework\system\CodeIgniter.php(507): CodeIgniter\CodeIgniter->runController(Object(App\Controllers\Pages\Schedules))
 6 FCPATH\vendor\codeigniter4\framework\system\CodeIgniter.php(354): CodeIgniter\CodeIgniter->handleRequest(null, Object(Config\Cache), false)
 7 SYSTEMPATH\Boot.php(334): CodeIgniter\CodeIgniter->run()
 8 SYSTEMPATH\Boot.php(67): CodeIgniter\Boot::runCodeIgniter(Object(CodeIgniter\CodeIgniter))
 9 FCPATH\index.php(56): CodeIgniter\Boot::bootWeb(Object(Config\Paths))
CRITICAL - 2025-08-11 23:53:49 --> CodeIgniter\Database\Exceptions\DatabaseException: Updates are not allowed unless they contain a "where" or "like" clause.
[Method: POST, Route: admin/schedules/editRouteSchedule]
in FCPATH\vendor\codeigniter4\framework\system\Model.php on line 456.
 1 FCPATH\vendor\codeigniter4\framework\system\BaseModel.php(1027): CodeIgniter\Model->doUpdate(null, [...])
 2 FCPATH\vendor\codeigniter4\framework\system\Model.php(863): CodeIgniter\BaseModel->update(null, [...])
 3 APPPATH\Controllers\Pages\Schedules.php(319): CodeIgniter\Model->update(null, [...])
 4 FCPATH\vendor\codeigniter4\framework\system\CodeIgniter.php(933): App\Controllers\Pages\Schedules->editRouteSchedule()
 5 FCPATH\vendor\codeigniter4\framework\system\CodeIgniter.php(507): CodeIgniter\CodeIgniter->runController(Object(App\Controllers\Pages\Schedules))
 6 FCPATH\vendor\codeigniter4\framework\system\CodeIgniter.php(354): CodeIgniter\CodeIgniter->handleRequest(null, Object(Config\Cache), false)
 7 SYSTEMPATH\Boot.php(334): CodeIgniter\CodeIgniter->run()
 8 SYSTEMPATH\Boot.php(67): CodeIgniter\Boot::runCodeIgniter(Object(CodeIgniter\CodeIgniter))
 9 FCPATH\index.php(56): CodeIgniter\Boot::bootWeb(Object(Config\Paths))
