ERROR - 2025-09-10 11:54:17 --> mysqli_sql_exception: Unknown column 'id' in 'where clause' in C:\xampp\htdocs\Bus-Reservation-System\vendor\codeigniter4\framework\system\Database\MySQLi\Connection.php:327
Stack trace:
#0 C:\xampp\htdocs\Bus-Reservation-System\vendor\codeigniter4\framework\system\Database\MySQLi\Connection.php(327): mysqli->query('SELECT *\nFROM `...', 0)
#1 C:\xampp\htdocs\Bus-Reservation-System\vendor\codeigniter4\framework\system\Database\BaseConnection.php(738): CodeIgniter\Database\MySQLi\Connection->execute('SELECT *\nFROM `...')
#2 C:\xampp\htdocs\Bus-Reservation-System\vendor\codeigniter4\framework\system\Database\BaseConnection.php(652): CodeIgniter\Database\BaseConnection->simpleQuery('SELECT *\nFROM `...')
#3 C:\xampp\htdocs\Bus-Reservation-System\vendor\codeigniter4\framework\system\Database\BaseBuilder.php(1649): CodeIgniter\Database\BaseConnection->query('SELECT *\nFROM `...', Array, false)
#4 C:\xampp\htdocs\Bus-Reservation-System\vendor\codeigniter4\framework\system\Model.php(330): CodeIgniter\Database\BaseBuilder->get()
#5 C:\xampp\htdocs\Bus-Reservation-System\vendor\codeigniter4\framework\system\BaseModel.php(713): CodeIgniter\Model->doFirst()
#6 C:\xampp\htdocs\Bus-Reservation-System\app\Controllers\Auth.php(113): CodeIgniter\BaseModel->first()
#7 C:\xampp\htdocs\Bus-Reservation-System\vendor\codeigniter4\framework\system\CodeIgniter.php(933): App\Controllers\Auth->update_profile()
#8 C:\xampp\htdocs\Bus-Reservation-System\vendor\codeigniter4\framework\system\CodeIgniter.php(507): CodeIgniter\CodeIgniter->runController(Object(App\Controllers\Auth))
#9 C:\xampp\htdocs\Bus-Reservation-System\vendor\codeigniter4\framework\system\CodeIgniter.php(354): CodeIgniter\CodeIgniter->handleRequest(NULL, Object(Config\Cache), false)
#10 C:\xampp\htdocs\Bus-Reservation-System\system\Boot.php(334): CodeIgniter\CodeIgniter->run()
#11 C:\xampp\htdocs\Bus-Reservation-System\system\Boot.php(67): CodeIgniter\Boot::runCodeIgniter(Object(CodeIgniter\CodeIgniter))
#12 C:\xampp\htdocs\Bus-Reservation-System\index.php(56): CodeIgniter\Boot::bootWeb(Object(Config\Paths))
#13 {main}
CRITICAL - 2025-09-10 11:54:17 --> CodeIgniter\Database\Exceptions\DatabaseException: Unknown column 'id' in 'where clause'
[Method: POST, Route: update_profile]
in FCPATH\vendor\codeigniter4\framework\system\Database\BaseConnection.php on line 692.
 1 FCPATH\vendor\codeigniter4\framework\system\Database\BaseBuilder.php(1649): CodeIgniter\Database\BaseConnection->query('SELECT *
FROM `users`
WHERE `email` = :email:
AND `id` != :id:
 LIMIT 1', [...], false)
 2 FCPATH\vendor\codeigniter4\framework\system\Model.php(330): CodeIgniter\Database\BaseBuilder->get()
 3 FCPATH\vendor\codeigniter4\framework\system\BaseModel.php(713): CodeIgniter\Model->doFirst()
 4 APPPATH\Controllers\Auth.php(113): CodeIgniter\BaseModel->first()
 5 FCPATH\vendor\codeigniter4\framework\system\CodeIgniter.php(933): App\Controllers\Auth->update_profile()
 6 FCPATH\vendor\codeigniter4\framework\system\CodeIgniter.php(507): CodeIgniter\CodeIgniter->runController(Object(App\Controllers\Auth))
 7 FCPATH\vendor\codeigniter4\framework\system\CodeIgniter.php(354): CodeIgniter\CodeIgniter->handleRequest(null, Object(Config\Cache), false)
 8 SYSTEMPATH\Boot.php(334): CodeIgniter\CodeIgniter->run()
 9 SYSTEMPATH\Boot.php(67): CodeIgniter\Boot::runCodeIgniter(Object(CodeIgniter\CodeIgniter))
10 FCPATH\index.php(56): CodeIgniter\Boot::bootWeb(Object(Config\Paths))
CRITICAL - 2025-09-10 11:54:17 --> [Caused by] CodeIgniter\Database\Exceptions\DatabaseException: Unknown column 'id' in 'where clause'
in FCPATH\vendor\codeigniter4\framework\system\Database\MySQLi\Connection.php on line 332.
 1 FCPATH\vendor\codeigniter4\framework\system\Database\BaseConnection.php(738): CodeIgniter\Database\MySQLi\Connection->execute('SELECT *
FROM `users`
WHERE `email` = \'clarck@gmail.com\'
AND `id` != \'10\'
 LIMIT 1')
 2 FCPATH\vendor\codeigniter4\framework\system\Database\BaseConnection.php(652): CodeIgniter\Database\BaseConnection->simpleQuery('SELECT *
FROM `users`
WHERE `email` = \'clarck@gmail.com\'
AND `id` != \'10\'
 LIMIT 1')
 3 FCPATH\vendor\codeigniter4\framework\system\Database\BaseBuilder.php(1649): CodeIgniter\Database\BaseConnection->query('SELECT *
FROM `users`
WHERE `email` = :email:
AND `id` != :id:
 LIMIT 1', [...], false)
 4 FCPATH\vendor\codeigniter4\framework\system\Model.php(330): CodeIgniter\Database\BaseBuilder->get()
 5 FCPATH\vendor\codeigniter4\framework\system\BaseModel.php(713): CodeIgniter\Model->doFirst()
 6 APPPATH\Controllers\Auth.php(113): CodeIgniter\BaseModel->first()
 7 FCPATH\vendor\codeigniter4\framework\system\CodeIgniter.php(933): App\Controllers\Auth->update_profile()
 8 FCPATH\vendor\codeigniter4\framework\system\CodeIgniter.php(507): CodeIgniter\CodeIgniter->runController(Object(App\Controllers\Auth))
 9 FCPATH\vendor\codeigniter4\framework\system\CodeIgniter.php(354): CodeIgniter\CodeIgniter->handleRequest(null, Object(Config\Cache), false)
10 SYSTEMPATH\Boot.php(334): CodeIgniter\CodeIgniter->run()
11 SYSTEMPATH\Boot.php(67): CodeIgniter\Boot::runCodeIgniter(Object(CodeIgniter\CodeIgniter))
12 FCPATH\index.php(56): CodeIgniter\Boot::bootWeb(Object(Config\Paths))
CRITICAL - 2025-09-10 11:54:17 --> [Caused by] mysqli_sql_exception: Unknown column 'id' in 'where clause'
in FCPATH\vendor\codeigniter4\framework\system\Database\MySQLi\Connection.php on line 327.
 1 FCPATH\vendor\codeigniter4\framework\system\Database\MySQLi\Connection.php(327): mysqli->query('SELECT *
FROM `users`
WHERE `email` = \'clarck@gmail.com\'
AND `id` != \'10\'
 LIMIT 1', 0)
 2 FCPATH\vendor\codeigniter4\framework\system\Database\BaseConnection.php(738): CodeIgniter\Database\MySQLi\Connection->execute('SELECT *
FROM `users`
WHERE `email` = \'clarck@gmail.com\'
AND `id` != \'10\'
 LIMIT 1')
 3 FCPATH\vendor\codeigniter4\framework\system\Database\BaseConnection.php(652): CodeIgniter\Database\BaseConnection->simpleQuery('SELECT *
FROM `users`
WHERE `email` = \'clarck@gmail.com\'
AND `id` != \'10\'
 LIMIT 1')
 4 FCPATH\vendor\codeigniter4\framework\system\Database\BaseBuilder.php(1649): CodeIgniter\Database\BaseConnection->query('SELECT *
FROM `users`
WHERE `email` = :email:
AND `id` != :id:
 LIMIT 1', [...], false)
 5 FCPATH\vendor\codeigniter4\framework\system\Model.php(330): CodeIgniter\Database\BaseBuilder->get()
 6 FCPATH\vendor\codeigniter4\framework\system\BaseModel.php(713): CodeIgniter\Model->doFirst()
 7 APPPATH\Controllers\Auth.php(113): CodeIgniter\BaseModel->first()
 8 FCPATH\vendor\codeigniter4\framework\system\CodeIgniter.php(933): App\Controllers\Auth->update_profile()
 9 FCPATH\vendor\codeigniter4\framework\system\CodeIgniter.php(507): CodeIgniter\CodeIgniter->runController(Object(App\Controllers\Auth))
10 FCPATH\vendor\codeigniter4\framework\system\CodeIgniter.php(354): CodeIgniter\CodeIgniter->handleRequest(null, Object(Config\Cache), false)
11 SYSTEMPATH\Boot.php(334): CodeIgniter\CodeIgniter->run()
12 SYSTEMPATH\Boot.php(67): CodeIgniter\Boot::runCodeIgniter(Object(CodeIgniter\CodeIgniter))
13 FCPATH\index.php(56): CodeIgniter\Boot::bootWeb(Object(Config\Paths))
ERROR - 2025-09-10 11:54:30 --> mysqli_sql_exception: Unknown column 'id' in 'where clause' in C:\xampp\htdocs\Bus-Reservation-System\vendor\codeigniter4\framework\system\Database\MySQLi\Connection.php:327
Stack trace:
#0 C:\xampp\htdocs\Bus-Reservation-System\vendor\codeigniter4\framework\system\Database\MySQLi\Connection.php(327): mysqli->query('SELECT *\nFROM `...', 0)
#1 C:\xampp\htdocs\Bus-Reservation-System\vendor\codeigniter4\framework\system\Database\BaseConnection.php(738): CodeIgniter\Database\MySQLi\Connection->execute('SELECT *\nFROM `...')
#2 C:\xampp\htdocs\Bus-Reservation-System\vendor\codeigniter4\framework\system\Database\BaseConnection.php(652): CodeIgniter\Database\BaseConnection->simpleQuery('SELECT *\nFROM `...')
#3 C:\xampp\htdocs\Bus-Reservation-System\vendor\codeigniter4\framework\system\Database\BaseBuilder.php(1649): CodeIgniter\Database\BaseConnection->query('SELECT *\nFROM `...', Array, false)
#4 C:\xampp\htdocs\Bus-Reservation-System\vendor\codeigniter4\framework\system\Model.php(330): CodeIgniter\Database\BaseBuilder->get()
#5 C:\xampp\htdocs\Bus-Reservation-System\vendor\codeigniter4\framework\system\BaseModel.php(713): CodeIgniter\Model->doFirst()
#6 C:\xampp\htdocs\Bus-Reservation-System\app\Controllers\Auth.php(113): CodeIgniter\BaseModel->first()
#7 C:\xampp\htdocs\Bus-Reservation-System\vendor\codeigniter4\framework\system\CodeIgniter.php(933): App\Controllers\Auth->update_profile()
#8 C:\xampp\htdocs\Bus-Reservation-System\vendor\codeigniter4\framework\system\CodeIgniter.php(507): CodeIgniter\CodeIgniter->runController(Object(App\Controllers\Auth))
#9 C:\xampp\htdocs\Bus-Reservation-System\vendor\codeigniter4\framework\system\CodeIgniter.php(354): CodeIgniter\CodeIgniter->handleRequest(NULL, Object(Config\Cache), false)
#10 C:\xampp\htdocs\Bus-Reservation-System\system\Boot.php(334): CodeIgniter\CodeIgniter->run()
#11 C:\xampp\htdocs\Bus-Reservation-System\system\Boot.php(67): CodeIgniter\Boot::runCodeIgniter(Object(CodeIgniter\CodeIgniter))
#12 C:\xampp\htdocs\Bus-Reservation-System\index.php(56): CodeIgniter\Boot::bootWeb(Object(Config\Paths))
#13 {main}
CRITICAL - 2025-09-10 11:54:30 --> CodeIgniter\Database\Exceptions\DatabaseException: Unknown column 'id' in 'where clause'
[Method: POST, Route: update_profile]
in FCPATH\vendor\codeigniter4\framework\system\Database\BaseConnection.php on line 692.
 1 FCPATH\vendor\codeigniter4\framework\system\Database\BaseBuilder.php(1649): CodeIgniter\Database\BaseConnection->query('SELECT *
FROM `users`
WHERE `email` = :email:
AND `id` != :id:
 LIMIT 1', [...], false)
 2 FCPATH\vendor\codeigniter4\framework\system\Model.php(330): CodeIgniter\Database\BaseBuilder->get()
 3 FCPATH\vendor\codeigniter4\framework\system\BaseModel.php(713): CodeIgniter\Model->doFirst()
 4 APPPATH\Controllers\Auth.php(113): CodeIgniter\BaseModel->first()
 5 FCPATH\vendor\codeigniter4\framework\system\CodeIgniter.php(933): App\Controllers\Auth->update_profile()
 6 FCPATH\vendor\codeigniter4\framework\system\CodeIgniter.php(507): CodeIgniter\CodeIgniter->runController(Object(App\Controllers\Auth))
 7 FCPATH\vendor\codeigniter4\framework\system\CodeIgniter.php(354): CodeIgniter\CodeIgniter->handleRequest(null, Object(Config\Cache), false)
 8 SYSTEMPATH\Boot.php(334): CodeIgniter\CodeIgniter->run()
 9 SYSTEMPATH\Boot.php(67): CodeIgniter\Boot::runCodeIgniter(Object(CodeIgniter\CodeIgniter))
10 FCPATH\index.php(56): CodeIgniter\Boot::bootWeb(Object(Config\Paths))
CRITICAL - 2025-09-10 11:54:30 --> [Caused by] CodeIgniter\Database\Exceptions\DatabaseException: Unknown column 'id' in 'where clause'
in FCPATH\vendor\codeigniter4\framework\system\Database\MySQLi\Connection.php on line 332.
 1 FCPATH\vendor\codeigniter4\framework\system\Database\BaseConnection.php(738): CodeIgniter\Database\MySQLi\Connection->execute('SELECT *
FROM `users`
WHERE `email` = \'clarck@gmail.com\'
AND `id` != \'10\'
 LIMIT 1')
 2 FCPATH\vendor\codeigniter4\framework\system\Database\BaseConnection.php(652): CodeIgniter\Database\BaseConnection->simpleQuery('SELECT *
FROM `users`
WHERE `email` = \'clarck@gmail.com\'
AND `id` != \'10\'
 LIMIT 1')
 3 FCPATH\vendor\codeigniter4\framework\system\Database\BaseBuilder.php(1649): CodeIgniter\Database\BaseConnection->query('SELECT *
FROM `users`
WHERE `email` = :email:
AND `id` != :id:
 LIMIT 1', [...], false)
 4 FCPATH\vendor\codeigniter4\framework\system\Model.php(330): CodeIgniter\Database\BaseBuilder->get()
 5 FCPATH\vendor\codeigniter4\framework\system\BaseModel.php(713): CodeIgniter\Model->doFirst()
 6 APPPATH\Controllers\Auth.php(113): CodeIgniter\BaseModel->first()
 7 FCPATH\vendor\codeigniter4\framework\system\CodeIgniter.php(933): App\Controllers\Auth->update_profile()
 8 FCPATH\vendor\codeigniter4\framework\system\CodeIgniter.php(507): CodeIgniter\CodeIgniter->runController(Object(App\Controllers\Auth))
 9 FCPATH\vendor\codeigniter4\framework\system\CodeIgniter.php(354): CodeIgniter\CodeIgniter->handleRequest(null, Object(Config\Cache), false)
10 SYSTEMPATH\Boot.php(334): CodeIgniter\CodeIgniter->run()
11 SYSTEMPATH\Boot.php(67): CodeIgniter\Boot::runCodeIgniter(Object(CodeIgniter\CodeIgniter))
12 FCPATH\index.php(56): CodeIgniter\Boot::bootWeb(Object(Config\Paths))
CRITICAL - 2025-09-10 11:54:30 --> [Caused by] mysqli_sql_exception: Unknown column 'id' in 'where clause'
in FCPATH\vendor\codeigniter4\framework\system\Database\MySQLi\Connection.php on line 327.
 1 FCPATH\vendor\codeigniter4\framework\system\Database\MySQLi\Connection.php(327): mysqli->query('SELECT *
FROM `users`
WHERE `email` = \'clarck@gmail.com\'
AND `id` != \'10\'
 LIMIT 1', 0)
 2 FCPATH\vendor\codeigniter4\framework\system\Database\BaseConnection.php(738): CodeIgniter\Database\MySQLi\Connection->execute('SELECT *
FROM `users`
WHERE `email` = \'clarck@gmail.com\'
AND `id` != \'10\'
 LIMIT 1')
 3 FCPATH\vendor\codeigniter4\framework\system\Database\BaseConnection.php(652): CodeIgniter\Database\BaseConnection->simpleQuery('SELECT *
FROM `users`
WHERE `email` = \'clarck@gmail.com\'
AND `id` != \'10\'
 LIMIT 1')
 4 FCPATH\vendor\codeigniter4\framework\system\Database\BaseBuilder.php(1649): CodeIgniter\Database\BaseConnection->query('SELECT *
FROM `users`
WHERE `email` = :email:
AND `id` != :id:
 LIMIT 1', [...], false)
 5 FCPATH\vendor\codeigniter4\framework\system\Model.php(330): CodeIgniter\Database\BaseBuilder->get()
 6 FCPATH\vendor\codeigniter4\framework\system\BaseModel.php(713): CodeIgniter\Model->doFirst()
 7 APPPATH\Controllers\Auth.php(113): CodeIgniter\BaseModel->first()
 8 FCPATH\vendor\codeigniter4\framework\system\CodeIgniter.php(933): App\Controllers\Auth->update_profile()
 9 FCPATH\vendor\codeigniter4\framework\system\CodeIgniter.php(507): CodeIgniter\CodeIgniter->runController(Object(App\Controllers\Auth))
10 FCPATH\vendor\codeigniter4\framework\system\CodeIgniter.php(354): CodeIgniter\CodeIgniter->handleRequest(null, Object(Config\Cache), false)
11 SYSTEMPATH\Boot.php(334): CodeIgniter\CodeIgniter->run()
12 SYSTEMPATH\Boot.php(67): CodeIgniter\Boot::runCodeIgniter(Object(CodeIgniter\CodeIgniter))
13 FCPATH\index.php(56): CodeIgniter\Boot::bootWeb(Object(Config\Paths))
ERROR - 2025-09-10 11:54:32 --> mysqli_sql_exception: Unknown column 'id' in 'where clause' in C:\xampp\htdocs\Bus-Reservation-System\vendor\codeigniter4\framework\system\Database\MySQLi\Connection.php:327
Stack trace:
#0 C:\xampp\htdocs\Bus-Reservation-System\vendor\codeigniter4\framework\system\Database\MySQLi\Connection.php(327): mysqli->query('SELECT *\nFROM `...', 0)
#1 C:\xampp\htdocs\Bus-Reservation-System\vendor\codeigniter4\framework\system\Database\BaseConnection.php(738): CodeIgniter\Database\MySQLi\Connection->execute('SELECT *\nFROM `...')
#2 C:\xampp\htdocs\Bus-Reservation-System\vendor\codeigniter4\framework\system\Database\BaseConnection.php(652): CodeIgniter\Database\BaseConnection->simpleQuery('SELECT *\nFROM `...')
#3 C:\xampp\htdocs\Bus-Reservation-System\vendor\codeigniter4\framework\system\Database\BaseBuilder.php(1649): CodeIgniter\Database\BaseConnection->query('SELECT *\nFROM `...', Array, false)
#4 C:\xampp\htdocs\Bus-Reservation-System\vendor\codeigniter4\framework\system\Model.php(330): CodeIgniter\Database\BaseBuilder->get()
#5 C:\xampp\htdocs\Bus-Reservation-System\vendor\codeigniter4\framework\system\BaseModel.php(713): CodeIgniter\Model->doFirst()
#6 C:\xampp\htdocs\Bus-Reservation-System\app\Controllers\Auth.php(113): CodeIgniter\BaseModel->first()
#7 C:\xampp\htdocs\Bus-Reservation-System\vendor\codeigniter4\framework\system\CodeIgniter.php(933): App\Controllers\Auth->update_profile()
#8 C:\xampp\htdocs\Bus-Reservation-System\vendor\codeigniter4\framework\system\CodeIgniter.php(507): CodeIgniter\CodeIgniter->runController(Object(App\Controllers\Auth))
#9 C:\xampp\htdocs\Bus-Reservation-System\vendor\codeigniter4\framework\system\CodeIgniter.php(354): CodeIgniter\CodeIgniter->handleRequest(NULL, Object(Config\Cache), false)
#10 C:\xampp\htdocs\Bus-Reservation-System\system\Boot.php(334): CodeIgniter\CodeIgniter->run()
#11 C:\xampp\htdocs\Bus-Reservation-System\system\Boot.php(67): CodeIgniter\Boot::runCodeIgniter(Object(CodeIgniter\CodeIgniter))
#12 C:\xampp\htdocs\Bus-Reservation-System\index.php(56): CodeIgniter\Boot::bootWeb(Object(Config\Paths))
#13 {main}
CRITICAL - 2025-09-10 11:54:32 --> CodeIgniter\Database\Exceptions\DatabaseException: Unknown column 'id' in 'where clause'
[Method: POST, Route: update_profile]
in FCPATH\vendor\codeigniter4\framework\system\Database\BaseConnection.php on line 692.
 1 FCPATH\vendor\codeigniter4\framework\system\Database\BaseBuilder.php(1649): CodeIgniter\Database\BaseConnection->query('SELECT *
FROM `users`
WHERE `email` = :email:
AND `id` != :id:
 LIMIT 1', [...], false)
 2 FCPATH\vendor\codeigniter4\framework\system\Model.php(330): CodeIgniter\Database\BaseBuilder->get()
 3 FCPATH\vendor\codeigniter4\framework\system\BaseModel.php(713): CodeIgniter\Model->doFirst()
 4 APPPATH\Controllers\Auth.php(113): CodeIgniter\BaseModel->first()
 5 FCPATH\vendor\codeigniter4\framework\system\CodeIgniter.php(933): App\Controllers\Auth->update_profile()
 6 FCPATH\vendor\codeigniter4\framework\system\CodeIgniter.php(507): CodeIgniter\CodeIgniter->runController(Object(App\Controllers\Auth))
 7 FCPATH\vendor\codeigniter4\framework\system\CodeIgniter.php(354): CodeIgniter\CodeIgniter->handleRequest(null, Object(Config\Cache), false)
 8 SYSTEMPATH\Boot.php(334): CodeIgniter\CodeIgniter->run()
 9 SYSTEMPATH\Boot.php(67): CodeIgniter\Boot::runCodeIgniter(Object(CodeIgniter\CodeIgniter))
10 FCPATH\index.php(56): CodeIgniter\Boot::bootWeb(Object(Config\Paths))
CRITICAL - 2025-09-10 11:54:32 --> [Caused by] CodeIgniter\Database\Exceptions\DatabaseException: Unknown column 'id' in 'where clause'
in FCPATH\vendor\codeigniter4\framework\system\Database\MySQLi\Connection.php on line 332.
 1 FCPATH\vendor\codeigniter4\framework\system\Database\BaseConnection.php(738): CodeIgniter\Database\MySQLi\Connection->execute('SELECT *
FROM `users`
WHERE `email` = \'clarck@gmail.com\'
AND `id` != \'10\'
 LIMIT 1')
 2 FCPATH\vendor\codeigniter4\framework\system\Database\BaseConnection.php(652): CodeIgniter\Database\BaseConnection->simpleQuery('SELECT *
FROM `users`
WHERE `email` = \'clarck@gmail.com\'
AND `id` != \'10\'
 LIMIT 1')
 3 FCPATH\vendor\codeigniter4\framework\system\Database\BaseBuilder.php(1649): CodeIgniter\Database\BaseConnection->query('SELECT *
FROM `users`
WHERE `email` = :email:
AND `id` != :id:
 LIMIT 1', [...], false)
 4 FCPATH\vendor\codeigniter4\framework\system\Model.php(330): CodeIgniter\Database\BaseBuilder->get()
 5 FCPATH\vendor\codeigniter4\framework\system\BaseModel.php(713): CodeIgniter\Model->doFirst()
 6 APPPATH\Controllers\Auth.php(113): CodeIgniter\BaseModel->first()
 7 FCPATH\vendor\codeigniter4\framework\system\CodeIgniter.php(933): App\Controllers\Auth->update_profile()
 8 FCPATH\vendor\codeigniter4\framework\system\CodeIgniter.php(507): CodeIgniter\CodeIgniter->runController(Object(App\Controllers\Auth))
 9 FCPATH\vendor\codeigniter4\framework\system\CodeIgniter.php(354): CodeIgniter\CodeIgniter->handleRequest(null, Object(Config\Cache), false)
10 SYSTEMPATH\Boot.php(334): CodeIgniter\CodeIgniter->run()
11 SYSTEMPATH\Boot.php(67): CodeIgniter\Boot::runCodeIgniter(Object(CodeIgniter\CodeIgniter))
12 FCPATH\index.php(56): CodeIgniter\Boot::bootWeb(Object(Config\Paths))
CRITICAL - 2025-09-10 11:54:32 --> [Caused by] mysqli_sql_exception: Unknown column 'id' in 'where clause'
in FCPATH\vendor\codeigniter4\framework\system\Database\MySQLi\Connection.php on line 327.
 1 FCPATH\vendor\codeigniter4\framework\system\Database\MySQLi\Connection.php(327): mysqli->query('SELECT *
FROM `users`
WHERE `email` = \'clarck@gmail.com\'
AND `id` != \'10\'
 LIMIT 1', 0)
 2 FCPATH\vendor\codeigniter4\framework\system\Database\BaseConnection.php(738): CodeIgniter\Database\MySQLi\Connection->execute('SELECT *
FROM `users`
WHERE `email` = \'clarck@gmail.com\'
AND `id` != \'10\'
 LIMIT 1')
 3 FCPATH\vendor\codeigniter4\framework\system\Database\BaseConnection.php(652): CodeIgniter\Database\BaseConnection->simpleQuery('SELECT *
FROM `users`
WHERE `email` = \'clarck@gmail.com\'
AND `id` != \'10\'
 LIMIT 1')
 4 FCPATH\vendor\codeigniter4\framework\system\Database\BaseBuilder.php(1649): CodeIgniter\Database\BaseConnection->query('SELECT *
FROM `users`
WHERE `email` = :email:
AND `id` != :id:
 LIMIT 1', [...], false)
 5 FCPATH\vendor\codeigniter4\framework\system\Model.php(330): CodeIgniter\Database\BaseBuilder->get()
 6 FCPATH\vendor\codeigniter4\framework\system\BaseModel.php(713): CodeIgniter\Model->doFirst()
 7 APPPATH\Controllers\Auth.php(113): CodeIgniter\BaseModel->first()
 8 FCPATH\vendor\codeigniter4\framework\system\CodeIgniter.php(933): App\Controllers\Auth->update_profile()
 9 FCPATH\vendor\codeigniter4\framework\system\CodeIgniter.php(507): CodeIgniter\CodeIgniter->runController(Object(App\Controllers\Auth))
10 FCPATH\vendor\codeigniter4\framework\system\CodeIgniter.php(354): CodeIgniter\CodeIgniter->handleRequest(null, Object(Config\Cache), false)
11 SYSTEMPATH\Boot.php(334): CodeIgniter\CodeIgniter->run()
12 SYSTEMPATH\Boot.php(67): CodeIgniter\Boot::runCodeIgniter(Object(CodeIgniter\CodeIgniter))
13 FCPATH\index.php(56): CodeIgniter\Boot::bootWeb(Object(Config\Paths))
ERROR - 2025-09-10 11:59:12 --> mysqli_sql_exception: Unknown column 'id' in 'where clause' in C:\xampp\htdocs\Bus-Reservation-System\vendor\codeigniter4\framework\system\Database\MySQLi\Connection.php:327
Stack trace:
#0 C:\xampp\htdocs\Bus-Reservation-System\vendor\codeigniter4\framework\system\Database\MySQLi\Connection.php(327): mysqli->query('SELECT *\nFROM `...', 0)
#1 C:\xampp\htdocs\Bus-Reservation-System\vendor\codeigniter4\framework\system\Database\BaseConnection.php(738): CodeIgniter\Database\MySQLi\Connection->execute('SELECT *\nFROM `...')
#2 C:\xampp\htdocs\Bus-Reservation-System\vendor\codeigniter4\framework\system\Database\BaseConnection.php(652): CodeIgniter\Database\BaseConnection->simpleQuery('SELECT *\nFROM `...')
#3 C:\xampp\htdocs\Bus-Reservation-System\vendor\codeigniter4\framework\system\Database\BaseBuilder.php(1649): CodeIgniter\Database\BaseConnection->query('SELECT *\nFROM `...', Array, false)
#4 C:\xampp\htdocs\Bus-Reservation-System\vendor\codeigniter4\framework\system\Model.php(330): CodeIgniter\Database\BaseBuilder->get()
#5 C:\xampp\htdocs\Bus-Reservation-System\vendor\codeigniter4\framework\system\BaseModel.php(713): CodeIgniter\Model->doFirst()
#6 C:\xampp\htdocs\Bus-Reservation-System\app\Controllers\Auth.php(114): CodeIgniter\BaseModel->first()
#7 C:\xampp\htdocs\Bus-Reservation-System\vendor\codeigniter4\framework\system\CodeIgniter.php(933): App\Controllers\Auth->update_profile()
#8 C:\xampp\htdocs\Bus-Reservation-System\vendor\codeigniter4\framework\system\CodeIgniter.php(507): CodeIgniter\CodeIgniter->runController(Object(App\Controllers\Auth))
#9 C:\xampp\htdocs\Bus-Reservation-System\vendor\codeigniter4\framework\system\CodeIgniter.php(354): CodeIgniter\CodeIgniter->handleRequest(NULL, Object(Config\Cache), false)
#10 C:\xampp\htdocs\Bus-Reservation-System\system\Boot.php(334): CodeIgniter\CodeIgniter->run()
#11 C:\xampp\htdocs\Bus-Reservation-System\system\Boot.php(67): CodeIgniter\Boot::runCodeIgniter(Object(CodeIgniter\CodeIgniter))
#12 C:\xampp\htdocs\Bus-Reservation-System\index.php(56): CodeIgniter\Boot::bootWeb(Object(Config\Paths))
#13 {main}
CRITICAL - 2025-09-10 11:59:12 --> CodeIgniter\Database\Exceptions\DatabaseException: Unknown column 'id' in 'where clause'
[Method: POST, Route: update_profile]
in FCPATH\vendor\codeigniter4\framework\system\Database\BaseConnection.php on line 692.
 1 FCPATH\vendor\codeigniter4\framework\system\Database\BaseBuilder.php(1649): CodeIgniter\Database\BaseConnection->query('SELECT *
FROM `users`
WHERE `contact_no` = :contact_no:
AND `id` != :id:
 LIMIT 1', [...], false)
 2 FCPATH\vendor\codeigniter4\framework\system\Model.php(330): CodeIgniter\Database\BaseBuilder->get()
 3 FCPATH\vendor\codeigniter4\framework\system\BaseModel.php(713): CodeIgniter\Model->doFirst()
 4 APPPATH\Controllers\Auth.php(114): CodeIgniter\BaseModel->first()
 5 FCPATH\vendor\codeigniter4\framework\system\CodeIgniter.php(933): App\Controllers\Auth->update_profile()
 6 FCPATH\vendor\codeigniter4\framework\system\CodeIgniter.php(507): CodeIgniter\CodeIgniter->runController(Object(App\Controllers\Auth))
 7 FCPATH\vendor\codeigniter4\framework\system\CodeIgniter.php(354): CodeIgniter\CodeIgniter->handleRequest(null, Object(Config\Cache), false)
 8 SYSTEMPATH\Boot.php(334): CodeIgniter\CodeIgniter->run()
 9 SYSTEMPATH\Boot.php(67): CodeIgniter\Boot::runCodeIgniter(Object(CodeIgniter\CodeIgniter))
10 FCPATH\index.php(56): CodeIgniter\Boot::bootWeb(Object(Config\Paths))
CRITICAL - 2025-09-10 11:59:12 --> [Caused by] CodeIgniter\Database\Exceptions\DatabaseException: Unknown column 'id' in 'where clause'
in FCPATH\vendor\codeigniter4\framework\system\Database\MySQLi\Connection.php on line 332.
 1 FCPATH\vendor\codeigniter4\framework\system\Database\BaseConnection.php(738): CodeIgniter\Database\MySQLi\Connection->execute('SELECT *
FROM `users`
WHERE `contact_no` = \'9122137559\'
AND `id` != \'10\'
 LIMIT 1')
 2 FCPATH\vendor\codeigniter4\framework\system\Database\BaseConnection.php(652): CodeIgniter\Database\BaseConnection->simpleQuery('SELECT *
FROM `users`
WHERE `contact_no` = \'9122137559\'
AND `id` != \'10\'
 LIMIT 1')
 3 FCPATH\vendor\codeigniter4\framework\system\Database\BaseBuilder.php(1649): CodeIgniter\Database\BaseConnection->query('SELECT *
FROM `users`
WHERE `contact_no` = :contact_no:
AND `id` != :id:
 LIMIT 1', [...], false)
 4 FCPATH\vendor\codeigniter4\framework\system\Model.php(330): CodeIgniter\Database\BaseBuilder->get()
 5 FCPATH\vendor\codeigniter4\framework\system\BaseModel.php(713): CodeIgniter\Model->doFirst()
 6 APPPATH\Controllers\Auth.php(114): CodeIgniter\BaseModel->first()
 7 FCPATH\vendor\codeigniter4\framework\system\CodeIgniter.php(933): App\Controllers\Auth->update_profile()
 8 FCPATH\vendor\codeigniter4\framework\system\CodeIgniter.php(507): CodeIgniter\CodeIgniter->runController(Object(App\Controllers\Auth))
 9 FCPATH\vendor\codeigniter4\framework\system\CodeIgniter.php(354): CodeIgniter\CodeIgniter->handleRequest(null, Object(Config\Cache), false)
10 SYSTEMPATH\Boot.php(334): CodeIgniter\CodeIgniter->run()
11 SYSTEMPATH\Boot.php(67): CodeIgniter\Boot::runCodeIgniter(Object(CodeIgniter\CodeIgniter))
12 FCPATH\index.php(56): CodeIgniter\Boot::bootWeb(Object(Config\Paths))
CRITICAL - 2025-09-10 11:59:12 --> [Caused by] mysqli_sql_exception: Unknown column 'id' in 'where clause'
in FCPATH\vendor\codeigniter4\framework\system\Database\MySQLi\Connection.php on line 327.
 1 FCPATH\vendor\codeigniter4\framework\system\Database\MySQLi\Connection.php(327): mysqli->query('SELECT *
FROM `users`
WHERE `contact_no` = \'9122137559\'
AND `id` != \'10\'
 LIMIT 1', 0)
 2 FCPATH\vendor\codeigniter4\framework\system\Database\BaseConnection.php(738): CodeIgniter\Database\MySQLi\Connection->execute('SELECT *
FROM `users`
WHERE `contact_no` = \'9122137559\'
AND `id` != \'10\'
 LIMIT 1')
 3 FCPATH\vendor\codeigniter4\framework\system\Database\BaseConnection.php(652): CodeIgniter\Database\BaseConnection->simpleQuery('SELECT *
FROM `users`
WHERE `contact_no` = \'9122137559\'
AND `id` != \'10\'
 LIMIT 1')
 4 FCPATH\vendor\codeigniter4\framework\system\Database\BaseBuilder.php(1649): CodeIgniter\Database\BaseConnection->query('SELECT *
FROM `users`
WHERE `contact_no` = :contact_no:
AND `id` != :id:
 LIMIT 1', [...], false)
 5 FCPATH\vendor\codeigniter4\framework\system\Model.php(330): CodeIgniter\Database\BaseBuilder->get()
 6 FCPATH\vendor\codeigniter4\framework\system\BaseModel.php(713): CodeIgniter\Model->doFirst()
 7 APPPATH\Controllers\Auth.php(114): CodeIgniter\BaseModel->first()
 8 FCPATH\vendor\codeigniter4\framework\system\CodeIgniter.php(933): App\Controllers\Auth->update_profile()
 9 FCPATH\vendor\codeigniter4\framework\system\CodeIgniter.php(507): CodeIgniter\CodeIgniter->runController(Object(App\Controllers\Auth))
10 FCPATH\vendor\codeigniter4\framework\system\CodeIgniter.php(354): CodeIgniter\CodeIgniter->handleRequest(null, Object(Config\Cache), false)
11 SYSTEMPATH\Boot.php(334): CodeIgniter\CodeIgniter->run()
12 SYSTEMPATH\Boot.php(67): CodeIgniter\Boot::runCodeIgniter(Object(CodeIgniter\CodeIgniter))
13 FCPATH\index.php(56): CodeIgniter\Boot::bootWeb(Object(Config\Paths))
ERROR - 2025-09-10 12:06:17 --> mysqli_sql_exception: Unknown column 'id' in 'where clause' in C:\xampp\htdocs\Bus-Reservation-System\vendor\codeigniter4\framework\system\Database\MySQLi\Connection.php:327
Stack trace:
#0 C:\xampp\htdocs\Bus-Reservation-System\vendor\codeigniter4\framework\system\Database\MySQLi\Connection.php(327): mysqli->query('SELECT *\nFROM `...', 0)
#1 C:\xampp\htdocs\Bus-Reservation-System\vendor\codeigniter4\framework\system\Database\BaseConnection.php(738): CodeIgniter\Database\MySQLi\Connection->execute('SELECT *\nFROM `...')
#2 C:\xampp\htdocs\Bus-Reservation-System\vendor\codeigniter4\framework\system\Database\BaseConnection.php(652): CodeIgniter\Database\BaseConnection->simpleQuery('SELECT *\nFROM `...')
#3 C:\xampp\htdocs\Bus-Reservation-System\vendor\codeigniter4\framework\system\Database\BaseBuilder.php(1649): CodeIgniter\Database\BaseConnection->query('SELECT *\nFROM `...', Array, false)
#4 C:\xampp\htdocs\Bus-Reservation-System\vendor\codeigniter4\framework\system\Model.php(330): CodeIgniter\Database\BaseBuilder->get()
#5 C:\xampp\htdocs\Bus-Reservation-System\vendor\codeigniter4\framework\system\BaseModel.php(713): CodeIgniter\Model->doFirst()
#6 C:\xampp\htdocs\Bus-Reservation-System\app\Controllers\Auth.php(114): CodeIgniter\BaseModel->first()
#7 C:\xampp\htdocs\Bus-Reservation-System\vendor\codeigniter4\framework\system\CodeIgniter.php(933): App\Controllers\Auth->update_profile()
#8 C:\xampp\htdocs\Bus-Reservation-System\vendor\codeigniter4\framework\system\CodeIgniter.php(507): CodeIgniter\CodeIgniter->runController(Object(App\Controllers\Auth))
#9 C:\xampp\htdocs\Bus-Reservation-System\vendor\codeigniter4\framework\system\CodeIgniter.php(354): CodeIgniter\CodeIgniter->handleRequest(NULL, Object(Config\Cache), false)
#10 C:\xampp\htdocs\Bus-Reservation-System\system\Boot.php(334): CodeIgniter\CodeIgniter->run()
#11 C:\xampp\htdocs\Bus-Reservation-System\system\Boot.php(67): CodeIgniter\Boot::runCodeIgniter(Object(CodeIgniter\CodeIgniter))
#12 C:\xampp\htdocs\Bus-Reservation-System\index.php(56): CodeIgniter\Boot::bootWeb(Object(Config\Paths))
#13 {main}
CRITICAL - 2025-09-10 12:06:17 --> CodeIgniter\Database\Exceptions\DatabaseException: Unknown column 'id' in 'where clause'
[Method: POST, Route: update_profile]
in FCPATH\vendor\codeigniter4\framework\system\Database\BaseConnection.php on line 692.
 1 FCPATH\vendor\codeigniter4\framework\system\Database\BaseBuilder.php(1649): CodeIgniter\Database\BaseConnection->query('SELECT *
FROM `users`
WHERE `contact_no` = :contact_no:
AND `id` != :id:
 LIMIT 1', [...], false)
 2 FCPATH\vendor\codeigniter4\framework\system\Model.php(330): CodeIgniter\Database\BaseBuilder->get()
 3 FCPATH\vendor\codeigniter4\framework\system\BaseModel.php(713): CodeIgniter\Model->doFirst()
 4 APPPATH\Controllers\Auth.php(114): CodeIgniter\BaseModel->first()
 5 FCPATH\vendor\codeigniter4\framework\system\CodeIgniter.php(933): App\Controllers\Auth->update_profile()
 6 FCPATH\vendor\codeigniter4\framework\system\CodeIgniter.php(507): CodeIgniter\CodeIgniter->runController(Object(App\Controllers\Auth))
 7 FCPATH\vendor\codeigniter4\framework\system\CodeIgniter.php(354): CodeIgniter\CodeIgniter->handleRequest(null, Object(Config\Cache), false)
 8 SYSTEMPATH\Boot.php(334): CodeIgniter\CodeIgniter->run()
 9 SYSTEMPATH\Boot.php(67): CodeIgniter\Boot::runCodeIgniter(Object(CodeIgniter\CodeIgniter))
10 FCPATH\index.php(56): CodeIgniter\Boot::bootWeb(Object(Config\Paths))
CRITICAL - 2025-09-10 12:06:17 --> [Caused by] CodeIgniter\Database\Exceptions\DatabaseException: Unknown column 'id' in 'where clause'
in FCPATH\vendor\codeigniter4\framework\system\Database\MySQLi\Connection.php on line 332.
 1 FCPATH\vendor\codeigniter4\framework\system\Database\BaseConnection.php(738): CodeIgniter\Database\MySQLi\Connection->execute('SELECT *
FROM `users`
WHERE `contact_no` = \'9122137559\'
AND `id` != \'10\'
 LIMIT 1')
 2 FCPATH\vendor\codeigniter4\framework\system\Database\BaseConnection.php(652): CodeIgniter\Database\BaseConnection->simpleQuery('SELECT *
FROM `users`
WHERE `contact_no` = \'9122137559\'
AND `id` != \'10\'
 LIMIT 1')
 3 FCPATH\vendor\codeigniter4\framework\system\Database\BaseBuilder.php(1649): CodeIgniter\Database\BaseConnection->query('SELECT *
FROM `users`
WHERE `contact_no` = :contact_no:
AND `id` != :id:
 LIMIT 1', [...], false)
 4 FCPATH\vendor\codeigniter4\framework\system\Model.php(330): CodeIgniter\Database\BaseBuilder->get()
 5 FCPATH\vendor\codeigniter4\framework\system\BaseModel.php(713): CodeIgniter\Model->doFirst()
 6 APPPATH\Controllers\Auth.php(114): CodeIgniter\BaseModel->first()
 7 FCPATH\vendor\codeigniter4\framework\system\CodeIgniter.php(933): App\Controllers\Auth->update_profile()
 8 FCPATH\vendor\codeigniter4\framework\system\CodeIgniter.php(507): CodeIgniter\CodeIgniter->runController(Object(App\Controllers\Auth))
 9 FCPATH\vendor\codeigniter4\framework\system\CodeIgniter.php(354): CodeIgniter\CodeIgniter->handleRequest(null, Object(Config\Cache), false)
10 SYSTEMPATH\Boot.php(334): CodeIgniter\CodeIgniter->run()
11 SYSTEMPATH\Boot.php(67): CodeIgniter\Boot::runCodeIgniter(Object(CodeIgniter\CodeIgniter))
12 FCPATH\index.php(56): CodeIgniter\Boot::bootWeb(Object(Config\Paths))
CRITICAL - 2025-09-10 12:06:17 --> [Caused by] mysqli_sql_exception: Unknown column 'id' in 'where clause'
in FCPATH\vendor\codeigniter4\framework\system\Database\MySQLi\Connection.php on line 327.
 1 FCPATH\vendor\codeigniter4\framework\system\Database\MySQLi\Connection.php(327): mysqli->query('SELECT *
FROM `users`
WHERE `contact_no` = \'9122137559\'
AND `id` != \'10\'
 LIMIT 1', 0)
 2 FCPATH\vendor\codeigniter4\framework\system\Database\BaseConnection.php(738): CodeIgniter\Database\MySQLi\Connection->execute('SELECT *
FROM `users`
WHERE `contact_no` = \'9122137559\'
AND `id` != \'10\'
 LIMIT 1')
 3 FCPATH\vendor\codeigniter4\framework\system\Database\BaseConnection.php(652): CodeIgniter\Database\BaseConnection->simpleQuery('SELECT *
FROM `users`
WHERE `contact_no` = \'9122137559\'
AND `id` != \'10\'
 LIMIT 1')
 4 FCPATH\vendor\codeigniter4\framework\system\Database\BaseBuilder.php(1649): CodeIgniter\Database\BaseConnection->query('SELECT *
FROM `users`
WHERE `contact_no` = :contact_no:
AND `id` != :id:
 LIMIT 1', [...], false)
 5 FCPATH\vendor\codeigniter4\framework\system\Model.php(330): CodeIgniter\Database\BaseBuilder->get()
 6 FCPATH\vendor\codeigniter4\framework\system\BaseModel.php(713): CodeIgniter\Model->doFirst()
 7 APPPATH\Controllers\Auth.php(114): CodeIgniter\BaseModel->first()
 8 FCPATH\vendor\codeigniter4\framework\system\CodeIgniter.php(933): App\Controllers\Auth->update_profile()
 9 FCPATH\vendor\codeigniter4\framework\system\CodeIgniter.php(507): CodeIgniter\CodeIgniter->runController(Object(App\Controllers\Auth))
10 FCPATH\vendor\codeigniter4\framework\system\CodeIgniter.php(354): CodeIgniter\CodeIgniter->handleRequest(null, Object(Config\Cache), false)
11 SYSTEMPATH\Boot.php(334): CodeIgniter\CodeIgniter->run()
12 SYSTEMPATH\Boot.php(67): CodeIgniter\Boot::runCodeIgniter(Object(CodeIgniter\CodeIgniter))
13 FCPATH\index.php(56): CodeIgniter\Boot::bootWeb(Object(Config\Paths))
ERROR - 2025-09-10 12:09:05 --> mysqli_sql_exception: Unknown column 'id' in 'where clause' in C:\xampp\htdocs\Bus-Reservation-System\vendor\codeigniter4\framework\system\Database\MySQLi\Connection.php:327
Stack trace:
#0 C:\xampp\htdocs\Bus-Reservation-System\vendor\codeigniter4\framework\system\Database\MySQLi\Connection.php(327): mysqli->query('SELECT *\nFROM `...', 0)
#1 C:\xampp\htdocs\Bus-Reservation-System\vendor\codeigniter4\framework\system\Database\BaseConnection.php(738): CodeIgniter\Database\MySQLi\Connection->execute('SELECT *\nFROM `...')
#2 C:\xampp\htdocs\Bus-Reservation-System\vendor\codeigniter4\framework\system\Database\BaseConnection.php(652): CodeIgniter\Database\BaseConnection->simpleQuery('SELECT *\nFROM `...')
#3 C:\xampp\htdocs\Bus-Reservation-System\vendor\codeigniter4\framework\system\Database\BaseBuilder.php(1649): CodeIgniter\Database\BaseConnection->query('SELECT *\nFROM `...', Array, false)
#4 C:\xampp\htdocs\Bus-Reservation-System\vendor\codeigniter4\framework\system\Model.php(330): CodeIgniter\Database\BaseBuilder->get()
#5 C:\xampp\htdocs\Bus-Reservation-System\vendor\codeigniter4\framework\system\BaseModel.php(713): CodeIgniter\Model->doFirst()
#6 C:\xampp\htdocs\Bus-Reservation-System\app\Controllers\Auth.php(114): CodeIgniter\BaseModel->first()
#7 C:\xampp\htdocs\Bus-Reservation-System\vendor\codeigniter4\framework\system\CodeIgniter.php(933): App\Controllers\Auth->update_profile()
#8 C:\xampp\htdocs\Bus-Reservation-System\vendor\codeigniter4\framework\system\CodeIgniter.php(507): CodeIgniter\CodeIgniter->runController(Object(App\Controllers\Auth))
#9 C:\xampp\htdocs\Bus-Reservation-System\vendor\codeigniter4\framework\system\CodeIgniter.php(354): CodeIgniter\CodeIgniter->handleRequest(NULL, Object(Config\Cache), false)
#10 C:\xampp\htdocs\Bus-Reservation-System\system\Boot.php(334): CodeIgniter\CodeIgniter->run()
#11 C:\xampp\htdocs\Bus-Reservation-System\system\Boot.php(67): CodeIgniter\Boot::runCodeIgniter(Object(CodeIgniter\CodeIgniter))
#12 C:\xampp\htdocs\Bus-Reservation-System\index.php(56): CodeIgniter\Boot::bootWeb(Object(Config\Paths))
#13 {main}
CRITICAL - 2025-09-10 12:09:05 --> CodeIgniter\Database\Exceptions\DatabaseException: Unknown column 'id' in 'where clause'
[Method: POST, Route: update_profile]
in FCPATH\vendor\codeigniter4\framework\system\Database\BaseConnection.php on line 692.
 1 FCPATH\vendor\codeigniter4\framework\system\Database\BaseBuilder.php(1649): CodeIgniter\Database\BaseConnection->query('SELECT *
FROM `users`
WHERE `contact_no` = :contact_no:
AND `id` != :id:
 LIMIT 1', [...], false)
 2 FCPATH\vendor\codeigniter4\framework\system\Model.php(330): CodeIgniter\Database\BaseBuilder->get()
 3 FCPATH\vendor\codeigniter4\framework\system\BaseModel.php(713): CodeIgniter\Model->doFirst()
 4 APPPATH\Controllers\Auth.php(114): CodeIgniter\BaseModel->first()
 5 FCPATH\vendor\codeigniter4\framework\system\CodeIgniter.php(933): App\Controllers\Auth->update_profile()
 6 FCPATH\vendor\codeigniter4\framework\system\CodeIgniter.php(507): CodeIgniter\CodeIgniter->runController(Object(App\Controllers\Auth))
 7 FCPATH\vendor\codeigniter4\framework\system\CodeIgniter.php(354): CodeIgniter\CodeIgniter->handleRequest(null, Object(Config\Cache), false)
 8 SYSTEMPATH\Boot.php(334): CodeIgniter\CodeIgniter->run()
 9 SYSTEMPATH\Boot.php(67): CodeIgniter\Boot::runCodeIgniter(Object(CodeIgniter\CodeIgniter))
10 FCPATH\index.php(56): CodeIgniter\Boot::bootWeb(Object(Config\Paths))
CRITICAL - 2025-09-10 12:09:05 --> [Caused by] CodeIgniter\Database\Exceptions\DatabaseException: Unknown column 'id' in 'where clause'
in FCPATH\vendor\codeigniter4\framework\system\Database\MySQLi\Connection.php on line 332.
 1 FCPATH\vendor\codeigniter4\framework\system\Database\BaseConnection.php(738): CodeIgniter\Database\MySQLi\Connection->execute('SELECT *
FROM `users`
WHERE `contact_no` = \'9122137559\'
AND `id` != \'10\'
 LIMIT 1')
 2 FCPATH\vendor\codeigniter4\framework\system\Database\BaseConnection.php(652): CodeIgniter\Database\BaseConnection->simpleQuery('SELECT *
FROM `users`
WHERE `contact_no` = \'9122137559\'
AND `id` != \'10\'
 LIMIT 1')
 3 FCPATH\vendor\codeigniter4\framework\system\Database\BaseBuilder.php(1649): CodeIgniter\Database\BaseConnection->query('SELECT *
FROM `users`
WHERE `contact_no` = :contact_no:
AND `id` != :id:
 LIMIT 1', [...], false)
 4 FCPATH\vendor\codeigniter4\framework\system\Model.php(330): CodeIgniter\Database\BaseBuilder->get()
 5 FCPATH\vendor\codeigniter4\framework\system\BaseModel.php(713): CodeIgniter\Model->doFirst()
 6 APPPATH\Controllers\Auth.php(114): CodeIgniter\BaseModel->first()
 7 FCPATH\vendor\codeigniter4\framework\system\CodeIgniter.php(933): App\Controllers\Auth->update_profile()
 8 FCPATH\vendor\codeigniter4\framework\system\CodeIgniter.php(507): CodeIgniter\CodeIgniter->runController(Object(App\Controllers\Auth))
 9 FCPATH\vendor\codeigniter4\framework\system\CodeIgniter.php(354): CodeIgniter\CodeIgniter->handleRequest(null, Object(Config\Cache), false)
10 SYSTEMPATH\Boot.php(334): CodeIgniter\CodeIgniter->run()
11 SYSTEMPATH\Boot.php(67): CodeIgniter\Boot::runCodeIgniter(Object(CodeIgniter\CodeIgniter))
12 FCPATH\index.php(56): CodeIgniter\Boot::bootWeb(Object(Config\Paths))
CRITICAL - 2025-09-10 12:09:05 --> [Caused by] mysqli_sql_exception: Unknown column 'id' in 'where clause'
in FCPATH\vendor\codeigniter4\framework\system\Database\MySQLi\Connection.php on line 327.
 1 FCPATH\vendor\codeigniter4\framework\system\Database\MySQLi\Connection.php(327): mysqli->query('SELECT *
FROM `users`
WHERE `contact_no` = \'9122137559\'
AND `id` != \'10\'
 LIMIT 1', 0)
 2 FCPATH\vendor\codeigniter4\framework\system\Database\BaseConnection.php(738): CodeIgniter\Database\MySQLi\Connection->execute('SELECT *
FROM `users`
WHERE `contact_no` = \'9122137559\'
AND `id` != \'10\'
 LIMIT 1')
 3 FCPATH\vendor\codeigniter4\framework\system\Database\BaseConnection.php(652): CodeIgniter\Database\BaseConnection->simpleQuery('SELECT *
FROM `users`
WHERE `contact_no` = \'9122137559\'
AND `id` != \'10\'
 LIMIT 1')
 4 FCPATH\vendor\codeigniter4\framework\system\Database\BaseBuilder.php(1649): CodeIgniter\Database\BaseConnection->query('SELECT *
FROM `users`
WHERE `contact_no` = :contact_no:
AND `id` != :id:
 LIMIT 1', [...], false)
 5 FCPATH\vendor\codeigniter4\framework\system\Model.php(330): CodeIgniter\Database\BaseBuilder->get()
 6 FCPATH\vendor\codeigniter4\framework\system\BaseModel.php(713): CodeIgniter\Model->doFirst()
 7 APPPATH\Controllers\Auth.php(114): CodeIgniter\BaseModel->first()
 8 FCPATH\vendor\codeigniter4\framework\system\CodeIgniter.php(933): App\Controllers\Auth->update_profile()
 9 FCPATH\vendor\codeigniter4\framework\system\CodeIgniter.php(507): CodeIgniter\CodeIgniter->runController(Object(App\Controllers\Auth))
10 FCPATH\vendor\codeigniter4\framework\system\CodeIgniter.php(354): CodeIgniter\CodeIgniter->handleRequest(null, Object(Config\Cache), false)
11 SYSTEMPATH\Boot.php(334): CodeIgniter\CodeIgniter->run()
12 SYSTEMPATH\Boot.php(67): CodeIgniter\Boot::runCodeIgniter(Object(CodeIgniter\CodeIgniter))
13 FCPATH\index.php(56): CodeIgniter\Boot::bootWeb(Object(Config\Paths))
ERROR - 2025-09-10 12:15:06 --> mysqli_sql_exception: Unknown column 'id' in 'where clause' in C:\xampp\htdocs\Bus-Reservation-System\vendor\codeigniter4\framework\system\Database\MySQLi\Connection.php:327
Stack trace:
#0 C:\xampp\htdocs\Bus-Reservation-System\vendor\codeigniter4\framework\system\Database\MySQLi\Connection.php(327): mysqli->query('SELECT *\nFROM `...', 0)
#1 C:\xampp\htdocs\Bus-Reservation-System\vendor\codeigniter4\framework\system\Database\BaseConnection.php(738): CodeIgniter\Database\MySQLi\Connection->execute('SELECT *\nFROM `...')
#2 C:\xampp\htdocs\Bus-Reservation-System\vendor\codeigniter4\framework\system\Database\BaseConnection.php(652): CodeIgniter\Database\BaseConnection->simpleQuery('SELECT *\nFROM `...')
#3 C:\xampp\htdocs\Bus-Reservation-System\vendor\codeigniter4\framework\system\Database\BaseBuilder.php(1649): CodeIgniter\Database\BaseConnection->query('SELECT *\nFROM `...', Array, false)
#4 C:\xampp\htdocs\Bus-Reservation-System\vendor\codeigniter4\framework\system\Model.php(330): CodeIgniter\Database\BaseBuilder->get()
#5 C:\xampp\htdocs\Bus-Reservation-System\vendor\codeigniter4\framework\system\BaseModel.php(713): CodeIgniter\Model->doFirst()
#6 C:\xampp\htdocs\Bus-Reservation-System\app\Controllers\Auth.php(114): CodeIgniter\BaseModel->first()
#7 C:\xampp\htdocs\Bus-Reservation-System\vendor\codeigniter4\framework\system\CodeIgniter.php(933): App\Controllers\Auth->update_profile()
#8 C:\xampp\htdocs\Bus-Reservation-System\vendor\codeigniter4\framework\system\CodeIgniter.php(507): CodeIgniter\CodeIgniter->runController(Object(App\Controllers\Auth))
#9 C:\xampp\htdocs\Bus-Reservation-System\vendor\codeigniter4\framework\system\CodeIgniter.php(354): CodeIgniter\CodeIgniter->handleRequest(NULL, Object(Config\Cache), false)
#10 C:\xampp\htdocs\Bus-Reservation-System\system\Boot.php(334): CodeIgniter\CodeIgniter->run()
#11 C:\xampp\htdocs\Bus-Reservation-System\system\Boot.php(67): CodeIgniter\Boot::runCodeIgniter(Object(CodeIgniter\CodeIgniter))
#12 C:\xampp\htdocs\Bus-Reservation-System\index.php(56): CodeIgniter\Boot::bootWeb(Object(Config\Paths))
#13 {main}
CRITICAL - 2025-09-10 12:15:06 --> CodeIgniter\Database\Exceptions\DatabaseException: Unknown column 'id' in 'where clause'
[Method: POST, Route: update_profile]
in FCPATH\vendor\codeigniter4\framework\system\Database\BaseConnection.php on line 692.
 1 FCPATH\vendor\codeigniter4\framework\system\Database\BaseBuilder.php(1649): CodeIgniter\Database\BaseConnection->query('SELECT *
FROM `users`
WHERE `contact_no` = :contact_no:
AND `id` != :id:
 LIMIT 1', [...], false)
 2 FCPATH\vendor\codeigniter4\framework\system\Model.php(330): CodeIgniter\Database\BaseBuilder->get()
 3 FCPATH\vendor\codeigniter4\framework\system\BaseModel.php(713): CodeIgniter\Model->doFirst()
 4 APPPATH\Controllers\Auth.php(114): CodeIgniter\BaseModel->first()
 5 FCPATH\vendor\codeigniter4\framework\system\CodeIgniter.php(933): App\Controllers\Auth->update_profile()
 6 FCPATH\vendor\codeigniter4\framework\system\CodeIgniter.php(507): CodeIgniter\CodeIgniter->runController(Object(App\Controllers\Auth))
 7 FCPATH\vendor\codeigniter4\framework\system\CodeIgniter.php(354): CodeIgniter\CodeIgniter->handleRequest(null, Object(Config\Cache), false)
 8 SYSTEMPATH\Boot.php(334): CodeIgniter\CodeIgniter->run()
 9 SYSTEMPATH\Boot.php(67): CodeIgniter\Boot::runCodeIgniter(Object(CodeIgniter\CodeIgniter))
10 FCPATH\index.php(56): CodeIgniter\Boot::bootWeb(Object(Config\Paths))
CRITICAL - 2025-09-10 12:15:06 --> [Caused by] CodeIgniter\Database\Exceptions\DatabaseException: Unknown column 'id' in 'where clause'
in FCPATH\vendor\codeigniter4\framework\system\Database\MySQLi\Connection.php on line 332.
 1 FCPATH\vendor\codeigniter4\framework\system\Database\BaseConnection.php(738): CodeIgniter\Database\MySQLi\Connection->execute('SELECT *
FROM `users`
WHERE `contact_no` = \'9122137559\'
AND `id` != \'10\'
 LIMIT 1')
 2 FCPATH\vendor\codeigniter4\framework\system\Database\BaseConnection.php(652): CodeIgniter\Database\BaseConnection->simpleQuery('SELECT *
FROM `users`
WHERE `contact_no` = \'9122137559\'
AND `id` != \'10\'
 LIMIT 1')
 3 FCPATH\vendor\codeigniter4\framework\system\Database\BaseBuilder.php(1649): CodeIgniter\Database\BaseConnection->query('SELECT *
FROM `users`
WHERE `contact_no` = :contact_no:
AND `id` != :id:
 LIMIT 1', [...], false)
 4 FCPATH\vendor\codeigniter4\framework\system\Model.php(330): CodeIgniter\Database\BaseBuilder->get()
 5 FCPATH\vendor\codeigniter4\framework\system\BaseModel.php(713): CodeIgniter\Model->doFirst()
 6 APPPATH\Controllers\Auth.php(114): CodeIgniter\BaseModel->first()
 7 FCPATH\vendor\codeigniter4\framework\system\CodeIgniter.php(933): App\Controllers\Auth->update_profile()
 8 FCPATH\vendor\codeigniter4\framework\system\CodeIgniter.php(507): CodeIgniter\CodeIgniter->runController(Object(App\Controllers\Auth))
 9 FCPATH\vendor\codeigniter4\framework\system\CodeIgniter.php(354): CodeIgniter\CodeIgniter->handleRequest(null, Object(Config\Cache), false)
10 SYSTEMPATH\Boot.php(334): CodeIgniter\CodeIgniter->run()
11 SYSTEMPATH\Boot.php(67): CodeIgniter\Boot::runCodeIgniter(Object(CodeIgniter\CodeIgniter))
12 FCPATH\index.php(56): CodeIgniter\Boot::bootWeb(Object(Config\Paths))
CRITICAL - 2025-09-10 12:15:06 --> [Caused by] mysqli_sql_exception: Unknown column 'id' in 'where clause'
in FCPATH\vendor\codeigniter4\framework\system\Database\MySQLi\Connection.php on line 327.
 1 FCPATH\vendor\codeigniter4\framework\system\Database\MySQLi\Connection.php(327): mysqli->query('SELECT *
FROM `users`
WHERE `contact_no` = \'9122137559\'
AND `id` != \'10\'
 LIMIT 1', 0)
 2 FCPATH\vendor\codeigniter4\framework\system\Database\BaseConnection.php(738): CodeIgniter\Database\MySQLi\Connection->execute('SELECT *
FROM `users`
WHERE `contact_no` = \'9122137559\'
AND `id` != \'10\'
 LIMIT 1')
 3 FCPATH\vendor\codeigniter4\framework\system\Database\BaseConnection.php(652): CodeIgniter\Database\BaseConnection->simpleQuery('SELECT *
FROM `users`
WHERE `contact_no` = \'9122137559\'
AND `id` != \'10\'
 LIMIT 1')
 4 FCPATH\vendor\codeigniter4\framework\system\Database\BaseBuilder.php(1649): CodeIgniter\Database\BaseConnection->query('SELECT *
FROM `users`
WHERE `contact_no` = :contact_no:
AND `id` != :id:
 LIMIT 1', [...], false)
 5 FCPATH\vendor\codeigniter4\framework\system\Model.php(330): CodeIgniter\Database\BaseBuilder->get()
 6 FCPATH\vendor\codeigniter4\framework\system\BaseModel.php(713): CodeIgniter\Model->doFirst()
 7 APPPATH\Controllers\Auth.php(114): CodeIgniter\BaseModel->first()
 8 FCPATH\vendor\codeigniter4\framework\system\CodeIgniter.php(933): App\Controllers\Auth->update_profile()
 9 FCPATH\vendor\codeigniter4\framework\system\CodeIgniter.php(507): CodeIgniter\CodeIgniter->runController(Object(App\Controllers\Auth))
10 FCPATH\vendor\codeigniter4\framework\system\CodeIgniter.php(354): CodeIgniter\CodeIgniter->handleRequest(null, Object(Config\Cache), false)
11 SYSTEMPATH\Boot.php(334): CodeIgniter\CodeIgniter->run()
12 SYSTEMPATH\Boot.php(67): CodeIgniter\Boot::runCodeIgniter(Object(CodeIgniter\CodeIgniter))
13 FCPATH\index.php(56): CodeIgniter\Boot::bootWeb(Object(Config\Paths))
ERROR - 2025-09-10 12:19:11 --> mysqli_sql_exception: Unknown column 'user_id' in 'where clause' in C:\xampp\htdocs\Bus-Reservation-System\vendor\codeigniter4\framework\system\Database\MySQLi\Connection.php:327
Stack trace:
#0 C:\xampp\htdocs\Bus-Reservation-System\vendor\codeigniter4\framework\system\Database\MySQLi\Connection.php(327): mysqli->query('SELECT *\nFROM `...', 0)
#1 C:\xampp\htdocs\Bus-Reservation-System\vendor\codeigniter4\framework\system\Database\BaseConnection.php(738): CodeIgniter\Database\MySQLi\Connection->execute('SELECT *\nFROM `...')
#2 C:\xampp\htdocs\Bus-Reservation-System\vendor\codeigniter4\framework\system\Database\BaseConnection.php(652): CodeIgniter\Database\BaseConnection->simpleQuery('SELECT *\nFROM `...')
#3 C:\xampp\htdocs\Bus-Reservation-System\vendor\codeigniter4\framework\system\Database\BaseBuilder.php(1649): CodeIgniter\Database\BaseConnection->query('SELECT *\nFROM `...', Array, false)
#4 C:\xampp\htdocs\Bus-Reservation-System\vendor\codeigniter4\framework\system\Model.php(330): CodeIgniter\Database\BaseBuilder->get()
#5 C:\xampp\htdocs\Bus-Reservation-System\vendor\codeigniter4\framework\system\BaseModel.php(713): CodeIgniter\Model->doFirst()
#6 C:\xampp\htdocs\Bus-Reservation-System\app\Controllers\Auth.php(114): CodeIgniter\BaseModel->first()
#7 C:\xampp\htdocs\Bus-Reservation-System\vendor\codeigniter4\framework\system\CodeIgniter.php(933): App\Controllers\Auth->update_profile()
#8 C:\xampp\htdocs\Bus-Reservation-System\vendor\codeigniter4\framework\system\CodeIgniter.php(507): CodeIgniter\CodeIgniter->runController(Object(App\Controllers\Auth))
#9 C:\xampp\htdocs\Bus-Reservation-System\vendor\codeigniter4\framework\system\CodeIgniter.php(354): CodeIgniter\CodeIgniter->handleRequest(NULL, Object(Config\Cache), false)
#10 C:\xampp\htdocs\Bus-Reservation-System\system\Boot.php(334): CodeIgniter\CodeIgniter->run()
#11 C:\xampp\htdocs\Bus-Reservation-System\system\Boot.php(67): CodeIgniter\Boot::runCodeIgniter(Object(CodeIgniter\CodeIgniter))
#12 C:\xampp\htdocs\Bus-Reservation-System\index.php(56): CodeIgniter\Boot::bootWeb(Object(Config\Paths))
#13 {main}
CRITICAL - 2025-09-10 12:19:11 --> CodeIgniter\Database\Exceptions\DatabaseException: Unknown column 'user_id' in 'where clause'
[Method: POST, Route: update_profile]
in FCPATH\vendor\codeigniter4\framework\system\Database\BaseConnection.php on line 692.
 1 FCPATH\vendor\codeigniter4\framework\system\Database\BaseBuilder.php(1649): CodeIgniter\Database\BaseConnection->query('SELECT *
FROM `users`
WHERE `contact_no` = :contact_no:
AND `user_id` != :user_id:
 LIMIT 1', [...], false)
 2 FCPATH\vendor\codeigniter4\framework\system\Model.php(330): CodeIgniter\Database\BaseBuilder->get()
 3 FCPATH\vendor\codeigniter4\framework\system\BaseModel.php(713): CodeIgniter\Model->doFirst()
 4 APPPATH\Controllers\Auth.php(114): CodeIgniter\BaseModel->first()
 5 FCPATH\vendor\codeigniter4\framework\system\CodeIgniter.php(933): App\Controllers\Auth->update_profile()
 6 FCPATH\vendor\codeigniter4\framework\system\CodeIgniter.php(507): CodeIgniter\CodeIgniter->runController(Object(App\Controllers\Auth))
 7 FCPATH\vendor\codeigniter4\framework\system\CodeIgniter.php(354): CodeIgniter\CodeIgniter->handleRequest(null, Object(Config\Cache), false)
 8 SYSTEMPATH\Boot.php(334): CodeIgniter\CodeIgniter->run()
 9 SYSTEMPATH\Boot.php(67): CodeIgniter\Boot::runCodeIgniter(Object(CodeIgniter\CodeIgniter))
10 FCPATH\index.php(56): CodeIgniter\Boot::bootWeb(Object(Config\Paths))
CRITICAL - 2025-09-10 12:19:11 --> [Caused by] CodeIgniter\Database\Exceptions\DatabaseException: Unknown column 'user_id' in 'where clause'
in FCPATH\vendor\codeigniter4\framework\system\Database\MySQLi\Connection.php on line 332.
 1 FCPATH\vendor\codeigniter4\framework\system\Database\BaseConnection.php(738): CodeIgniter\Database\MySQLi\Connection->execute('SELECT *
FROM `users`
WHERE `contact_no` = \'9122137559\'
AND `user_id` != \'10\'
 LIMIT 1')
 2 FCPATH\vendor\codeigniter4\framework\system\Database\BaseConnection.php(652): CodeIgniter\Database\BaseConnection->simpleQuery('SELECT *
FROM `users`
WHERE `contact_no` = \'9122137559\'
AND `user_id` != \'10\'
 LIMIT 1')
 3 FCPATH\vendor\codeigniter4\framework\system\Database\BaseBuilder.php(1649): CodeIgniter\Database\BaseConnection->query('SELECT *
FROM `users`
WHERE `contact_no` = :contact_no:
AND `user_id` != :user_id:
 LIMIT 1', [...], false)
 4 FCPATH\vendor\codeigniter4\framework\system\Model.php(330): CodeIgniter\Database\BaseBuilder->get()
 5 FCPATH\vendor\codeigniter4\framework\system\BaseModel.php(713): CodeIgniter\Model->doFirst()
 6 APPPATH\Controllers\Auth.php(114): CodeIgniter\BaseModel->first()
 7 FCPATH\vendor\codeigniter4\framework\system\CodeIgniter.php(933): App\Controllers\Auth->update_profile()
 8 FCPATH\vendor\codeigniter4\framework\system\CodeIgniter.php(507): CodeIgniter\CodeIgniter->runController(Object(App\Controllers\Auth))
 9 FCPATH\vendor\codeigniter4\framework\system\CodeIgniter.php(354): CodeIgniter\CodeIgniter->handleRequest(null, Object(Config\Cache), false)
10 SYSTEMPATH\Boot.php(334): CodeIgniter\CodeIgniter->run()
11 SYSTEMPATH\Boot.php(67): CodeIgniter\Boot::runCodeIgniter(Object(CodeIgniter\CodeIgniter))
12 FCPATH\index.php(56): CodeIgniter\Boot::bootWeb(Object(Config\Paths))
CRITICAL - 2025-09-10 12:19:11 --> [Caused by] mysqli_sql_exception: Unknown column 'user_id' in 'where clause'
in FCPATH\vendor\codeigniter4\framework\system\Database\MySQLi\Connection.php on line 327.
 1 FCPATH\vendor\codeigniter4\framework\system\Database\MySQLi\Connection.php(327): mysqli->query('SELECT *
FROM `users`
WHERE `contact_no` = \'9122137559\'
AND `user_id` != \'10\'
 LIMIT 1', 0)
 2 FCPATH\vendor\codeigniter4\framework\system\Database\BaseConnection.php(738): CodeIgniter\Database\MySQLi\Connection->execute('SELECT *
FROM `users`
WHERE `contact_no` = \'9122137559\'
AND `user_id` != \'10\'
 LIMIT 1')
 3 FCPATH\vendor\codeigniter4\framework\system\Database\BaseConnection.php(652): CodeIgniter\Database\BaseConnection->simpleQuery('SELECT *
FROM `users`
WHERE `contact_no` = \'9122137559\'
AND `user_id` != \'10\'
 LIMIT 1')
 4 FCPATH\vendor\codeigniter4\framework\system\Database\BaseBuilder.php(1649): CodeIgniter\Database\BaseConnection->query('SELECT *
FROM `users`
WHERE `contact_no` = :contact_no:
AND `user_id` != :user_id:
 LIMIT 1', [...], false)
 5 FCPATH\vendor\codeigniter4\framework\system\Model.php(330): CodeIgniter\Database\BaseBuilder->get()
 6 FCPATH\vendor\codeigniter4\framework\system\BaseModel.php(713): CodeIgniter\Model->doFirst()
 7 APPPATH\Controllers\Auth.php(114): CodeIgniter\BaseModel->first()
 8 FCPATH\vendor\codeigniter4\framework\system\CodeIgniter.php(933): App\Controllers\Auth->update_profile()
 9 FCPATH\vendor\codeigniter4\framework\system\CodeIgniter.php(507): CodeIgniter\CodeIgniter->runController(Object(App\Controllers\Auth))
10 FCPATH\vendor\codeigniter4\framework\system\CodeIgniter.php(354): CodeIgniter\CodeIgniter->handleRequest(null, Object(Config\Cache), false)
11 SYSTEMPATH\Boot.php(334): CodeIgniter\CodeIgniter->run()
12 SYSTEMPATH\Boot.php(67): CodeIgniter\Boot::runCodeIgniter(Object(CodeIgniter\CodeIgniter))
13 FCPATH\index.php(56): CodeIgniter\Boot::bootWeb(Object(Config\Paths))
ERROR - 2025-09-10 12:22:29 --> mysqli_sql_exception: Unknown column 'users.id' in 'where clause' in C:\xampp\htdocs\Bus-Reservation-System\vendor\codeigniter4\framework\system\Database\MySQLi\Connection.php:327
Stack trace:
#0 C:\xampp\htdocs\Bus-Reservation-System\vendor\codeigniter4\framework\system\Database\MySQLi\Connection.php(327): mysqli->query('UPDATE `users` ...', 0)
#1 C:\xampp\htdocs\Bus-Reservation-System\vendor\codeigniter4\framework\system\Database\BaseConnection.php(738): CodeIgniter\Database\MySQLi\Connection->execute('UPDATE `users` ...')
#2 C:\xampp\htdocs\Bus-Reservation-System\vendor\codeigniter4\framework\system\Database\BaseConnection.php(652): CodeIgniter\Database\BaseConnection->simpleQuery('UPDATE `users` ...')
#3 C:\xampp\htdocs\Bus-Reservation-System\vendor\codeigniter4\framework\system\Database\BaseBuilder.php(2521): CodeIgniter\Database\BaseConnection->query('UPDATE `users` ...', Array, false)
#4 C:\xampp\htdocs\Bus-Reservation-System\vendor\codeigniter4\framework\system\Model.php(461): CodeIgniter\Database\BaseBuilder->update()
#5 C:\xampp\htdocs\Bus-Reservation-System\vendor\codeigniter4\framework\system\BaseModel.php(1027): CodeIgniter\Model->doUpdate(Array, Array)
#6 C:\xampp\htdocs\Bus-Reservation-System\vendor\codeigniter4\framework\system\Model.php(863): CodeIgniter\BaseModel->update(Array, Array)
#7 C:\xampp\htdocs\Bus-Reservation-System\app\Controllers\Auth.php(137): CodeIgniter\Model->update('10', Array)
#8 C:\xampp\htdocs\Bus-Reservation-System\vendor\codeigniter4\framework\system\CodeIgniter.php(933): App\Controllers\Auth->update_profile()
#9 C:\xampp\htdocs\Bus-Reservation-System\vendor\codeigniter4\framework\system\CodeIgniter.php(507): CodeIgniter\CodeIgniter->runController(Object(App\Controllers\Auth))
#10 C:\xampp\htdocs\Bus-Reservation-System\vendor\codeigniter4\framework\system\CodeIgniter.php(354): CodeIgniter\CodeIgniter->handleRequest(NULL, Object(Config\Cache), false)
#11 C:\xampp\htdocs\Bus-Reservation-System\system\Boot.php(334): CodeIgniter\CodeIgniter->run()
#12 C:\xampp\htdocs\Bus-Reservation-System\system\Boot.php(67): CodeIgniter\Boot::runCodeIgniter(Object(CodeIgniter\CodeIgniter))
#13 C:\xampp\htdocs\Bus-Reservation-System\index.php(56): CodeIgniter\Boot::bootWeb(Object(Config\Paths))
#14 {main}
CRITICAL - 2025-09-10 12:22:29 --> CodeIgniter\Database\Exceptions\DatabaseException: Unknown column 'users.id' in 'where clause'
[Method: POST, Route: update_profile]
in FCPATH\vendor\codeigniter4\framework\system\Database\BaseConnection.php on line 692.
 1 FCPATH\vendor\codeigniter4\framework\system\Database\BaseBuilder.php(2521): CodeIgniter\Database\BaseConnection->query('UPDATE `users` SET `name` = :name:, `contact_no` = :contact_no:, `email` = :email:, `updated_at` = :updated_at:, `password` = :password:
WHERE `users`.`id` IN :users.id:', [...], false)
 2 FCPATH\vendor\codeigniter4\framework\system\Model.php(461): CodeIgniter\Database\BaseBuilder->update()
 3 FCPATH\vendor\codeigniter4\framework\system\BaseModel.php(1027): CodeIgniter\Model->doUpdate([...], [...])
 4 FCPATH\vendor\codeigniter4\framework\system\Model.php(863): CodeIgniter\BaseModel->update([...], [...])
 5 APPPATH\Controllers\Auth.php(137): CodeIgniter\Model->update('10', [...])
 6 FCPATH\vendor\codeigniter4\framework\system\CodeIgniter.php(933): App\Controllers\Auth->update_profile()
 7 FCPATH\vendor\codeigniter4\framework\system\CodeIgniter.php(507): CodeIgniter\CodeIgniter->runController(Object(App\Controllers\Auth))
 8 FCPATH\vendor\codeigniter4\framework\system\CodeIgniter.php(354): CodeIgniter\CodeIgniter->handleRequest(null, Object(Config\Cache), false)
 9 SYSTEMPATH\Boot.php(334): CodeIgniter\CodeIgniter->run()
10 SYSTEMPATH\Boot.php(67): CodeIgniter\Boot::runCodeIgniter(Object(CodeIgniter\CodeIgniter))
11 FCPATH\index.php(56): CodeIgniter\Boot::bootWeb(Object(Config\Paths))
CRITICAL - 2025-09-10 12:22:29 --> [Caused by] CodeIgniter\Database\Exceptions\DatabaseException: Unknown column 'users.id' in 'where clause'
in FCPATH\vendor\codeigniter4\framework\system\Database\MySQLi\Connection.php on line 332.
 1 FCPATH\vendor\codeigniter4\framework\system\Database\BaseConnection.php(738): CodeIgniter\Database\MySQLi\Connection->execute('UPDATE `users` SET `name` = \'Clarck Cruz\', `contact_no` = \'9122137559\', `email` = \'clarck@gmail.com\', `updated_at` = \'2025-09-10 12:22:29\', `password` = \'$2y$10$.LcCJHIIFV9gUiR7lTfQj.XN.ahqx2kLN9ROmxs0vmezCle3eZGkK\'
WHERE `users`.`id` IN (\'10\')')
 2 FCPATH\vendor\codeigniter4\framework\system\Database\BaseConnection.php(652): CodeIgniter\Database\BaseConnection->simpleQuery('UPDATE `users` SET `name` = \'Clarck Cruz\', `contact_no` = \'9122137559\', `email` = \'clarck@gmail.com\', `updated_at` = \'2025-09-10 12:22:29\', `password` = \'$2y$10$.LcCJHIIFV9gUiR7lTfQj.XN.ahqx2kLN9ROmxs0vmezCle3eZGkK\'
WHERE `users`.`id` IN (\'10\')')
 3 FCPATH\vendor\codeigniter4\framework\system\Database\BaseBuilder.php(2521): CodeIgniter\Database\BaseConnection->query('UPDATE `users` SET `name` = :name:, `contact_no` = :contact_no:, `email` = :email:, `updated_at` = :updated_at:, `password` = :password:
WHERE `users`.`id` IN :users.id:', [...], false)
 4 FCPATH\vendor\codeigniter4\framework\system\Model.php(461): CodeIgniter\Database\BaseBuilder->update()
 5 FCPATH\vendor\codeigniter4\framework\system\BaseModel.php(1027): CodeIgniter\Model->doUpdate([...], [...])
 6 FCPATH\vendor\codeigniter4\framework\system\Model.php(863): CodeIgniter\BaseModel->update([...], [...])
 7 APPPATH\Controllers\Auth.php(137): CodeIgniter\Model->update('10', [...])
 8 FCPATH\vendor\codeigniter4\framework\system\CodeIgniter.php(933): App\Controllers\Auth->update_profile()
 9 FCPATH\vendor\codeigniter4\framework\system\CodeIgniter.php(507): CodeIgniter\CodeIgniter->runController(Object(App\Controllers\Auth))
10 FCPATH\vendor\codeigniter4\framework\system\CodeIgniter.php(354): CodeIgniter\CodeIgniter->handleRequest(null, Object(Config\Cache), false)
11 SYSTEMPATH\Boot.php(334): CodeIgniter\CodeIgniter->run()
12 SYSTEMPATH\Boot.php(67): CodeIgniter\Boot::runCodeIgniter(Object(CodeIgniter\CodeIgniter))
13 FCPATH\index.php(56): CodeIgniter\Boot::bootWeb(Object(Config\Paths))
CRITICAL - 2025-09-10 12:22:29 --> [Caused by] mysqli_sql_exception: Unknown column 'users.id' in 'where clause'
in FCPATH\vendor\codeigniter4\framework\system\Database\MySQLi\Connection.php on line 327.
 1 FCPATH\vendor\codeigniter4\framework\system\Database\MySQLi\Connection.php(327): mysqli->query('UPDATE `users` SET `name` = \'Clarck Cruz\', `contact_no` = \'9122137559\', `email` = \'clarck@gmail.com\', `updated_at` = \'2025-09-10 12:22:29\', `password` = \'$2y$10$.LcCJHIIFV9gUiR7lTfQj.XN.ahqx2kLN9ROmxs0vmezCle3eZGkK\'
WHERE `users`.`id` IN (\'10\')', 0)
 2 FCPATH\vendor\codeigniter4\framework\system\Database\BaseConnection.php(738): CodeIgniter\Database\MySQLi\Connection->execute('UPDATE `users` SET `name` = \'Clarck Cruz\', `contact_no` = \'9122137559\', `email` = \'clarck@gmail.com\', `updated_at` = \'2025-09-10 12:22:29\', `password` = \'$2y$10$.LcCJHIIFV9gUiR7lTfQj.XN.ahqx2kLN9ROmxs0vmezCle3eZGkK\'
WHERE `users`.`id` IN (\'10\')')
 3 FCPATH\vendor\codeigniter4\framework\system\Database\BaseConnection.php(652): CodeIgniter\Database\BaseConnection->simpleQuery('UPDATE `users` SET `name` = \'Clarck Cruz\', `contact_no` = \'9122137559\', `email` = \'clarck@gmail.com\', `updated_at` = \'2025-09-10 12:22:29\', `password` = \'$2y$10$.LcCJHIIFV9gUiR7lTfQj.XN.ahqx2kLN9ROmxs0vmezCle3eZGkK\'
WHERE `users`.`id` IN (\'10\')')
 4 FCPATH\vendor\codeigniter4\framework\system\Database\BaseBuilder.php(2521): CodeIgniter\Database\BaseConnection->query('UPDATE `users` SET `name` = :name:, `contact_no` = :contact_no:, `email` = :email:, `updated_at` = :updated_at:, `password` = :password:
WHERE `users`.`id` IN :users.id:', [...], false)
 5 FCPATH\vendor\codeigniter4\framework\system\Model.php(461): CodeIgniter\Database\BaseBuilder->update()
 6 FCPATH\vendor\codeigniter4\framework\system\BaseModel.php(1027): CodeIgniter\Model->doUpdate([...], [...])
 7 FCPATH\vendor\codeigniter4\framework\system\Model.php(863): CodeIgniter\BaseModel->update([...], [...])
 8 APPPATH\Controllers\Auth.php(137): CodeIgniter\Model->update('10', [...])
 9 FCPATH\vendor\codeigniter4\framework\system\CodeIgniter.php(933): App\Controllers\Auth->update_profile()
10 FCPATH\vendor\codeigniter4\framework\system\CodeIgniter.php(507): CodeIgniter\CodeIgniter->runController(Object(App\Controllers\Auth))
11 FCPATH\vendor\codeigniter4\framework\system\CodeIgniter.php(354): CodeIgniter\CodeIgniter->handleRequest(null, Object(Config\Cache), false)
12 SYSTEMPATH\Boot.php(334): CodeIgniter\CodeIgniter->run()
13 SYSTEMPATH\Boot.php(67): CodeIgniter\Boot::runCodeIgniter(Object(CodeIgniter\CodeIgniter))
14 FCPATH\index.php(56): CodeIgniter\Boot::bootWeb(Object(Config\Paths))
ERROR - 2025-09-10 12:34:47 --> mysqli_sql_exception: Unknown column 'users.id' in 'where clause' in C:\xampp\htdocs\Bus-Reservation-System\vendor\codeigniter4\framework\system\Database\MySQLi\Connection.php:327
Stack trace:
#0 C:\xampp\htdocs\Bus-Reservation-System\vendor\codeigniter4\framework\system\Database\MySQLi\Connection.php(327): mysqli->query('UPDATE `users` ...', 0)
#1 C:\xampp\htdocs\Bus-Reservation-System\vendor\codeigniter4\framework\system\Database\BaseConnection.php(738): CodeIgniter\Database\MySQLi\Connection->execute('UPDATE `users` ...')
#2 C:\xampp\htdocs\Bus-Reservation-System\vendor\codeigniter4\framework\system\Database\BaseConnection.php(652): CodeIgniter\Database\BaseConnection->simpleQuery('UPDATE `users` ...')
#3 C:\xampp\htdocs\Bus-Reservation-System\vendor\codeigniter4\framework\system\Database\BaseBuilder.php(2521): CodeIgniter\Database\BaseConnection->query('UPDATE `users` ...', Array, false)
#4 C:\xampp\htdocs\Bus-Reservation-System\vendor\codeigniter4\framework\system\Model.php(461): CodeIgniter\Database\BaseBuilder->update()
#5 C:\xampp\htdocs\Bus-Reservation-System\vendor\codeigniter4\framework\system\BaseModel.php(1027): CodeIgniter\Model->doUpdate(Array, Array)
#6 C:\xampp\htdocs\Bus-Reservation-System\vendor\codeigniter4\framework\system\Model.php(863): CodeIgniter\BaseModel->update(Array, Array)
#7 C:\xampp\htdocs\Bus-Reservation-System\app\Controllers\Auth.php(137): CodeIgniter\Model->update('10', Array)
#8 C:\xampp\htdocs\Bus-Reservation-System\vendor\codeigniter4\framework\system\CodeIgniter.php(933): App\Controllers\Auth->update_profile()
#9 C:\xampp\htdocs\Bus-Reservation-System\vendor\codeigniter4\framework\system\CodeIgniter.php(507): CodeIgniter\CodeIgniter->runController(Object(App\Controllers\Auth))
#10 C:\xampp\htdocs\Bus-Reservation-System\vendor\codeigniter4\framework\system\CodeIgniter.php(354): CodeIgniter\CodeIgniter->handleRequest(NULL, Object(Config\Cache), false)
#11 C:\xampp\htdocs\Bus-Reservation-System\system\Boot.php(334): CodeIgniter\CodeIgniter->run()
#12 C:\xampp\htdocs\Bus-Reservation-System\system\Boot.php(67): CodeIgniter\Boot::runCodeIgniter(Object(CodeIgniter\CodeIgniter))
#13 C:\xampp\htdocs\Bus-Reservation-System\index.php(56): CodeIgniter\Boot::bootWeb(Object(Config\Paths))
#14 {main}
CRITICAL - 2025-09-10 12:34:47 --> CodeIgniter\Database\Exceptions\DatabaseException: Unknown column 'users.id' in 'where clause'
[Method: POST, Route: update_profile]
in FCPATH\vendor\codeigniter4\framework\system\Database\BaseConnection.php on line 692.
 1 FCPATH\vendor\codeigniter4\framework\system\Database\BaseBuilder.php(2521): CodeIgniter\Database\BaseConnection->query('UPDATE `users` SET `name` = :name:, `contact_no` = :contact_no:, `email` = :email:, `updated_at` = :updated_at:, `password` = :password:
WHERE `users`.`id` IN :users.id:', [...], false)
 2 FCPATH\vendor\codeigniter4\framework\system\Model.php(461): CodeIgniter\Database\BaseBuilder->update()
 3 FCPATH\vendor\codeigniter4\framework\system\BaseModel.php(1027): CodeIgniter\Model->doUpdate([...], [...])
 4 FCPATH\vendor\codeigniter4\framework\system\Model.php(863): CodeIgniter\BaseModel->update([...], [...])
 5 APPPATH\Controllers\Auth.php(137): CodeIgniter\Model->update('10', [...])
 6 FCPATH\vendor\codeigniter4\framework\system\CodeIgniter.php(933): App\Controllers\Auth->update_profile()
 7 FCPATH\vendor\codeigniter4\framework\system\CodeIgniter.php(507): CodeIgniter\CodeIgniter->runController(Object(App\Controllers\Auth))
 8 FCPATH\vendor\codeigniter4\framework\system\CodeIgniter.php(354): CodeIgniter\CodeIgniter->handleRequest(null, Object(Config\Cache), false)
 9 SYSTEMPATH\Boot.php(334): CodeIgniter\CodeIgniter->run()
10 SYSTEMPATH\Boot.php(67): CodeIgniter\Boot::runCodeIgniter(Object(CodeIgniter\CodeIgniter))
11 FCPATH\index.php(56): CodeIgniter\Boot::bootWeb(Object(Config\Paths))
CRITICAL - 2025-09-10 12:34:47 --> [Caused by] CodeIgniter\Database\Exceptions\DatabaseException: Unknown column 'users.id' in 'where clause'
in FCPATH\vendor\codeigniter4\framework\system\Database\MySQLi\Connection.php on line 332.
 1 FCPATH\vendor\codeigniter4\framework\system\Database\BaseConnection.php(738): CodeIgniter\Database\MySQLi\Connection->execute('UPDATE `users` SET `name` = \'Clarck Cruz\', `contact_no` = \'9122137559\', `email` = \'clarck@gmail.com\', `updated_at` = \'2025-09-10 12:34:47\', `password` = \'$2y$10$FQbfjMRtnq.bfhwXDrTYSeCb7HFQ898yfIVBHO3QTc11S37CdGHjm\'
WHERE `users`.`id` IN (\'10\')')
 2 FCPATH\vendor\codeigniter4\framework\system\Database\BaseConnection.php(652): CodeIgniter\Database\BaseConnection->simpleQuery('UPDATE `users` SET `name` = \'Clarck Cruz\', `contact_no` = \'9122137559\', `email` = \'clarck@gmail.com\', `updated_at` = \'2025-09-10 12:34:47\', `password` = \'$2y$10$FQbfjMRtnq.bfhwXDrTYSeCb7HFQ898yfIVBHO3QTc11S37CdGHjm\'
WHERE `users`.`id` IN (\'10\')')
 3 FCPATH\vendor\codeigniter4\framework\system\Database\BaseBuilder.php(2521): CodeIgniter\Database\BaseConnection->query('UPDATE `users` SET `name` = :name:, `contact_no` = :contact_no:, `email` = :email:, `updated_at` = :updated_at:, `password` = :password:
WHERE `users`.`id` IN :users.id:', [...], false)
 4 FCPATH\vendor\codeigniter4\framework\system\Model.php(461): CodeIgniter\Database\BaseBuilder->update()
 5 FCPATH\vendor\codeigniter4\framework\system\BaseModel.php(1027): CodeIgniter\Model->doUpdate([...], [...])
 6 FCPATH\vendor\codeigniter4\framework\system\Model.php(863): CodeIgniter\BaseModel->update([...], [...])
 7 APPPATH\Controllers\Auth.php(137): CodeIgniter\Model->update('10', [...])
 8 FCPATH\vendor\codeigniter4\framework\system\CodeIgniter.php(933): App\Controllers\Auth->update_profile()
 9 FCPATH\vendor\codeigniter4\framework\system\CodeIgniter.php(507): CodeIgniter\CodeIgniter->runController(Object(App\Controllers\Auth))
10 FCPATH\vendor\codeigniter4\framework\system\CodeIgniter.php(354): CodeIgniter\CodeIgniter->handleRequest(null, Object(Config\Cache), false)
11 SYSTEMPATH\Boot.php(334): CodeIgniter\CodeIgniter->run()
12 SYSTEMPATH\Boot.php(67): CodeIgniter\Boot::runCodeIgniter(Object(CodeIgniter\CodeIgniter))
13 FCPATH\index.php(56): CodeIgniter\Boot::bootWeb(Object(Config\Paths))
CRITICAL - 2025-09-10 12:34:47 --> [Caused by] mysqli_sql_exception: Unknown column 'users.id' in 'where clause'
in FCPATH\vendor\codeigniter4\framework\system\Database\MySQLi\Connection.php on line 327.
 1 FCPATH\vendor\codeigniter4\framework\system\Database\MySQLi\Connection.php(327): mysqli->query('UPDATE `users` SET `name` = \'Clarck Cruz\', `contact_no` = \'9122137559\', `email` = \'clarck@gmail.com\', `updated_at` = \'2025-09-10 12:34:47\', `password` = \'$2y$10$FQbfjMRtnq.bfhwXDrTYSeCb7HFQ898yfIVBHO3QTc11S37CdGHjm\'
WHERE `users`.`id` IN (\'10\')', 0)
 2 FCPATH\vendor\codeigniter4\framework\system\Database\BaseConnection.php(738): CodeIgniter\Database\MySQLi\Connection->execute('UPDATE `users` SET `name` = \'Clarck Cruz\', `contact_no` = \'9122137559\', `email` = \'clarck@gmail.com\', `updated_at` = \'2025-09-10 12:34:47\', `password` = \'$2y$10$FQbfjMRtnq.bfhwXDrTYSeCb7HFQ898yfIVBHO3QTc11S37CdGHjm\'
WHERE `users`.`id` IN (\'10\')')
 3 FCPATH\vendor\codeigniter4\framework\system\Database\BaseConnection.php(652): CodeIgniter\Database\BaseConnection->simpleQuery('UPDATE `users` SET `name` = \'Clarck Cruz\', `contact_no` = \'9122137559\', `email` = \'clarck@gmail.com\', `updated_at` = \'2025-09-10 12:34:47\', `password` = \'$2y$10$FQbfjMRtnq.bfhwXDrTYSeCb7HFQ898yfIVBHO3QTc11S37CdGHjm\'
WHERE `users`.`id` IN (\'10\')')
 4 FCPATH\vendor\codeigniter4\framework\system\Database\BaseBuilder.php(2521): CodeIgniter\Database\BaseConnection->query('UPDATE `users` SET `name` = :name:, `contact_no` = :contact_no:, `email` = :email:, `updated_at` = :updated_at:, `password` = :password:
WHERE `users`.`id` IN :users.id:', [...], false)
 5 FCPATH\vendor\codeigniter4\framework\system\Model.php(461): CodeIgniter\Database\BaseBuilder->update()
 6 FCPATH\vendor\codeigniter4\framework\system\BaseModel.php(1027): CodeIgniter\Model->doUpdate([...], [...])
 7 FCPATH\vendor\codeigniter4\framework\system\Model.php(863): CodeIgniter\BaseModel->update([...], [...])
 8 APPPATH\Controllers\Auth.php(137): CodeIgniter\Model->update('10', [...])
 9 FCPATH\vendor\codeigniter4\framework\system\CodeIgniter.php(933): App\Controllers\Auth->update_profile()
10 FCPATH\vendor\codeigniter4\framework\system\CodeIgniter.php(507): CodeIgniter\CodeIgniter->runController(Object(App\Controllers\Auth))
11 FCPATH\vendor\codeigniter4\framework\system\CodeIgniter.php(354): CodeIgniter\CodeIgniter->handleRequest(null, Object(Config\Cache), false)
12 SYSTEMPATH\Boot.php(334): CodeIgniter\CodeIgniter->run()
13 SYSTEMPATH\Boot.php(67): CodeIgniter\Boot::runCodeIgniter(Object(CodeIgniter\CodeIgniter))
14 FCPATH\index.php(56): CodeIgniter\Boot::bootWeb(Object(Config\Paths))
CRITICAL - 2025-09-10 12:42:39 --> ErrorException: Undefined array key "users_id"
[Method: GET, Route: /]
in APPPATH\Views\home.php on line 547.
 1 APPPATH\Views\home.php(547): CodeIgniter\Debug\Exceptions->errorHandler(2, 'Undefined array key "users_id"', 'C:\\xampp\\htdocs\\Bus-Reservation-System\\app\\Views\\home.php', 547)
 2 FCPATH\vendor\codeigniter4\framework\system\View\View.php(224): include('C:\\xampp\\htdocs\\Bus-Reservation-System\\app\\Views\\home.php')
 3 FCPATH\vendor\codeigniter4\framework\system\View\View.php(227): CodeIgniter\View\View->CodeIgniter\View\{closure}()
 4 SYSTEMPATH\Common.php(1173): CodeIgniter\View\View->render('home', [], true)
 5 APPPATH\Controllers\Home.php(18): view('home')
 6 FCPATH\vendor\codeigniter4\framework\system\CodeIgniter.php(933): App\Controllers\Home->index()
 7 FCPATH\vendor\codeigniter4\framework\system\CodeIgniter.php(507): CodeIgniter\CodeIgniter->runController(Object(App\Controllers\Home))
 8 FCPATH\vendor\codeigniter4\framework\system\CodeIgniter.php(354): CodeIgniter\CodeIgniter->handleRequest(null, Object(Config\Cache), false)
 9 SYSTEMPATH\Boot.php(334): CodeIgniter\CodeIgniter->run()
10 SYSTEMPATH\Boot.php(67): CodeIgniter\Boot::runCodeIgniter(Object(CodeIgniter\CodeIgniter))
11 FCPATH\index.php(56): CodeIgniter\Boot::bootWeb(Object(Config\Paths))
ERROR - 2025-09-10 13:04:10 --> mysqli_sql_exception: Unknown column 'users.id' in 'where clause' in C:\xampp\htdocs\Bus-Reservation-System\vendor\codeigniter4\framework\system\Database\MySQLi\Connection.php:327
Stack trace:
#0 C:\xampp\htdocs\Bus-Reservation-System\vendor\codeigniter4\framework\system\Database\MySQLi\Connection.php(327): mysqli->query('UPDATE `users` ...', 0)
#1 C:\xampp\htdocs\Bus-Reservation-System\vendor\codeigniter4\framework\system\Database\BaseConnection.php(738): CodeIgniter\Database\MySQLi\Connection->execute('UPDATE `users` ...')
#2 C:\xampp\htdocs\Bus-Reservation-System\vendor\codeigniter4\framework\system\Database\BaseConnection.php(652): CodeIgniter\Database\BaseConnection->simpleQuery('UPDATE `users` ...')
#3 C:\xampp\htdocs\Bus-Reservation-System\vendor\codeigniter4\framework\system\Database\BaseBuilder.php(2521): CodeIgniter\Database\BaseConnection->query('UPDATE `users` ...', Array, false)
#4 C:\xampp\htdocs\Bus-Reservation-System\vendor\codeigniter4\framework\system\Model.php(461): CodeIgniter\Database\BaseBuilder->update()
#5 C:\xampp\htdocs\Bus-Reservation-System\vendor\codeigniter4\framework\system\BaseModel.php(1027): CodeIgniter\Model->doUpdate(Array, Array)
#6 C:\xampp\htdocs\Bus-Reservation-System\vendor\codeigniter4\framework\system\Model.php(863): CodeIgniter\BaseModel->update(Array, Array)
#7 C:\xampp\htdocs\Bus-Reservation-System\app\Controllers\Auth.php(137): CodeIgniter\Model->update('10', Array)
#8 C:\xampp\htdocs\Bus-Reservation-System\vendor\codeigniter4\framework\system\CodeIgniter.php(933): App\Controllers\Auth->updateProfile()
#9 C:\xampp\htdocs\Bus-Reservation-System\vendor\codeigniter4\framework\system\CodeIgniter.php(507): CodeIgniter\CodeIgniter->runController(Object(App\Controllers\Auth))
#10 C:\xampp\htdocs\Bus-Reservation-System\vendor\codeigniter4\framework\system\CodeIgniter.php(354): CodeIgniter\CodeIgniter->handleRequest(NULL, Object(Config\Cache), false)
#11 C:\xampp\htdocs\Bus-Reservation-System\system\Boot.php(334): CodeIgniter\CodeIgniter->run()
#12 C:\xampp\htdocs\Bus-Reservation-System\system\Boot.php(67): CodeIgniter\Boot::runCodeIgniter(Object(CodeIgniter\CodeIgniter))
#13 C:\xampp\htdocs\Bus-Reservation-System\index.php(56): CodeIgniter\Boot::bootWeb(Object(Config\Paths))
#14 {main}
CRITICAL - 2025-09-10 13:04:10 --> CodeIgniter\Database\Exceptions\DatabaseException: Unknown column 'users.id' in 'where clause'
[Method: POST, Route: updateProfile]
in FCPATH\vendor\codeigniter4\framework\system\Database\BaseConnection.php on line 692.
 1 FCPATH\vendor\codeigniter4\framework\system\Database\BaseBuilder.php(2521): CodeIgniter\Database\BaseConnection->query('UPDATE `users` SET `name` = :name:, `contact_no` = :contact_no:, `email` = :email:, `updated_at` = :updated_at:, `password` = :password:
WHERE `users`.`id` IN :users.id:', [...], false)
 2 FCPATH\vendor\codeigniter4\framework\system\Model.php(461): CodeIgniter\Database\BaseBuilder->update()
 3 FCPATH\vendor\codeigniter4\framework\system\BaseModel.php(1027): CodeIgniter\Model->doUpdate([...], [...])
 4 FCPATH\vendor\codeigniter4\framework\system\Model.php(863): CodeIgniter\BaseModel->update([...], [...])
 5 APPPATH\Controllers\Auth.php(137): CodeIgniter\Model->update('10', [...])
 6 FCPATH\vendor\codeigniter4\framework\system\CodeIgniter.php(933): App\Controllers\Auth->updateProfile()
 7 FCPATH\vendor\codeigniter4\framework\system\CodeIgniter.php(507): CodeIgniter\CodeIgniter->runController(Object(App\Controllers\Auth))
 8 FCPATH\vendor\codeigniter4\framework\system\CodeIgniter.php(354): CodeIgniter\CodeIgniter->handleRequest(null, Object(Config\Cache), false)
 9 SYSTEMPATH\Boot.php(334): CodeIgniter\CodeIgniter->run()
10 SYSTEMPATH\Boot.php(67): CodeIgniter\Boot::runCodeIgniter(Object(CodeIgniter\CodeIgniter))
11 FCPATH\index.php(56): CodeIgniter\Boot::bootWeb(Object(Config\Paths))
CRITICAL - 2025-09-10 13:04:10 --> [Caused by] CodeIgniter\Database\Exceptions\DatabaseException: Unknown column 'users.id' in 'where clause'
in FCPATH\vendor\codeigniter4\framework\system\Database\MySQLi\Connection.php on line 332.
 1 FCPATH\vendor\codeigniter4\framework\system\Database\BaseConnection.php(738): CodeIgniter\Database\MySQLi\Connection->execute('UPDATE `users` SET `name` = \'Clarck Cruz\', `contact_no` = \'9122137559\', `email` = \'clarck@gmail.com\', `updated_at` = \'2025-09-10 13:04:10\', `password` = \'$2y$10$31i71zQy6PhIHtT.NtvVTelOdoHphV3iPrMDHe.u8FmNLVuBeyK3.\'
WHERE `users`.`id` IN (\'10\')')
 2 FCPATH\vendor\codeigniter4\framework\system\Database\BaseConnection.php(652): CodeIgniter\Database\BaseConnection->simpleQuery('UPDATE `users` SET `name` = \'Clarck Cruz\', `contact_no` = \'9122137559\', `email` = \'clarck@gmail.com\', `updated_at` = \'2025-09-10 13:04:10\', `password` = \'$2y$10$31i71zQy6PhIHtT.NtvVTelOdoHphV3iPrMDHe.u8FmNLVuBeyK3.\'
WHERE `users`.`id` IN (\'10\')')
 3 FCPATH\vendor\codeigniter4\framework\system\Database\BaseBuilder.php(2521): CodeIgniter\Database\BaseConnection->query('UPDATE `users` SET `name` = :name:, `contact_no` = :contact_no:, `email` = :email:, `updated_at` = :updated_at:, `password` = :password:
WHERE `users`.`id` IN :users.id:', [...], false)
 4 FCPATH\vendor\codeigniter4\framework\system\Model.php(461): CodeIgniter\Database\BaseBuilder->update()
 5 FCPATH\vendor\codeigniter4\framework\system\BaseModel.php(1027): CodeIgniter\Model->doUpdate([...], [...])
 6 FCPATH\vendor\codeigniter4\framework\system\Model.php(863): CodeIgniter\BaseModel->update([...], [...])
 7 APPPATH\Controllers\Auth.php(137): CodeIgniter\Model->update('10', [...])
 8 FCPATH\vendor\codeigniter4\framework\system\CodeIgniter.php(933): App\Controllers\Auth->updateProfile()
 9 FCPATH\vendor\codeigniter4\framework\system\CodeIgniter.php(507): CodeIgniter\CodeIgniter->runController(Object(App\Controllers\Auth))
10 FCPATH\vendor\codeigniter4\framework\system\CodeIgniter.php(354): CodeIgniter\CodeIgniter->handleRequest(null, Object(Config\Cache), false)
11 SYSTEMPATH\Boot.php(334): CodeIgniter\CodeIgniter->run()
12 SYSTEMPATH\Boot.php(67): CodeIgniter\Boot::runCodeIgniter(Object(CodeIgniter\CodeIgniter))
13 FCPATH\index.php(56): CodeIgniter\Boot::bootWeb(Object(Config\Paths))
CRITICAL - 2025-09-10 13:04:10 --> [Caused by] mysqli_sql_exception: Unknown column 'users.id' in 'where clause'
in FCPATH\vendor\codeigniter4\framework\system\Database\MySQLi\Connection.php on line 327.
 1 FCPATH\vendor\codeigniter4\framework\system\Database\MySQLi\Connection.php(327): mysqli->query('UPDATE `users` SET `name` = \'Clarck Cruz\', `contact_no` = \'9122137559\', `email` = \'clarck@gmail.com\', `updated_at` = \'2025-09-10 13:04:10\', `password` = \'$2y$10$31i71zQy6PhIHtT.NtvVTelOdoHphV3iPrMDHe.u8FmNLVuBeyK3.\'
WHERE `users`.`id` IN (\'10\')', 0)
 2 FCPATH\vendor\codeigniter4\framework\system\Database\BaseConnection.php(738): CodeIgniter\Database\MySQLi\Connection->execute('UPDATE `users` SET `name` = \'Clarck Cruz\', `contact_no` = \'9122137559\', `email` = \'clarck@gmail.com\', `updated_at` = \'2025-09-10 13:04:10\', `password` = \'$2y$10$31i71zQy6PhIHtT.NtvVTelOdoHphV3iPrMDHe.u8FmNLVuBeyK3.\'
WHERE `users`.`id` IN (\'10\')')
 3 FCPATH\vendor\codeigniter4\framework\system\Database\BaseConnection.php(652): CodeIgniter\Database\BaseConnection->simpleQuery('UPDATE `users` SET `name` = \'Clarck Cruz\', `contact_no` = \'9122137559\', `email` = \'clarck@gmail.com\', `updated_at` = \'2025-09-10 13:04:10\', `password` = \'$2y$10$31i71zQy6PhIHtT.NtvVTelOdoHphV3iPrMDHe.u8FmNLVuBeyK3.\'
WHERE `users`.`id` IN (\'10\')')
 4 FCPATH\vendor\codeigniter4\framework\system\Database\BaseBuilder.php(2521): CodeIgniter\Database\BaseConnection->query('UPDATE `users` SET `name` = :name:, `contact_no` = :contact_no:, `email` = :email:, `updated_at` = :updated_at:, `password` = :password:
WHERE `users`.`id` IN :users.id:', [...], false)
 5 FCPATH\vendor\codeigniter4\framework\system\Model.php(461): CodeIgniter\Database\BaseBuilder->update()
 6 FCPATH\vendor\codeigniter4\framework\system\BaseModel.php(1027): CodeIgniter\Model->doUpdate([...], [...])
 7 FCPATH\vendor\codeigniter4\framework\system\Model.php(863): CodeIgniter\BaseModel->update([...], [...])
 8 APPPATH\Controllers\Auth.php(137): CodeIgniter\Model->update('10', [...])
 9 FCPATH\vendor\codeigniter4\framework\system\CodeIgniter.php(933): App\Controllers\Auth->updateProfile()
10 FCPATH\vendor\codeigniter4\framework\system\CodeIgniter.php(507): CodeIgniter\CodeIgniter->runController(Object(App\Controllers\Auth))
11 FCPATH\vendor\codeigniter4\framework\system\CodeIgniter.php(354): CodeIgniter\CodeIgniter->handleRequest(null, Object(Config\Cache), false)
12 SYSTEMPATH\Boot.php(334): CodeIgniter\CodeIgniter->run()
13 SYSTEMPATH\Boot.php(67): CodeIgniter\Boot::runCodeIgniter(Object(CodeIgniter\CodeIgniter))
14 FCPATH\index.php(56): CodeIgniter\Boot::bootWeb(Object(Config\Paths))
ERROR - 2025-09-10 13:06:22 --> mysqli_sql_exception: Unknown column 'users.id' in 'where clause' in C:\xampp\htdocs\Bus-Reservation-System\vendor\codeigniter4\framework\system\Database\MySQLi\Connection.php:327
Stack trace:
#0 C:\xampp\htdocs\Bus-Reservation-System\vendor\codeigniter4\framework\system\Database\MySQLi\Connection.php(327): mysqli->query('UPDATE `users` ...', 0)
#1 C:\xampp\htdocs\Bus-Reservation-System\vendor\codeigniter4\framework\system\Database\BaseConnection.php(738): CodeIgniter\Database\MySQLi\Connection->execute('UPDATE `users` ...')
#2 C:\xampp\htdocs\Bus-Reservation-System\vendor\codeigniter4\framework\system\Database\BaseConnection.php(652): CodeIgniter\Database\BaseConnection->simpleQuery('UPDATE `users` ...')
#3 C:\xampp\htdocs\Bus-Reservation-System\vendor\codeigniter4\framework\system\Database\BaseBuilder.php(2521): CodeIgniter\Database\BaseConnection->query('UPDATE `users` ...', Array, false)
#4 C:\xampp\htdocs\Bus-Reservation-System\vendor\codeigniter4\framework\system\Model.php(461): CodeIgniter\Database\BaseBuilder->update()
#5 C:\xampp\htdocs\Bus-Reservation-System\vendor\codeigniter4\framework\system\BaseModel.php(1027): CodeIgniter\Model->doUpdate(Array, Array)
#6 C:\xampp\htdocs\Bus-Reservation-System\vendor\codeigniter4\framework\system\Model.php(863): CodeIgniter\BaseModel->update(Array, Array)
#7 C:\xampp\htdocs\Bus-Reservation-System\app\Controllers\Auth.php(137): CodeIgniter\Model->update('10', Array)
#8 C:\xampp\htdocs\Bus-Reservation-System\vendor\codeigniter4\framework\system\CodeIgniter.php(933): App\Controllers\Auth->updateProfile()
#9 C:\xampp\htdocs\Bus-Reservation-System\vendor\codeigniter4\framework\system\CodeIgniter.php(507): CodeIgniter\CodeIgniter->runController(Object(App\Controllers\Auth))
#10 C:\xampp\htdocs\Bus-Reservation-System\vendor\codeigniter4\framework\system\CodeIgniter.php(354): CodeIgniter\CodeIgniter->handleRequest(NULL, Object(Config\Cache), false)
#11 C:\xampp\htdocs\Bus-Reservation-System\system\Boot.php(334): CodeIgniter\CodeIgniter->run()
#12 C:\xampp\htdocs\Bus-Reservation-System\system\Boot.php(67): CodeIgniter\Boot::runCodeIgniter(Object(CodeIgniter\CodeIgniter))
#13 C:\xampp\htdocs\Bus-Reservation-System\index.php(56): CodeIgniter\Boot::bootWeb(Object(Config\Paths))
#14 {main}
CRITICAL - 2025-09-10 13:06:22 --> CodeIgniter\Database\Exceptions\DatabaseException: Unknown column 'users.id' in 'where clause'
[Method: POST, Route: updateProfile]
in FCPATH\vendor\codeigniter4\framework\system\Database\BaseConnection.php on line 692.
 1 FCPATH\vendor\codeigniter4\framework\system\Database\BaseBuilder.php(2521): CodeIgniter\Database\BaseConnection->query('UPDATE `users` SET `name` = :name:, `contact_no` = :contact_no:, `email` = :email:, `updated_at` = :updated_at:, `password` = :password:
WHERE `users`.`id` IN :users.id:', [...], false)
 2 FCPATH\vendor\codeigniter4\framework\system\Model.php(461): CodeIgniter\Database\BaseBuilder->update()
 3 FCPATH\vendor\codeigniter4\framework\system\BaseModel.php(1027): CodeIgniter\Model->doUpdate([...], [...])
 4 FCPATH\vendor\codeigniter4\framework\system\Model.php(863): CodeIgniter\BaseModel->update([...], [...])
 5 APPPATH\Controllers\Auth.php(137): CodeIgniter\Model->update('10', [...])
 6 FCPATH\vendor\codeigniter4\framework\system\CodeIgniter.php(933): App\Controllers\Auth->updateProfile()
 7 FCPATH\vendor\codeigniter4\framework\system\CodeIgniter.php(507): CodeIgniter\CodeIgniter->runController(Object(App\Controllers\Auth))
 8 FCPATH\vendor\codeigniter4\framework\system\CodeIgniter.php(354): CodeIgniter\CodeIgniter->handleRequest(null, Object(Config\Cache), false)
 9 SYSTEMPATH\Boot.php(334): CodeIgniter\CodeIgniter->run()
10 SYSTEMPATH\Boot.php(67): CodeIgniter\Boot::runCodeIgniter(Object(CodeIgniter\CodeIgniter))
11 FCPATH\index.php(56): CodeIgniter\Boot::bootWeb(Object(Config\Paths))
CRITICAL - 2025-09-10 13:06:22 --> [Caused by] CodeIgniter\Database\Exceptions\DatabaseException: Unknown column 'users.id' in 'where clause'
in FCPATH\vendor\codeigniter4\framework\system\Database\MySQLi\Connection.php on line 332.
 1 FCPATH\vendor\codeigniter4\framework\system\Database\BaseConnection.php(738): CodeIgniter\Database\MySQLi\Connection->execute('UPDATE `users` SET `name` = \'Clarck Cruz\', `contact_no` = \'9122137559\', `email` = \'clarck@gmail.com\', `updated_at` = \'2025-09-10 13:06:22\', `password` = \'$2y$10$jnhSZb3yfoVCMKraiG47Su0v/pAXSN5nT1An4653tKzuQzN1wdh0u\'
WHERE `users`.`id` IN (\'10\')')
 2 FCPATH\vendor\codeigniter4\framework\system\Database\BaseConnection.php(652): CodeIgniter\Database\BaseConnection->simpleQuery('UPDATE `users` SET `name` = \'Clarck Cruz\', `contact_no` = \'9122137559\', `email` = \'clarck@gmail.com\', `updated_at` = \'2025-09-10 13:06:22\', `password` = \'$2y$10$jnhSZb3yfoVCMKraiG47Su0v/pAXSN5nT1An4653tKzuQzN1wdh0u\'
WHERE `users`.`id` IN (\'10\')')
 3 FCPATH\vendor\codeigniter4\framework\system\Database\BaseBuilder.php(2521): CodeIgniter\Database\BaseConnection->query('UPDATE `users` SET `name` = :name:, `contact_no` = :contact_no:, `email` = :email:, `updated_at` = :updated_at:, `password` = :password:
WHERE `users`.`id` IN :users.id:', [...], false)
 4 FCPATH\vendor\codeigniter4\framework\system\Model.php(461): CodeIgniter\Database\BaseBuilder->update()
 5 FCPATH\vendor\codeigniter4\framework\system\BaseModel.php(1027): CodeIgniter\Model->doUpdate([...], [...])
 6 FCPATH\vendor\codeigniter4\framework\system\Model.php(863): CodeIgniter\BaseModel->update([...], [...])
 7 APPPATH\Controllers\Auth.php(137): CodeIgniter\Model->update('10', [...])
 8 FCPATH\vendor\codeigniter4\framework\system\CodeIgniter.php(933): App\Controllers\Auth->updateProfile()
 9 FCPATH\vendor\codeigniter4\framework\system\CodeIgniter.php(507): CodeIgniter\CodeIgniter->runController(Object(App\Controllers\Auth))
10 FCPATH\vendor\codeigniter4\framework\system\CodeIgniter.php(354): CodeIgniter\CodeIgniter->handleRequest(null, Object(Config\Cache), false)
11 SYSTEMPATH\Boot.php(334): CodeIgniter\CodeIgniter->run()
12 SYSTEMPATH\Boot.php(67): CodeIgniter\Boot::runCodeIgniter(Object(CodeIgniter\CodeIgniter))
13 FCPATH\index.php(56): CodeIgniter\Boot::bootWeb(Object(Config\Paths))
CRITICAL - 2025-09-10 13:06:22 --> [Caused by] mysqli_sql_exception: Unknown column 'users.id' in 'where clause'
in FCPATH\vendor\codeigniter4\framework\system\Database\MySQLi\Connection.php on line 327.
 1 FCPATH\vendor\codeigniter4\framework\system\Database\MySQLi\Connection.php(327): mysqli->query('UPDATE `users` SET `name` = \'Clarck Cruz\', `contact_no` = \'9122137559\', `email` = \'clarck@gmail.com\', `updated_at` = \'2025-09-10 13:06:22\', `password` = \'$2y$10$jnhSZb3yfoVCMKraiG47Su0v/pAXSN5nT1An4653tKzuQzN1wdh0u\'
WHERE `users`.`id` IN (\'10\')', 0)
 2 FCPATH\vendor\codeigniter4\framework\system\Database\BaseConnection.php(738): CodeIgniter\Database\MySQLi\Connection->execute('UPDATE `users` SET `name` = \'Clarck Cruz\', `contact_no` = \'9122137559\', `email` = \'clarck@gmail.com\', `updated_at` = \'2025-09-10 13:06:22\', `password` = \'$2y$10$jnhSZb3yfoVCMKraiG47Su0v/pAXSN5nT1An4653tKzuQzN1wdh0u\'
WHERE `users`.`id` IN (\'10\')')
 3 FCPATH\vendor\codeigniter4\framework\system\Database\BaseConnection.php(652): CodeIgniter\Database\BaseConnection->simpleQuery('UPDATE `users` SET `name` = \'Clarck Cruz\', `contact_no` = \'9122137559\', `email` = \'clarck@gmail.com\', `updated_at` = \'2025-09-10 13:06:22\', `password` = \'$2y$10$jnhSZb3yfoVCMKraiG47Su0v/pAXSN5nT1An4653tKzuQzN1wdh0u\'
WHERE `users`.`id` IN (\'10\')')
 4 FCPATH\vendor\codeigniter4\framework\system\Database\BaseBuilder.php(2521): CodeIgniter\Database\BaseConnection->query('UPDATE `users` SET `name` = :name:, `contact_no` = :contact_no:, `email` = :email:, `updated_at` = :updated_at:, `password` = :password:
WHERE `users`.`id` IN :users.id:', [...], false)
 5 FCPATH\vendor\codeigniter4\framework\system\Model.php(461): CodeIgniter\Database\BaseBuilder->update()
 6 FCPATH\vendor\codeigniter4\framework\system\BaseModel.php(1027): CodeIgniter\Model->doUpdate([...], [...])
 7 FCPATH\vendor\codeigniter4\framework\system\Model.php(863): CodeIgniter\BaseModel->update([...], [...])
 8 APPPATH\Controllers\Auth.php(137): CodeIgniter\Model->update('10', [...])
 9 FCPATH\vendor\codeigniter4\framework\system\CodeIgniter.php(933): App\Controllers\Auth->updateProfile()
10 FCPATH\vendor\codeigniter4\framework\system\CodeIgniter.php(507): CodeIgniter\CodeIgniter->runController(Object(App\Controllers\Auth))
11 FCPATH\vendor\codeigniter4\framework\system\CodeIgniter.php(354): CodeIgniter\CodeIgniter->handleRequest(null, Object(Config\Cache), false)
12 SYSTEMPATH\Boot.php(334): CodeIgniter\CodeIgniter->run()
13 SYSTEMPATH\Boot.php(67): CodeIgniter\Boot::runCodeIgniter(Object(CodeIgniter\CodeIgniter))
14 FCPATH\index.php(56): CodeIgniter\Boot::bootWeb(Object(Config\Paths))
CRITICAL - 2025-09-10 13:13:05 --> ErrorException: Undefined array key "id"
[Method: GET, Route: /]
in APPPATH\Views\home.php on line 547.
 1 APPPATH\Views\home.php(547): CodeIgniter\Debug\Exceptions->errorHandler(2, 'Undefined array key "id"', 'C:\\xampp\\htdocs\\Bus-Reservation-System\\app\\Views\\home.php', 547)
 2 FCPATH\vendor\codeigniter4\framework\system\View\View.php(224): include('C:\\xampp\\htdocs\\Bus-Reservation-System\\app\\Views\\home.php')
 3 FCPATH\vendor\codeigniter4\framework\system\View\View.php(227): CodeIgniter\View\View->CodeIgniter\View\{closure}()
 4 SYSTEMPATH\Common.php(1173): CodeIgniter\View\View->render('home', [], true)
 5 APPPATH\Controllers\Home.php(18): view('home')
 6 FCPATH\vendor\codeigniter4\framework\system\CodeIgniter.php(933): App\Controllers\Home->index()
 7 FCPATH\vendor\codeigniter4\framework\system\CodeIgniter.php(507): CodeIgniter\CodeIgniter->runController(Object(App\Controllers\Home))
 8 FCPATH\vendor\codeigniter4\framework\system\CodeIgniter.php(354): CodeIgniter\CodeIgniter->handleRequest(null, Object(Config\Cache), false)
 9 SYSTEMPATH\Boot.php(334): CodeIgniter\CodeIgniter->run()
10 SYSTEMPATH\Boot.php(67): CodeIgniter\Boot::runCodeIgniter(Object(CodeIgniter\CodeIgniter))
11 FCPATH\index.php(56): CodeIgniter\Boot::bootWeb(Object(Config\Paths))
CRITICAL - 2025-09-10 13:14:47 --> ErrorException: Undefined array key "id"
[Method: GET, Route: my_bookings]
in SYSTEMPATH\Helpers\my_bookings_helper.php on line 14.
 1 SYSTEMPATH\Helpers\my_bookings_helper.php(14): CodeIgniter\Debug\Exceptions->errorHandler(2, 'Undefined array key "id"', 'C:\\xampp\\htdocs\\Bus-Reservation-System\\system\\Helpers\\my_bookings_helper.php', 14)
 2 APPPATH\Views\my_bookings.php(103): getMyBookings()
 3 FCPATH\vendor\codeigniter4\framework\system\View\View.php(224): include('C:\\xampp\\htdocs\\Bus-Reservation-System\\app\\Views\\my_bookings.php')
 4 FCPATH\vendor\codeigniter4\framework\system\View\View.php(227): CodeIgniter\View\View->CodeIgniter\View\{closure}()
 5 SYSTEMPATH\Common.php(1173): CodeIgniter\View\View->render('my_bookings', [], true)
 6 APPPATH\Controllers\Home.php(44): view('my_bookings')
 7 FCPATH\vendor\codeigniter4\framework\system\CodeIgniter.php(933): App\Controllers\Home->my_bookings()
 8 FCPATH\vendor\codeigniter4\framework\system\CodeIgniter.php(507): CodeIgniter\CodeIgniter->runController(Object(App\Controllers\Home))
 9 FCPATH\vendor\codeigniter4\framework\system\CodeIgniter.php(354): CodeIgniter\CodeIgniter->handleRequest(null, Object(Config\Cache), false)
10 SYSTEMPATH\Boot.php(334): CodeIgniter\CodeIgniter->run()
11 SYSTEMPATH\Boot.php(67): CodeIgniter\Boot::runCodeIgniter(Object(CodeIgniter\CodeIgniter))
12 FCPATH\index.php(56): CodeIgniter\Boot::bootWeb(Object(Config\Paths))
CRITICAL - 2025-09-10 13:14:57 --> ErrorException: Undefined array key "id"
[Method: GET, Route: /]
in APPPATH\Views\home.php on line 547.
 1 APPPATH\Views\home.php(547): CodeIgniter\Debug\Exceptions->errorHandler(2, 'Undefined array key "id"', 'C:\\xampp\\htdocs\\Bus-Reservation-System\\app\\Views\\home.php', 547)
 2 FCPATH\vendor\codeigniter4\framework\system\View\View.php(224): include('C:\\xampp\\htdocs\\Bus-Reservation-System\\app\\Views\\home.php')
 3 FCPATH\vendor\codeigniter4\framework\system\View\View.php(227): CodeIgniter\View\View->CodeIgniter\View\{closure}()
 4 SYSTEMPATH\Common.php(1173): CodeIgniter\View\View->render('home', [], true)
 5 APPPATH\Controllers\Home.php(18): view('home')
 6 FCPATH\vendor\codeigniter4\framework\system\CodeIgniter.php(933): App\Controllers\Home->index()
 7 FCPATH\vendor\codeigniter4\framework\system\CodeIgniter.php(507): CodeIgniter\CodeIgniter->runController(Object(App\Controllers\Home))
 8 FCPATH\vendor\codeigniter4\framework\system\CodeIgniter.php(354): CodeIgniter\CodeIgniter->handleRequest(null, Object(Config\Cache), false)
 9 SYSTEMPATH\Boot.php(334): CodeIgniter\CodeIgniter->run()
10 SYSTEMPATH\Boot.php(67): CodeIgniter\Boot::runCodeIgniter(Object(CodeIgniter\CodeIgniter))
11 FCPATH\index.php(56): CodeIgniter\Boot::bootWeb(Object(Config\Paths))
CRITICAL - 2025-09-10 13:15:54 --> ErrorException: Undefined array key "id"
[Method: GET, Route: /]
in APPPATH\Views\home.php on line 547.
 1 APPPATH\Views\home.php(547): CodeIgniter\Debug\Exceptions->errorHandler(2, 'Undefined array key "id"', 'C:\\xampp\\htdocs\\Bus-Reservation-System\\app\\Views\\home.php', 547)
 2 FCPATH\vendor\codeigniter4\framework\system\View\View.php(224): include('C:\\xampp\\htdocs\\Bus-Reservation-System\\app\\Views\\home.php')
 3 FCPATH\vendor\codeigniter4\framework\system\View\View.php(227): CodeIgniter\View\View->CodeIgniter\View\{closure}()
 4 SYSTEMPATH\Common.php(1173): CodeIgniter\View\View->render('home', [], true)
 5 APPPATH\Controllers\Home.php(18): view('home')
 6 FCPATH\vendor\codeigniter4\framework\system\CodeIgniter.php(933): App\Controllers\Home->index()
 7 FCPATH\vendor\codeigniter4\framework\system\CodeIgniter.php(507): CodeIgniter\CodeIgniter->runController(Object(App\Controllers\Home))
 8 FCPATH\vendor\codeigniter4\framework\system\CodeIgniter.php(354): CodeIgniter\CodeIgniter->handleRequest(null, Object(Config\Cache), false)
 9 SYSTEMPATH\Boot.php(334): CodeIgniter\CodeIgniter->run()
10 SYSTEMPATH\Boot.php(67): CodeIgniter\Boot::runCodeIgniter(Object(CodeIgniter\CodeIgniter))
11 FCPATH\index.php(56): CodeIgniter\Boot::bootWeb(Object(Config\Paths))
CRITICAL - 2025-09-10 13:15:56 --> ErrorException: Undefined array key "id"
[Method: GET, Route: /]
in APPPATH\Views\home.php on line 547.
 1 APPPATH\Views\home.php(547): CodeIgniter\Debug\Exceptions->errorHandler(2, 'Undefined array key "id"', 'C:\\xampp\\htdocs\\Bus-Reservation-System\\app\\Views\\home.php', 547)
 2 FCPATH\vendor\codeigniter4\framework\system\View\View.php(224): include('C:\\xampp\\htdocs\\Bus-Reservation-System\\app\\Views\\home.php')
 3 FCPATH\vendor\codeigniter4\framework\system\View\View.php(227): CodeIgniter\View\View->CodeIgniter\View\{closure}()
 4 SYSTEMPATH\Common.php(1173): CodeIgniter\View\View->render('home', [], true)
 5 APPPATH\Controllers\Home.php(18): view('home')
 6 FCPATH\vendor\codeigniter4\framework\system\CodeIgniter.php(933): App\Controllers\Home->index()
 7 FCPATH\vendor\codeigniter4\framework\system\CodeIgniter.php(507): CodeIgniter\CodeIgniter->runController(Object(App\Controllers\Home))
 8 FCPATH\vendor\codeigniter4\framework\system\CodeIgniter.php(354): CodeIgniter\CodeIgniter->handleRequest(null, Object(Config\Cache), false)
 9 SYSTEMPATH\Boot.php(334): CodeIgniter\CodeIgniter->run()
10 SYSTEMPATH\Boot.php(67): CodeIgniter\Boot::runCodeIgniter(Object(CodeIgniter\CodeIgniter))
11 FCPATH\index.php(56): CodeIgniter\Boot::bootWeb(Object(Config\Paths))
CRITICAL - 2025-09-10 13:15:57 --> ErrorException: Undefined array key "id"
[Method: GET, Route: /]
in APPPATH\Views\home.php on line 547.
 1 APPPATH\Views\home.php(547): CodeIgniter\Debug\Exceptions->errorHandler(2, 'Undefined array key "id"', 'C:\\xampp\\htdocs\\Bus-Reservation-System\\app\\Views\\home.php', 547)
 2 FCPATH\vendor\codeigniter4\framework\system\View\View.php(224): include('C:\\xampp\\htdocs\\Bus-Reservation-System\\app\\Views\\home.php')
 3 FCPATH\vendor\codeigniter4\framework\system\View\View.php(227): CodeIgniter\View\View->CodeIgniter\View\{closure}()
 4 SYSTEMPATH\Common.php(1173): CodeIgniter\View\View->render('home', [], true)
 5 APPPATH\Controllers\Home.php(18): view('home')
 6 FCPATH\vendor\codeigniter4\framework\system\CodeIgniter.php(933): App\Controllers\Home->index()
 7 FCPATH\vendor\codeigniter4\framework\system\CodeIgniter.php(507): CodeIgniter\CodeIgniter->runController(Object(App\Controllers\Home))
 8 FCPATH\vendor\codeigniter4\framework\system\CodeIgniter.php(354): CodeIgniter\CodeIgniter->handleRequest(null, Object(Config\Cache), false)
 9 SYSTEMPATH\Boot.php(334): CodeIgniter\CodeIgniter->run()
10 SYSTEMPATH\Boot.php(67): CodeIgniter\Boot::runCodeIgniter(Object(CodeIgniter\CodeIgniter))
11 FCPATH\index.php(56): CodeIgniter\Boot::bootWeb(Object(Config\Paths))
CRITICAL - 2025-09-10 13:15:58 --> ErrorException: Undefined array key "id"
[Method: GET, Route: /]
in APPPATH\Views\home.php on line 547.
 1 APPPATH\Views\home.php(547): CodeIgniter\Debug\Exceptions->errorHandler(2, 'Undefined array key "id"', 'C:\\xampp\\htdocs\\Bus-Reservation-System\\app\\Views\\home.php', 547)
 2 FCPATH\vendor\codeigniter4\framework\system\View\View.php(224): include('C:\\xampp\\htdocs\\Bus-Reservation-System\\app\\Views\\home.php')
 3 FCPATH\vendor\codeigniter4\framework\system\View\View.php(227): CodeIgniter\View\View->CodeIgniter\View\{closure}()
 4 SYSTEMPATH\Common.php(1173): CodeIgniter\View\View->render('home', [], true)
 5 APPPATH\Controllers\Home.php(18): view('home')
 6 FCPATH\vendor\codeigniter4\framework\system\CodeIgniter.php(933): App\Controllers\Home->index()
 7 FCPATH\vendor\codeigniter4\framework\system\CodeIgniter.php(507): CodeIgniter\CodeIgniter->runController(Object(App\Controllers\Home))
 8 FCPATH\vendor\codeigniter4\framework\system\CodeIgniter.php(354): CodeIgniter\CodeIgniter->handleRequest(null, Object(Config\Cache), false)
 9 SYSTEMPATH\Boot.php(334): CodeIgniter\CodeIgniter->run()
10 SYSTEMPATH\Boot.php(67): CodeIgniter\Boot::runCodeIgniter(Object(CodeIgniter\CodeIgniter))
11 FCPATH\index.php(56): CodeIgniter\Boot::bootWeb(Object(Config\Paths))
CRITICAL - 2025-09-10 13:16:00 --> ErrorException: Undefined array key "id"
[Method: GET, Route: /]
in APPPATH\Views\home.php on line 547.
 1 APPPATH\Views\home.php(547): CodeIgniter\Debug\Exceptions->errorHandler(2, 'Undefined array key "id"', 'C:\\xampp\\htdocs\\Bus-Reservation-System\\app\\Views\\home.php', 547)
 2 FCPATH\vendor\codeigniter4\framework\system\View\View.php(224): include('C:\\xampp\\htdocs\\Bus-Reservation-System\\app\\Views\\home.php')
 3 FCPATH\vendor\codeigniter4\framework\system\View\View.php(227): CodeIgniter\View\View->CodeIgniter\View\{closure}()
 4 SYSTEMPATH\Common.php(1173): CodeIgniter\View\View->render('home', [], true)
 5 APPPATH\Controllers\Home.php(18): view('home')
 6 FCPATH\vendor\codeigniter4\framework\system\CodeIgniter.php(933): App\Controllers\Home->index()
 7 FCPATH\vendor\codeigniter4\framework\system\CodeIgniter.php(507): CodeIgniter\CodeIgniter->runController(Object(App\Controllers\Home))
 8 FCPATH\vendor\codeigniter4\framework\system\CodeIgniter.php(354): CodeIgniter\CodeIgniter->handleRequest(null, Object(Config\Cache), false)
 9 SYSTEMPATH\Boot.php(334): CodeIgniter\CodeIgniter->run()
10 SYSTEMPATH\Boot.php(67): CodeIgniter\Boot::runCodeIgniter(Object(CodeIgniter\CodeIgniter))
11 FCPATH\index.php(56): CodeIgniter\Boot::bootWeb(Object(Config\Paths))
CRITICAL - 2025-09-10 13:16:01 --> ErrorException: Undefined array key "id"
[Method: GET, Route: /]
in APPPATH\Views\home.php on line 547.
 1 APPPATH\Views\home.php(547): CodeIgniter\Debug\Exceptions->errorHandler(2, 'Undefined array key "id"', 'C:\\xampp\\htdocs\\Bus-Reservation-System\\app\\Views\\home.php', 547)
 2 FCPATH\vendor\codeigniter4\framework\system\View\View.php(224): include('C:\\xampp\\htdocs\\Bus-Reservation-System\\app\\Views\\home.php')
 3 FCPATH\vendor\codeigniter4\framework\system\View\View.php(227): CodeIgniter\View\View->CodeIgniter\View\{closure}()
 4 SYSTEMPATH\Common.php(1173): CodeIgniter\View\View->render('home', [], true)
 5 APPPATH\Controllers\Home.php(18): view('home')
 6 FCPATH\vendor\codeigniter4\framework\system\CodeIgniter.php(933): App\Controllers\Home->index()
 7 FCPATH\vendor\codeigniter4\framework\system\CodeIgniter.php(507): CodeIgniter\CodeIgniter->runController(Object(App\Controllers\Home))
 8 FCPATH\vendor\codeigniter4\framework\system\CodeIgniter.php(354): CodeIgniter\CodeIgniter->handleRequest(null, Object(Config\Cache), false)
 9 SYSTEMPATH\Boot.php(334): CodeIgniter\CodeIgniter->run()
10 SYSTEMPATH\Boot.php(67): CodeIgniter\Boot::runCodeIgniter(Object(CodeIgniter\CodeIgniter))
11 FCPATH\index.php(56): CodeIgniter\Boot::bootWeb(Object(Config\Paths))
CRITICAL - 2025-09-10 13:16:02 --> ErrorException: Undefined array key "id"
[Method: GET, Route: /]
in APPPATH\Views\home.php on line 547.
 1 APPPATH\Views\home.php(547): CodeIgniter\Debug\Exceptions->errorHandler(2, 'Undefined array key "id"', 'C:\\xampp\\htdocs\\Bus-Reservation-System\\app\\Views\\home.php', 547)
 2 FCPATH\vendor\codeigniter4\framework\system\View\View.php(224): include('C:\\xampp\\htdocs\\Bus-Reservation-System\\app\\Views\\home.php')
 3 FCPATH\vendor\codeigniter4\framework\system\View\View.php(227): CodeIgniter\View\View->CodeIgniter\View\{closure}()
 4 SYSTEMPATH\Common.php(1173): CodeIgniter\View\View->render('home', [], true)
 5 APPPATH\Controllers\Home.php(18): view('home')
 6 FCPATH\vendor\codeigniter4\framework\system\CodeIgniter.php(933): App\Controllers\Home->index()
 7 FCPATH\vendor\codeigniter4\framework\system\CodeIgniter.php(507): CodeIgniter\CodeIgniter->runController(Object(App\Controllers\Home))
 8 FCPATH\vendor\codeigniter4\framework\system\CodeIgniter.php(354): CodeIgniter\CodeIgniter->handleRequest(null, Object(Config\Cache), false)
 9 SYSTEMPATH\Boot.php(334): CodeIgniter\CodeIgniter->run()
10 SYSTEMPATH\Boot.php(67): CodeIgniter\Boot::runCodeIgniter(Object(CodeIgniter\CodeIgniter))
11 FCPATH\index.php(56): CodeIgniter\Boot::bootWeb(Object(Config\Paths))
CRITICAL - 2025-09-10 13:16:03 --> ErrorException: Undefined array key "id"
[Method: GET, Route: /]
in APPPATH\Views\home.php on line 547.
 1 APPPATH\Views\home.php(547): CodeIgniter\Debug\Exceptions->errorHandler(2, 'Undefined array key "id"', 'C:\\xampp\\htdocs\\Bus-Reservation-System\\app\\Views\\home.php', 547)
 2 FCPATH\vendor\codeigniter4\framework\system\View\View.php(224): include('C:\\xampp\\htdocs\\Bus-Reservation-System\\app\\Views\\home.php')
 3 FCPATH\vendor\codeigniter4\framework\system\View\View.php(227): CodeIgniter\View\View->CodeIgniter\View\{closure}()
 4 SYSTEMPATH\Common.php(1173): CodeIgniter\View\View->render('home', [], true)
 5 APPPATH\Controllers\Home.php(18): view('home')
 6 FCPATH\vendor\codeigniter4\framework\system\CodeIgniter.php(933): App\Controllers\Home->index()
 7 FCPATH\vendor\codeigniter4\framework\system\CodeIgniter.php(507): CodeIgniter\CodeIgniter->runController(Object(App\Controllers\Home))
 8 FCPATH\vendor\codeigniter4\framework\system\CodeIgniter.php(354): CodeIgniter\CodeIgniter->handleRequest(null, Object(Config\Cache), false)
 9 SYSTEMPATH\Boot.php(334): CodeIgniter\CodeIgniter->run()
10 SYSTEMPATH\Boot.php(67): CodeIgniter\Boot::runCodeIgniter(Object(CodeIgniter\CodeIgniter))
11 FCPATH\index.php(56): CodeIgniter\Boot::bootWeb(Object(Config\Paths))
CRITICAL - 2025-09-10 13:16:04 --> ErrorException: Undefined array key "id"
[Method: GET, Route: /]
in APPPATH\Views\home.php on line 547.
 1 APPPATH\Views\home.php(547): CodeIgniter\Debug\Exceptions->errorHandler(2, 'Undefined array key "id"', 'C:\\xampp\\htdocs\\Bus-Reservation-System\\app\\Views\\home.php', 547)
 2 FCPATH\vendor\codeigniter4\framework\system\View\View.php(224): include('C:\\xampp\\htdocs\\Bus-Reservation-System\\app\\Views\\home.php')
 3 FCPATH\vendor\codeigniter4\framework\system\View\View.php(227): CodeIgniter\View\View->CodeIgniter\View\{closure}()
 4 SYSTEMPATH\Common.php(1173): CodeIgniter\View\View->render('home', [], true)
 5 APPPATH\Controllers\Home.php(18): view('home')
 6 FCPATH\vendor\codeigniter4\framework\system\CodeIgniter.php(933): App\Controllers\Home->index()
 7 FCPATH\vendor\codeigniter4\framework\system\CodeIgniter.php(507): CodeIgniter\CodeIgniter->runController(Object(App\Controllers\Home))
 8 FCPATH\vendor\codeigniter4\framework\system\CodeIgniter.php(354): CodeIgniter\CodeIgniter->handleRequest(null, Object(Config\Cache), false)
 9 SYSTEMPATH\Boot.php(334): CodeIgniter\CodeIgniter->run()
10 SYSTEMPATH\Boot.php(67): CodeIgniter\Boot::runCodeIgniter(Object(CodeIgniter\CodeIgniter))
11 FCPATH\index.php(56): CodeIgniter\Boot::bootWeb(Object(Config\Paths))
CRITICAL - 2025-09-10 13:16:05 --> ErrorException: Undefined array key "id"
[Method: GET, Route: /]
in APPPATH\Views\home.php on line 547.
 1 APPPATH\Views\home.php(547): CodeIgniter\Debug\Exceptions->errorHandler(2, 'Undefined array key "id"', 'C:\\xampp\\htdocs\\Bus-Reservation-System\\app\\Views\\home.php', 547)
 2 FCPATH\vendor\codeigniter4\framework\system\View\View.php(224): include('C:\\xampp\\htdocs\\Bus-Reservation-System\\app\\Views\\home.php')
 3 FCPATH\vendor\codeigniter4\framework\system\View\View.php(227): CodeIgniter\View\View->CodeIgniter\View\{closure}()
 4 SYSTEMPATH\Common.php(1173): CodeIgniter\View\View->render('home', [], true)
 5 APPPATH\Controllers\Home.php(18): view('home')
 6 FCPATH\vendor\codeigniter4\framework\system\CodeIgniter.php(933): App\Controllers\Home->index()
 7 FCPATH\vendor\codeigniter4\framework\system\CodeIgniter.php(507): CodeIgniter\CodeIgniter->runController(Object(App\Controllers\Home))
 8 FCPATH\vendor\codeigniter4\framework\system\CodeIgniter.php(354): CodeIgniter\CodeIgniter->handleRequest(null, Object(Config\Cache), false)
 9 SYSTEMPATH\Boot.php(334): CodeIgniter\CodeIgniter->run()
10 SYSTEMPATH\Boot.php(67): CodeIgniter\Boot::runCodeIgniter(Object(CodeIgniter\CodeIgniter))
11 FCPATH\index.php(56): CodeIgniter\Boot::bootWeb(Object(Config\Paths))
CRITICAL - 2025-09-10 13:16:06 --> ErrorException: Undefined array key "id"
[Method: GET, Route: /]
in APPPATH\Views\home.php on line 547.
 1 APPPATH\Views\home.php(547): CodeIgniter\Debug\Exceptions->errorHandler(2, 'Undefined array key "id"', 'C:\\xampp\\htdocs\\Bus-Reservation-System\\app\\Views\\home.php', 547)
 2 FCPATH\vendor\codeigniter4\framework\system\View\View.php(224): include('C:\\xampp\\htdocs\\Bus-Reservation-System\\app\\Views\\home.php')
 3 FCPATH\vendor\codeigniter4\framework\system\View\View.php(227): CodeIgniter\View\View->CodeIgniter\View\{closure}()
 4 SYSTEMPATH\Common.php(1173): CodeIgniter\View\View->render('home', [], true)
 5 APPPATH\Controllers\Home.php(18): view('home')
 6 FCPATH\vendor\codeigniter4\framework\system\CodeIgniter.php(933): App\Controllers\Home->index()
 7 FCPATH\vendor\codeigniter4\framework\system\CodeIgniter.php(507): CodeIgniter\CodeIgniter->runController(Object(App\Controllers\Home))
 8 FCPATH\vendor\codeigniter4\framework\system\CodeIgniter.php(354): CodeIgniter\CodeIgniter->handleRequest(null, Object(Config\Cache), false)
 9 SYSTEMPATH\Boot.php(334): CodeIgniter\CodeIgniter->run()
10 SYSTEMPATH\Boot.php(67): CodeIgniter\Boot::runCodeIgniter(Object(CodeIgniter\CodeIgniter))
11 FCPATH\index.php(56): CodeIgniter\Boot::bootWeb(Object(Config\Paths))
CRITICAL - 2025-09-10 13:16:07 --> ErrorException: Undefined array key "id"
[Method: GET, Route: /]
in APPPATH\Views\home.php on line 547.
 1 APPPATH\Views\home.php(547): CodeIgniter\Debug\Exceptions->errorHandler(2, 'Undefined array key "id"', 'C:\\xampp\\htdocs\\Bus-Reservation-System\\app\\Views\\home.php', 547)
 2 FCPATH\vendor\codeigniter4\framework\system\View\View.php(224): include('C:\\xampp\\htdocs\\Bus-Reservation-System\\app\\Views\\home.php')
 3 FCPATH\vendor\codeigniter4\framework\system\View\View.php(227): CodeIgniter\View\View->CodeIgniter\View\{closure}()
 4 SYSTEMPATH\Common.php(1173): CodeIgniter\View\View->render('home', [], true)
 5 APPPATH\Controllers\Home.php(18): view('home')
 6 FCPATH\vendor\codeigniter4\framework\system\CodeIgniter.php(933): App\Controllers\Home->index()
 7 FCPATH\vendor\codeigniter4\framework\system\CodeIgniter.php(507): CodeIgniter\CodeIgniter->runController(Object(App\Controllers\Home))
 8 FCPATH\vendor\codeigniter4\framework\system\CodeIgniter.php(354): CodeIgniter\CodeIgniter->handleRequest(null, Object(Config\Cache), false)
 9 SYSTEMPATH\Boot.php(334): CodeIgniter\CodeIgniter->run()
10 SYSTEMPATH\Boot.php(67): CodeIgniter\Boot::runCodeIgniter(Object(CodeIgniter\CodeIgniter))
11 FCPATH\index.php(56): CodeIgniter\Boot::bootWeb(Object(Config\Paths))
CRITICAL - 2025-09-10 13:28:11 --> ErrorException: Undefined array key "id"
[Method: GET, Route: my_bookings]
in SYSTEMPATH\Helpers\my_bookings_helper.php on line 14.
 1 SYSTEMPATH\Helpers\my_bookings_helper.php(14): CodeIgniter\Debug\Exceptions->errorHandler(2, 'Undefined array key "id"', 'C:\\xampp\\htdocs\\Bus-Reservation-System\\system\\Helpers\\my_bookings_helper.php', 14)
 2 APPPATH\Views\my_bookings.php(103): getMyBookings()
 3 FCPATH\vendor\codeigniter4\framework\system\View\View.php(224): include('C:\\xampp\\htdocs\\Bus-Reservation-System\\app\\Views\\my_bookings.php')
 4 FCPATH\vendor\codeigniter4\framework\system\View\View.php(227): CodeIgniter\View\View->CodeIgniter\View\{closure}()
 5 SYSTEMPATH\Common.php(1173): CodeIgniter\View\View->render('my_bookings', [], true)
 6 APPPATH\Controllers\Home.php(44): view('my_bookings')
 7 FCPATH\vendor\codeigniter4\framework\system\CodeIgniter.php(933): App\Controllers\Home->my_bookings()
 8 FCPATH\vendor\codeigniter4\framework\system\CodeIgniter.php(507): CodeIgniter\CodeIgniter->runController(Object(App\Controllers\Home))
 9 FCPATH\vendor\codeigniter4\framework\system\CodeIgniter.php(354): CodeIgniter\CodeIgniter->handleRequest(null, Object(Config\Cache), false)
10 SYSTEMPATH\Boot.php(334): CodeIgniter\CodeIgniter->run()
11 SYSTEMPATH\Boot.php(67): CodeIgniter\Boot::runCodeIgniter(Object(CodeIgniter\CodeIgniter))
12 FCPATH\index.php(56): CodeIgniter\Boot::bootWeb(Object(Config\Paths))
CRITICAL - 2025-09-10 13:28:44 --> ErrorException: Undefined array key "id"
[Method: GET, Route: my_bookings]
in SYSTEMPATH\Helpers\my_bookings_helper.php on line 14.
 1 SYSTEMPATH\Helpers\my_bookings_helper.php(14): CodeIgniter\Debug\Exceptions->errorHandler(2, 'Undefined array key "id"', 'C:\\xampp\\htdocs\\Bus-Reservation-System\\system\\Helpers\\my_bookings_helper.php', 14)
 2 APPPATH\Views\my_bookings.php(103): getMyBookings()
 3 FCPATH\vendor\codeigniter4\framework\system\View\View.php(224): include('C:\\xampp\\htdocs\\Bus-Reservation-System\\app\\Views\\my_bookings.php')
 4 FCPATH\vendor\codeigniter4\framework\system\View\View.php(227): CodeIgniter\View\View->CodeIgniter\View\{closure}()
 5 SYSTEMPATH\Common.php(1173): CodeIgniter\View\View->render('my_bookings', [], true)
 6 APPPATH\Controllers\Home.php(44): view('my_bookings')
 7 FCPATH\vendor\codeigniter4\framework\system\CodeIgniter.php(933): App\Controllers\Home->my_bookings()
 8 FCPATH\vendor\codeigniter4\framework\system\CodeIgniter.php(507): CodeIgniter\CodeIgniter->runController(Object(App\Controllers\Home))
 9 FCPATH\vendor\codeigniter4\framework\system\CodeIgniter.php(354): CodeIgniter\CodeIgniter->handleRequest(null, Object(Config\Cache), false)
10 SYSTEMPATH\Boot.php(334): CodeIgniter\CodeIgniter->run()
11 SYSTEMPATH\Boot.php(67): CodeIgniter\Boot::runCodeIgniter(Object(CodeIgniter\CodeIgniter))
12 FCPATH\index.php(56): CodeIgniter\Boot::bootWeb(Object(Config\Paths))
CRITICAL - 2025-09-10 13:28:52 --> ErrorException: Undefined array key "id"
[Method: GET, Route: my_bookings]
in SYSTEMPATH\Helpers\my_bookings_helper.php on line 14.
 1 SYSTEMPATH\Helpers\my_bookings_helper.php(14): CodeIgniter\Debug\Exceptions->errorHandler(2, 'Undefined array key "id"', 'C:\\xampp\\htdocs\\Bus-Reservation-System\\system\\Helpers\\my_bookings_helper.php', 14)
 2 APPPATH\Views\my_bookings.php(103): getMyBookings()
 3 FCPATH\vendor\codeigniter4\framework\system\View\View.php(224): include('C:\\xampp\\htdocs\\Bus-Reservation-System\\app\\Views\\my_bookings.php')
 4 FCPATH\vendor\codeigniter4\framework\system\View\View.php(227): CodeIgniter\View\View->CodeIgniter\View\{closure}()
 5 SYSTEMPATH\Common.php(1173): CodeIgniter\View\View->render('my_bookings', [], true)
 6 APPPATH\Controllers\Home.php(44): view('my_bookings')
 7 FCPATH\vendor\codeigniter4\framework\system\CodeIgniter.php(933): App\Controllers\Home->my_bookings()
 8 FCPATH\vendor\codeigniter4\framework\system\CodeIgniter.php(507): CodeIgniter\CodeIgniter->runController(Object(App\Controllers\Home))
 9 FCPATH\vendor\codeigniter4\framework\system\CodeIgniter.php(354): CodeIgniter\CodeIgniter->handleRequest(null, Object(Config\Cache), false)
10 SYSTEMPATH\Boot.php(334): CodeIgniter\CodeIgniter->run()
11 SYSTEMPATH\Boot.php(67): CodeIgniter\Boot::runCodeIgniter(Object(CodeIgniter\CodeIgniter))
12 FCPATH\index.php(56): CodeIgniter\Boot::bootWeb(Object(Config\Paths))
